# CAD assembly coordinates, converted from millimeters to meters
v -0.056000000 -0.010000000 0.005000000
v 0.056000000 -0.010000000 0.010000000
v -0.056000000 -0.010000000 0.010000000
v 0.056000000 -0.010000000 0.005000000
v -0.056000000 0.045000000 0.010000000
v -0.056000000 0.045000000 0.077000000
v -0.056000000 0.050000000 0.077000000
v -0.056000000 0.050000000 0.005000000
v 0.056000000 0.006020870 0.005000000
v 0.056000000 0.006020870 0.010000000
v 0.055704297 0.006052996 0.005000000
v 0.055410550 0.006099737 0.005000000
v 0.055119480 0.006160979 0.005000000
v 0.054831803 0.006236571 0.005000000
v 0.044500000 0.000500000 0.005000000
v 0.052084120 0.007937981 0.005000000
v 0.052290854 0.007724127 0.005000000
v 0.052507932 0.007520782 0.005000000
v 0.052734821 0.007328445 0.005000000
v 0.052970963 0.007147589 0.005000000
v 0.053215778 0.006978657 0.005000000
v 0.053468664 0.006822066 0.005000000
v 0.053729000 0.006678200 0.005000000
v 0.053996146 0.006547412 0.005000000
v 0.054269445 0.006430025 0.005000000
v 0.054548226 0.006326326 0.005000000
v 0.051888238 0.008161817 0.005000000
v 0.051703690 0.008395085 0.005000000
v 0.044500000 0.009500000 0.005000000
v 0.051087465 0.014589298 0.005000000
v 0.050965794 0.014317878 0.005000000
v 0.050857723 0.014040763 0.005000000
v 0.050763519 0.013758632 0.005000000
v 0.050683413 0.013472179 0.005000000
v 0.050617601 0.013182109 0.005000000
v 0.050566245 0.012889133 0.005000000
v 0.050529473 0.012593972 0.005000000
v 0.050507373 0.012297351 0.005000000
v 0.050500000 0.012000000 0.005000000
v 0.050507373 0.011702649 0.005000000
v 0.050529473 0.011406028 0.005000000
v 0.050566245 0.011110867 0.005000000
v 0.050617601 0.010817891 0.005000000
v 0.050683413 0.010527821 0.005000000
v 0.050763519 0.010241368 0.005000000
v 0.050857723 0.009959237 0.005000000
v 0.050965794 0.009682122 0.005000000
v 0.051087465 0.009410702 0.005000000
v 0.051222437 0.009145647 0.005000000
v 0.051370380 0.008887605 0.005000000
v 0.051530929 0.008637213 0.005000000
v 0.032345766 0.019823447 0.005000000
v 0.032234358 0.019709226 0.005000000
v 0.032117395 0.019600700 0.005000000
v 0.032451342 0.019943080 0.005000000
v 0.031995167 0.019498139 0.005000000
v 0.032550824 0.020067826 0.005000000
v 0.031867980 0.019401798 0.005000000
v 0.032643964 0.020197376 0.005000000
v 0.031736148 0.019311917 0.005000000
v 0.032730531 0.020331407 0.005000000
v 0.031600000 0.019228719 0.005000000
v 0.032810309 0.020469587 0.005000000
v 0.031459874 0.019152410 0.005000000
v 0.032883100 0.020611572 0.005000000
v 0.031316119 0.019083181 0.005000000
v 0.032948724 0.020757009 0.005000000
v 0.031169091 0.019021204 0.005000000
v 0.033007016 0.020905536 0.005000000
v 0.031019157 0.018966632 0.005000000
v 0.033057833 0.021056783 0.005000000
v 0.030866689 0.018919602 0.005000000
v 0.033101047 0.021210376 0.005000000
v 0.051222437 0.014854353 0.005000000
v 0.030712067 0.018880231 0.005000000
v 0.033136552 0.021365932 0.005000000
v 0.030555674 0.018848615 0.005000000
v 0.033164259 0.021523065 0.005000000
v 0.051370380 0.015112395 0.005000000
v 0.030397900 0.018824835 0.005000000
v 0.033184098 0.021681383 0.005000000
v 0.051530929 0.015362787 0.005000000
v 0.030239136 0.018808948 0.005000000
v 0.033196022 0.021840493 0.005000000
v 0.051703690 0.015604915 0.005000000
v 0.033200000 0.022000000 0.005000000
v 0.051888238 0.015838183 0.005000000
v 0.033196022 0.022159507 0.005000000
v 0.052084120 0.016062019 0.005000000
v 0.033184098 0.022318617 0.005000000
v 0.033164259 0.022476935 0.005000000
v 0.052290854 0.016275873 0.005000000
v 0.033136552 0.022634068 0.005000000
v 0.052507932 0.016479218 0.005000000
v 0.033101047 0.022789624 0.005000000
v 0.052734821 0.016671555 0.005000000
v 0.033057833 0.022943217 0.005000000
v 0.052970963 0.016852411 0.005000000
v 0.033007016 0.023094464 0.005000000
v 0.053215778 0.017021343 0.005000000
v 0.032948724 0.023242991 0.005000000
v 0.032883100 0.023388428 0.005000000
v 0.053468664 0.017177934 0.005000000
v 0.056000000 0.050000000 0.005000000
v 0.056000000 0.017979130 0.005000000
v 0.055704297 0.017947004 0.005000000
v 0.055410550 0.017900263 0.005000000
v 0.055119480 0.017839021 0.005000000
v 0.054831803 0.017763429 0.005000000
v 0.032234358 0.035709226 0.005000000
v 0.032234358 0.024290774 0.005000000
v 0.032117395 0.024399300 0.005000000
v 0.032345766 0.035823447 0.005000000
v 0.032345766 0.024176553 0.005000000
v 0.032117395 0.035600700 0.005000000
v 0.032451342 0.035943080 0.005000000
v 0.032550824 0.023932174 0.005000000
v 0.032451342 0.024056920 0.005000000
v 0.031995167 0.035498139 0.005000000
v 0.031995167 0.024501861 0.005000000
v 0.032550824 0.036067826 0.005000000
v 0.031867980 0.035401798 0.005000000
v 0.031867980 0.024598202 0.005000000
v 0.032643964 0.036197376 0.005000000
v 0.032643964 0.023802624 0.005000000
v 0.031736148 0.035311917 0.005000000
v 0.031736148 0.024688083 0.005000000
v 0.032730531 0.036331407 0.005000000
v 0.032810309 0.023530413 0.005000000
v 0.032730531 0.023668593 0.005000000
v 0.031600000 0.035228719 0.005000000
v 0.031600000 0.024771281 0.005000000
v 0.031459874 0.024847590 0.005000000
v 0.032810309 0.036469587 0.005000000
v 0.031459874 0.035152410 0.005000000
v 0.032883100 0.036611572 0.005000000
v 0.053729000 0.017321800 0.005000000
v 0.031316119 0.035083181 0.005000000
v 0.031316119 0.024916819 0.005000000
v 0.031169091 0.024978796 0.005000000
v 0.032948724 0.036757009 0.005000000
v 0.053996146 0.017452588 0.005000000
v 0.031169091 0.035021204 0.005000000
v 0.033007016 0.036905536 0.005000000
v 0.054269445 0.017569975 0.005000000
v 0.031019157 0.034966632 0.005000000
v 0.031019157 0.025033368 0.005000000
v 0.033057833 0.037056783 0.005000000
v 0.030866689 0.034919602 0.005000000
v 0.030866689 0.025080398 0.005000000
v 0.033101047 0.037210376 0.005000000
v 0.054548226 0.017673674 0.005000000
v 0.030712067 0.034880231 0.005000000
v 0.030712067 0.025119769 0.005000000
v 0.033136552 0.037365932 0.005000000
v 0.030555674 0.034848615 0.005000000
v 0.030555674 0.025151385 0.005000000
v 0.033164259 0.037523065 0.005000000
v 0.030397900 0.034824835 0.005000000
v 0.030397900 0.025175165 0.005000000
v 0.033184098 0.037681383 0.005000000
v 0.030239136 0.034808948 0.005000000
v 0.030239136 0.025191052 0.005000000
v 0.030079778 0.025199005 0.005000000
v 0.033196022 0.037840493 0.005000000
v 0.030079778 0.034800995 0.005000000
v 0.033200000 0.038000000 0.005000000
v 0.029920222 0.034800995 0.005000000
v 0.029920222 0.025199005 0.005000000
v 0.029760864 0.025191052 0.005000000
v 0.033196022 0.038159507 0.005000000
v 0.029760864 0.034808948 0.005000000
v 0.033184098 0.038318617 0.005000000
v 0.029602100 0.034824835 0.005000000
v 0.029602100 0.025175165 0.005000000
v 0.033164259 0.038476935 0.005000000
v 0.029444326 0.034848615 0.005000000
v 0.029444326 0.025151385 0.005000000
v 0.033136552 0.038634068 0.005000000
v 0.029287933 0.034880231 0.005000000
v 0.029287933 0.025119769 0.005000000
v 0.033101047 0.038789624 0.005000000
v 0.029133311 0.034919602 0.005000000
v 0.029133311 0.025080398 0.005000000
v 0.033057833 0.038943217 0.005000000
v 0.028980843 0.034966632 0.005000000
v 0.028980843 0.025033368 0.005000000
v 0.033007016 0.039094464 0.005000000
v 0.028830909 0.035021204 0.005000000
v 0.028830909 0.024978796 0.005000000
v 0.028683881 0.024916819 0.005000000
v 0.032948724 0.039242991 0.005000000
v 0.028683881 0.035083181 0.005000000
v 0.032883100 0.039388428 0.005000000
v 0.028540126 0.035152410 0.005000000
v 0.028540126 0.024847590 0.005000000
v 0.032810309 0.039530413 0.005000000
v 0.028400000 0.035228719 0.005000000
v 0.028400000 0.024771281 0.005000000
v 0.032730531 0.039668593 0.005000000
v 0.028263852 0.035311917 0.005000000
v 0.028263852 0.024688083 0.005000000
v 0.032643964 0.039802624 0.005000000
v 0.028132020 0.035401798 0.005000000
v 0.028132020 0.024598202 0.005000000
v 0.028004833 0.024501861 0.005000000
v 0.032550824 0.039932174 0.005000000
v 0.028004833 0.035498139 0.005000000
v 0.027882605 0.024399300 0.005000000
v 0.032451342 0.040056920 0.005000000
v 0.027882605 0.035600700 0.005000000
v 0.027765642 0.024290774 0.005000000
v 0.032345766 0.040176553 0.005000000
v 0.027765642 0.035709226 0.005000000
v 0.027654234 0.024176553 0.005000000
v 0.032234358 0.040290774 0.005000000
v 0.027654234 0.035823447 0.005000000
v 0.027548658 0.024056920 0.005000000
v 0.032117395 0.040399300 0.005000000
v 0.027548658 0.035943080 0.005000000
v 0.027449176 0.023932174 0.005000000
v 0.031995167 0.040501861 0.005000000
v 0.027449176 0.036067826 0.005000000
v 0.027356036 0.023802624 0.005000000
v 0.031867980 0.040598202 0.005000000
v 0.027356036 0.036197376 0.005000000
v 0.031736148 0.040688083 0.005000000
v 0.027269469 0.036331407 0.005000000
v 0.027269469 0.023668593 0.005000000
v 0.031600000 0.040771281 0.005000000
v 0.027189691 0.036469587 0.005000000
v 0.027189691 0.023530413 0.005000000
v 0.027116900 0.023388428 0.005000000
v 0.031459874 0.040847590 0.005000000
v 0.027116900 0.036611572 0.005000000
v 0.031316119 0.040916819 0.005000000
v 0.027051276 0.036757009 0.005000000
v 0.027051276 0.023242991 0.005000000
v 0.026992984 0.023094464 0.005000000
v 0.031169091 0.040978796 0.005000000
v 0.026992984 0.036905536 0.005000000
v 0.026942167 0.022943217 0.005000000
v 0.031019157 0.041033368 0.005000000
v 0.026942167 0.037056783 0.005000000
v 0.026898953 0.022789624 0.005000000
v 0.030866689 0.041080398 0.005000000
v 0.026898953 0.037210376 0.005000000
v 0.030712067 0.041119769 0.005000000
v 0.030555674 0.041151385 0.005000000
v 0.030397900 0.041175165 0.005000000
v 0.030239136 0.041191052 0.005000000
v 0.030079778 0.041199005 0.005000000
v 0.029920222 0.041199005 0.005000000
v 0.029760864 0.041191052 0.005000000
v 0.029602100 0.041175165 0.005000000
v -0.034500000 0.000500000 0.005000000
v -0.034500000 0.009500000 0.005000000
v -0.028132020 0.019401798 0.005000000
v -0.028004833 0.019498139 0.005000000
v -0.027356036 0.020197376 0.005000000
v 0.027269469 0.020331407 0.005000000
v 0.027356036 0.020197376 0.005000000
v 0.027449176 0.020067826 0.005000000
v -0.027449176 0.020067826 0.005000000
v -0.028263852 0.019311917 0.005000000
v -0.027269469 0.020331407 0.005000000
v 0.027189691 0.020469587 0.005000000
v -0.028400000 0.019228719 0.005000000
v -0.027189691 0.020469587 0.005000000
v 0.027116900 0.020611572 0.005000000
v -0.028540126 0.019152410 0.005000000
v -0.027116900 0.020611572 0.005000000
v 0.027051276 0.020757009 0.005000000
v -0.028683881 0.019083181 0.005000000
v -0.027051276 0.020757009 0.005000000
v 0.026992984 0.020905536 0.005000000
v -0.028830909 0.019021204 0.005000000
v -0.026992984 0.020905536 0.005000000
v -0.028980843 0.018966632 0.005000000
v -0.026942167 0.021056783 0.005000000
v 0.026898953 0.021210376 0.005000000
v 0.026942167 0.021056783 0.005000000
v -0.029133311 0.018919602 0.005000000
v -0.026898953 0.021210376 0.005000000
v 0.026863448 0.021365932 0.005000000
v -0.029287933 0.018880231 0.005000000
v -0.026863448 0.021365932 0.005000000
v -0.029444326 0.018848615 0.005000000
v -0.026835741 0.021523065 0.005000000
v 0.026815902 0.021681383 0.005000000
v 0.026835741 0.021523065 0.005000000
v -0.029602100 0.018824835 0.005000000
v -0.026815902 0.021681383 0.005000000
v -0.029760864 0.018808948 0.005000000
v -0.026803978 0.021840493 0.005000000
v 0.026803978 0.021840493 0.005000000
v -0.029920222 0.018800995 0.005000000
v -0.026800000 0.022000000 0.005000000
v 0.026800000 0.022000000 0.005000000
v -0.030079778 0.018800995 0.005000000
v -0.026803978 0.022159507 0.005000000
v 0.026803978 0.022159507 0.005000000
v -0.030239136 0.018808948 0.005000000
v -0.026815902 0.022318617 0.005000000
v 0.026835741 0.022476935 0.005000000
v 0.026815902 0.022318617 0.005000000
v -0.030397900 0.018824835 0.005000000
v -0.026835741 0.022476935 0.005000000
v -0.030555674 0.018848615 0.005000000
v -0.026863448 0.022634068 0.005000000
v 0.026863448 0.022634068 0.005000000
v -0.030712067 0.018880231 0.005000000
v -0.026898953 0.022789624 0.005000000
v -0.030866689 0.018919602 0.005000000
v -0.031019157 0.018966632 0.005000000
v -0.031169091 0.019021204 0.005000000
v -0.031316119 0.019083181 0.005000000
v -0.031459874 0.019152410 0.005000000
v -0.031600000 0.019228719 0.005000000
v -0.031736148 0.019311917 0.005000000
v -0.031867980 0.019401798 0.005000000
v -0.031995167 0.019498139 0.005000000
v -0.032117395 0.019600700 0.005000000
v -0.032234358 0.019709226 0.005000000
v -0.032345766 0.019823447 0.005000000
v -0.032451342 0.019943080 0.005000000
v -0.032550824 0.020067826 0.005000000
v -0.032643964 0.020197376 0.005000000
v -0.032730531 0.020331407 0.005000000
v -0.032810309 0.020469587 0.005000000
v -0.032883100 0.020611572 0.005000000
v -0.032948724 0.020757009 0.005000000
v -0.033007016 0.020905536 0.005000000
v -0.033057833 0.021056783 0.005000000
v -0.033101047 0.021210376 0.005000000
v -0.033136552 0.021365932 0.005000000
v -0.033164259 0.021523065 0.005000000
v -0.033184098 0.021681383 0.005000000
v -0.033196022 0.021840493 0.005000000
v -0.027765642 0.035709226 0.005000000
v -0.027765642 0.024290774 0.005000000
v -0.027882605 0.024399300 0.005000000
v -0.027654234 0.035823447 0.005000000
v -0.027654234 0.024176553 0.005000000
v -0.027882605 0.035600700 0.005000000
v -0.027548658 0.035943080 0.005000000
v -0.027548658 0.024056920 0.005000000
v -0.028004833 0.035498139 0.005000000
v -0.028004833 0.024501861 0.005000000
v -0.028132020 0.024598202 0.005000000
v -0.027449176 0.036067826 0.005000000
v -0.027356036 0.023802624 0.005000000
v -0.027449176 0.023932174 0.005000000
v -0.028132020 0.035401798 0.005000000
v -0.028263852 0.024688083 0.005000000
v -0.027356036 0.036197376 0.005000000
v -0.028263852 0.035311917 0.005000000
v -0.027269469 0.036331407 0.005000000
v -0.027269469 0.023668593 0.005000000
v -0.028400000 0.035228719 0.005000000
v -0.028400000 0.024771281 0.005000000
v -0.028540126 0.024847590 0.005000000
v -0.027189691 0.036469587 0.005000000
v -0.027116900 0.023388428 0.005000000
v -0.027189691 0.023530413 0.005000000
v -0.028540126 0.035152410 0.005000000
v -0.027116900 0.036611572 0.005000000
v -0.028683881 0.035083181 0.005000000
v -0.028683881 0.024916819 0.005000000
v -0.027051276 0.036757009 0.005000000
v -0.027051276 0.023242991 0.005000000
v -0.028830909 0.035021204 0.005000000
v -0.028830909 0.024978796 0.005000000
v -0.028980843 0.025033368 0.005000000
v -0.026992984 0.036905536 0.005000000
v -0.026942167 0.022943217 0.005000000
v -0.026992984 0.023094464 0.005000000
v -0.028980843 0.034966632 0.005000000
v -0.026942167 0.037056783 0.005000000
v -0.029133311 0.034919602 0.005000000
v -0.029133311 0.025080398 0.005000000
v -0.029287933 0.025119769 0.005000000
v -0.026898953 0.037210376 0.005000000
v 0.026863448 0.037365932 0.005000000
v -0.029287933 0.034880231 0.005000000
v -0.026863448 0.037365932 0.005000000
v -0.029444326 0.034848615 0.005000000
v -0.029444326 0.025151385 0.005000000
v -0.029602100 0.025175165 0.005000000
v -0.026835741 0.037523065 0.005000000
v 0.026835741 0.037523065 0.005000000
v -0.029602100 0.034824835 0.005000000
v -0.026815902 0.037681383 0.005000000
v 0.026815902 0.037681383 0.005000000
v -0.029760864 0.034808948 0.005000000
v -0.029760864 0.025191052 0.005000000
v -0.026803978 0.037840493 0.005000000
v 0.026800000 0.038000000 0.005000000
v 0.026803978 0.037840493 0.005000000
v -0.029920222 0.034800995 0.005000000
v -0.029920222 0.025199005 0.005000000
v -0.026800000 0.038000000 0.005000000
v -0.030079778 0.034800995 0.005000000
v -0.030079778 0.025199005 0.005000000
v -0.026803978 0.038159507 0.005000000
v 0.026815902 0.038318617 0.005000000
v 0.026803978 0.038159507 0.005000000
v -0.030239136 0.034808948 0.005000000
v -0.030239136 0.025191052 0.005000000
v -0.030397900 0.025175165 0.005000000
v -0.026815902 0.038318617 0.005000000
v -0.030397900 0.034824835 0.005000000
v -0.030555674 0.025151385 0.005000000
v -0.026835741 0.038476935 0.005000000
v 0.026835741 0.038476935 0.005000000
v -0.030555674 0.034848615 0.005000000
v -0.026863448 0.038634068 0.005000000
v 0.026863448 0.038634068 0.005000000
v -0.030712067 0.034880231 0.005000000
v -0.030712067 0.025119769 0.005000000
v -0.030866689 0.025080398 0.005000000
v -0.026898953 0.038789624 0.005000000
v 0.026898953 0.038789624 0.005000000
v -0.030866689 0.034919602 0.005000000
v -0.031019157 0.025033368 0.005000000
v -0.026942167 0.038943217 0.005000000
v 0.026942167 0.038943217 0.005000000
v -0.031019157 0.034966632 0.005000000
v -0.026992984 0.039094464 0.005000000
v 0.026992984 0.039094464 0.005000000
v -0.031169091 0.035021204 0.005000000
v -0.031169091 0.024978796 0.005000000
v -0.027051276 0.039242991 0.005000000
v 0.027051276 0.039242991 0.005000000
v -0.031316119 0.035083181 0.005000000
v -0.031316119 0.024916819 0.005000000
v -0.031459874 0.024847590 0.005000000
v -0.027116900 0.039388428 0.005000000
v 0.027189691 0.039530413 0.005000000
v 0.027116900 0.039388428 0.005000000
v -0.031459874 0.035152410 0.005000000
v -0.031600000 0.024771281 0.005000000
v -0.027189691 0.039530413 0.005000000
v -0.031600000 0.035228719 0.005000000
v -0.031736148 0.024688083 0.005000000
v -0.027269469 0.039668593 0.005000000
v 0.027269469 0.039668593 0.005000000
v -0.031736148 0.035311917 0.005000000
v -0.031867980 0.024598202 0.005000000
v -0.027356036 0.039802624 0.005000000
v 0.027356036 0.039802624 0.005000000
v -0.031867980 0.035401798 0.005000000
v -0.027449176 0.039932174 0.005000000
v 0.027548658 0.040056920 0.005000000
v 0.027449176 0.039932174 0.005000000
v -0.031995167 0.035498139 0.005000000
v -0.031995167 0.024501861 0.005000000
v -0.032117395 0.024399300 0.005000000
v -0.027548658 0.040056920 0.005000000
v -0.032117395 0.035600700 0.005000000
v -0.027654234 0.040176553 0.005000000
v 0.027654234 0.040176553 0.005000000
v -0.032234358 0.035709226 0.005000000
v -0.032234358 0.024290774 0.005000000
v -0.032345766 0.024176553 0.005000000
v -0.027765642 0.040290774 0.005000000
v 0.027882605 0.040399300 0.005000000
v 0.027765642 0.040290774 0.005000000
v -0.032345766 0.035823447 0.005000000
v -0.027882605 0.040399300 0.005000000
v -0.032451342 0.035943080 0.005000000
v -0.032451342 0.024056920 0.005000000
v -0.028004833 0.040501861 0.005000000
v 0.028004833 0.040501861 0.005000000
v -0.032550824 0.036067826 0.005000000
v -0.032550824 0.023932174 0.005000000
v -0.028132020 0.040598202 0.005000000
v 0.028132020 0.040598202 0.005000000
v -0.032643964 0.036197376 0.005000000
v -0.032643964 0.023802624 0.005000000
v -0.028263852 0.040688083 0.005000000
v 0.028263852 0.040688083 0.005000000
v -0.032730531 0.036331407 0.005000000
v -0.032730531 0.023668593 0.005000000
v -0.028400000 0.040771281 0.005000000
v 0.028400000 0.040771281 0.005000000
v -0.032810309 0.036469587 0.005000000
v -0.032810309 0.023530413 0.005000000
v -0.028540126 0.040847590 0.005000000
v 0.028540126 0.040847590 0.005000000
v -0.032883100 0.036611572 0.005000000
v -0.032883100 0.023388428 0.005000000
v -0.032948724 0.023242991 0.005000000
v -0.032948724 0.036757009 0.005000000
v -0.033007016 0.023094464 0.005000000
v -0.033007016 0.036905536 0.005000000
v -0.029920222 0.041199005 0.005000000
v -0.030079778 0.041199005 0.005000000
v -0.030239136 0.041191052 0.005000000
v -0.030397900 0.041175165 0.005000000
v -0.030555674 0.041151385 0.005000000
v -0.030712067 0.041119769 0.005000000
v -0.030866689 0.041080398 0.005000000
v -0.031019157 0.041033368 0.005000000
v -0.031169091 0.040978796 0.005000000
v -0.031316119 0.040916819 0.005000000
v -0.031459874 0.040847590 0.005000000
v -0.031600000 0.040771281 0.005000000
v -0.031736148 0.040688083 0.005000000
v -0.031867980 0.040598202 0.005000000
v -0.031995167 0.040501861 0.005000000
v -0.032117395 0.040399300 0.005000000
v -0.032234358 0.040290774 0.005000000
v -0.032345766 0.040176553 0.005000000
v -0.032451342 0.040056920 0.005000000
v -0.032550824 0.039932174 0.005000000
v -0.032643964 0.039802624 0.005000000
v -0.032730531 0.039668593 0.005000000
v -0.032810309 0.039530413 0.005000000
v -0.032883100 0.039388428 0.005000000
v -0.032948724 0.039242991 0.005000000
v -0.033007016 0.039094464 0.005000000
v -0.033057833 0.038943217 0.005000000
v -0.033101047 0.038789624 0.005000000
v -0.033136552 0.038634068 0.005000000
v -0.033164259 0.038476935 0.005000000
v -0.033184098 0.038318617 0.005000000
v -0.033196022 0.038159507 0.005000000
v -0.033200000 0.038000000 0.005000000
v -0.033196022 0.037840493 0.005000000
v -0.033184098 0.037681383 0.005000000
v -0.033164259 0.037523065 0.005000000
v -0.033136552 0.037365932 0.005000000
v -0.033101047 0.037210376 0.005000000
v -0.033057833 0.037056783 0.005000000
v -0.033057833 0.022943217 0.005000000
v -0.033101047 0.022789624 0.005000000
v -0.033136552 0.022634068 0.005000000
v -0.033164259 0.022476935 0.005000000
v -0.033184098 0.022318617 0.005000000
v -0.033196022 0.022159507 0.005000000
v -0.033200000 0.022000000 0.005000000
v -0.029602100 0.041175165 0.005000000
v -0.029760864 0.041191052 0.005000000
v 0.029444326 0.041151385 0.005000000
v 0.029287933 0.041119769 0.005000000
v 0.029133311 0.041080398 0.005000000
v 0.028980843 0.041033368 0.005000000
v 0.028830909 0.040978796 0.005000000
v 0.028683881 0.040916819 0.005000000
v -0.029444326 0.041151385 0.005000000
v -0.029287933 0.041119769 0.005000000
v -0.029133311 0.041080398 0.005000000
v -0.028980843 0.041033368 0.005000000
v -0.028830909 0.040978796 0.005000000
v -0.028683881 0.040916819 0.005000000
v 0.029920222 0.018800995 0.005000000
v 0.029760864 0.018808948 0.005000000
v 0.029602100 0.018824835 0.005000000
v 0.029444326 0.018848615 0.005000000
v 0.029287933 0.018880231 0.005000000
v 0.029133311 0.018919602 0.005000000
v 0.028980843 0.018966632 0.005000000
v 0.028830909 0.019021204 0.005000000
v 0.028683881 0.019083181 0.005000000
v 0.028540126 0.019152410 0.005000000
v 0.028400000 0.019228719 0.005000000
v 0.028263852 0.019311917 0.005000000
v 0.028132020 0.019401798 0.005000000
v 0.028004833 0.019498139 0.005000000
v 0.027882605 0.019600700 0.005000000
v 0.027765642 0.019709226 0.005000000
v 0.027654234 0.019823447 0.005000000
v 0.027548658 0.019943080 0.005000000
v -0.027882605 0.019600700 0.005000000
v -0.027765642 0.019709226 0.005000000
v -0.027654234 0.019823447 0.005000000
v -0.027548658 0.019943080 0.005000000
v 0.030079778 0.018800995 0.005000000
v -0.043250000 0.015455882 0.010000000
v -0.034500000 0.000500000 0.010000000
v -0.034500000 0.009500000 0.010000000
v -0.036250000 0.015455882 0.010000000
v -0.032345766 0.019823447 0.010000000
v -0.032234358 0.019709226 0.010000000
v -0.032117395 0.019600700 0.010000000
v -0.032451342 0.019943080 0.010000000
v -0.031995167 0.019498139 0.010000000
v -0.032550824 0.020067826 0.010000000
v -0.031867980 0.019401798 0.010000000
v -0.032643964 0.020197376 0.010000000
v -0.031736148 0.019311917 0.010000000
v -0.032730531 0.020331407 0.010000000
v -0.031600000 0.019228719 0.010000000
v -0.032810309 0.020469587 0.010000000
v -0.031459874 0.019152410 0.010000000
v -0.032883100 0.020611572 0.010000000
v -0.031316119 0.019083181 0.010000000
v -0.032948724 0.020757009 0.010000000
v -0.031169091 0.019021204 0.010000000
v -0.033007016 0.020905536 0.010000000
v -0.031019157 0.018966632 0.010000000
v -0.033057833 0.021056783 0.010000000
v -0.030866689 0.018919602 0.010000000
v -0.033101047 0.021210376 0.010000000
v -0.030712067 0.018880231 0.010000000
v -0.033136552 0.021365932 0.010000000
v -0.030555674 0.018848615 0.010000000
v -0.033164259 0.021523065 0.010000000
v -0.030397900 0.018824835 0.010000000
v -0.033184098 0.021681383 0.010000000
v -0.030239136 0.018808948 0.010000000
v -0.030079778 0.018800995 0.010000000
v -0.029920222 0.018800995 0.010000000
v -0.029760864 0.018808948 0.010000000
v -0.029602100 0.018824835 0.010000000
v -0.029444326 0.018848615 0.010000000
v -0.029287933 0.018880231 0.010000000
v -0.029133311 0.018919602 0.010000000
v -0.028980843 0.018966632 0.010000000
v -0.028830909 0.019021204 0.010000000
v -0.028683881 0.019083181 0.010000000
v -0.028540126 0.019152410 0.010000000
v -0.028400000 0.019228719 0.010000000
v -0.028263852 0.019311917 0.010000000
v -0.028132020 0.019401798 0.010000000
v -0.028004833 0.019498139 0.010000000
v -0.043250000 0.045000000 0.010000000
v -0.032345766 0.035823447 0.010000000
v -0.032345766 0.024176553 0.010000000
v -0.032234358 0.024290774 0.010000000
v -0.032451342 0.024056920 0.010000000
v -0.032234358 0.035709226 0.010000000
v -0.032117395 0.035600700 0.010000000
v -0.032117395 0.024399300 0.010000000
v -0.032451342 0.035943080 0.010000000
v -0.031995167 0.035498139 0.010000000
v -0.031995167 0.024501861 0.010000000
v -0.032550824 0.036067826 0.010000000
v -0.032550824 0.023932174 0.010000000
v -0.032643964 0.023802624 0.010000000
v -0.031867980 0.035401798 0.010000000
v -0.031867980 0.024598202 0.010000000
v -0.032643964 0.036197376 0.010000000
v -0.031736148 0.035311917 0.010000000
v -0.031736148 0.024688083 0.010000000
v -0.032730531 0.036331407 0.010000000
v -0.032730531 0.023668593 0.010000000
v -0.031600000 0.035228719 0.010000000
v -0.031600000 0.024771281 0.010000000
v -0.031459874 0.024847590 0.010000000
v -0.032810309 0.036469587 0.010000000
v -0.032810309 0.023530413 0.010000000
v -0.032883100 0.023388428 0.010000000
v -0.031459874 0.035152410 0.010000000
v -0.031316119 0.024916819 0.010000000
v -0.032883100 0.036611572 0.010000000
v -0.031316119 0.035083181 0.010000000
v -0.031169091 0.035021204 0.010000000
v -0.031169091 0.024978796 0.010000000
v -0.031019157 0.034966632 0.010000000
v -0.031019157 0.025033368 0.010000000
v -0.030866689 0.034919602 0.010000000
v -0.030866689 0.025080398 0.010000000
v -0.030712067 0.025119769 0.010000000
v -0.030712067 0.034880231 0.010000000
v -0.030555674 0.034848615 0.010000000
v -0.030555674 0.025151385 0.010000000
v -0.030397900 0.025175165 0.010000000
v -0.030397900 0.034824835 0.010000000
v -0.030239136 0.034808948 0.010000000
v -0.030239136 0.025191052 0.010000000
v -0.030079778 0.034800995 0.010000000
v -0.030079778 0.025199005 0.010000000
v -0.029920222 0.034800995 0.010000000
v -0.029920222 0.025199005 0.010000000
v -0.029760864 0.025191052 0.010000000
v -0.029760864 0.034808948 0.010000000
v -0.029602100 0.034824835 0.010000000
v -0.029602100 0.025175165 0.010000000
v -0.029444326 0.025151385 0.010000000
v -0.029444326 0.034848615 0.010000000
v -0.029287933 0.025119769 0.010000000
v -0.029287933 0.034880231 0.010000000
v -0.029133311 0.034919602 0.010000000
v -0.029133311 0.025080398 0.010000000
v -0.028980843 0.025033368 0.010000000
v -0.028980843 0.034966632 0.010000000
v -0.028830909 0.035021204 0.010000000
v -0.028830909 0.024978796 0.010000000
v -0.028683881 0.035083181 0.010000000
v -0.028683881 0.024916819 0.010000000
v -0.028540126 0.035152410 0.010000000
v -0.028540126 0.024847590 0.010000000
v -0.028400000 0.024771281 0.010000000
v -0.028400000 0.035228719 0.010000000
v -0.028263852 0.024688083 0.010000000
v -0.028263852 0.035311917 0.010000000
v -0.028132020 0.024598202 0.010000000
v -0.028132020 0.035401798 0.010000000
v -0.028004833 0.035498139 0.010000000
v -0.028004833 0.024501861 0.010000000
v -0.027882605 0.035600700 0.010000000
v -0.027882605 0.024399300 0.010000000
v -0.027765642 0.035709226 0.010000000
v -0.027765642 0.024290774 0.010000000
v -0.027654234 0.024176553 0.010000000
v -0.027654234 0.035823447 0.010000000
v -0.027548658 0.035943080 0.010000000
v -0.027548658 0.024056920 0.010000000
v -0.027449176 0.036067826 0.010000000
v -0.027449176 0.023932174 0.010000000
v -0.027356036 0.023802624 0.010000000
v -0.036250000 0.045000000 0.010000000
v -0.031995167 0.040501861 0.010000000
v -0.031867980 0.040598202 0.010000000
v -0.032117395 0.040399300 0.010000000
v -0.032234358 0.040290774 0.010000000
v -0.032345766 0.040176553 0.010000000
v -0.032451342 0.040056920 0.010000000
v -0.032550824 0.039932174 0.010000000
v -0.032643964 0.039802624 0.010000000
v -0.032730531 0.039668593 0.010000000
v -0.032810309 0.039530413 0.010000000
v -0.032883100 0.039388428 0.010000000
v -0.032948724 0.039242991 0.010000000
v -0.033007016 0.039094464 0.010000000
v -0.033057833 0.038943217 0.010000000
v -0.033101047 0.038789624 0.010000000
v -0.033136552 0.038634068 0.010000000
v -0.033164259 0.038476935 0.010000000
v -0.027356036 0.036197376 0.010000000
v -0.031736148 0.040688083 0.010000000
v -0.027269469 0.036331407 0.010000000
v -0.027269469 0.023668593 0.010000000
v -0.027189691 0.023530413 0.010000000
v -0.031600000 0.040771281 0.010000000
v -0.027189691 0.036469587 0.010000000
v -0.031459874 0.040847590 0.010000000
v -0.027116900 0.036611572 0.010000000
v -0.027116900 0.023388428 0.010000000
v -0.027051276 0.023242991 0.010000000
v -0.031316119 0.040916819 0.010000000
v -0.027051276 0.036757009 0.010000000
v -0.031169091 0.040978796 0.010000000
v -0.026992984 0.036905536 0.010000000
v -0.026992984 0.023094464 0.010000000
v -0.031019157 0.041033368 0.010000000
v -0.026942167 0.037056783 0.010000000
v -0.026942167 0.022943217 0.010000000
v -0.030866689 0.041080398 0.010000000
v -0.026898953 0.037210376 0.010000000
v -0.026898953 0.022789624 0.010000000
v -0.030712067 0.041119769 0.010000000
v -0.030555674 0.041151385 0.010000000
v -0.030397900 0.041175165 0.010000000
v -0.030239136 0.041191052 0.010000000
v -0.030079778 0.041199005 0.010000000
v -0.029920222 0.041199005 0.010000000
v -0.029760864 0.041191052 0.010000000
v -0.029602100 0.041175165 0.010000000
v -0.029444326 0.041151385 0.010000000
v -0.029287933 0.041119769 0.010000000
v -0.029133311 0.041080398 0.010000000
v -0.028980843 0.041033368 0.010000000
v -0.028830909 0.040978796 0.010000000
v -0.028683881 0.040916819 0.010000000
v 0.044500000 0.000500000 0.010000000
v 0.027356036 0.020197376 0.010000000
v -0.027449176 0.020067826 0.010000000
v 0.027449176 0.020067826 0.010000000
v -0.027356036 0.020197376 0.010000000
v 0.027269469 0.020331407 0.010000000
v -0.027269469 0.020331407 0.010000000
v 0.027189691 0.020469587 0.010000000
v -0.027189691 0.020469587 0.010000000
v 0.027116900 0.020611572 0.010000000
v -0.027116900 0.020611572 0.010000000
v 0.027051276 0.020757009 0.010000000
v -0.027051276 0.020757009 0.010000000
v 0.026992984 0.020905536 0.010000000
v -0.026992984 0.020905536 0.010000000
v 0.026942167 0.021056783 0.010000000
v -0.026942167 0.021056783 0.010000000
v 0.026898953 0.021210376 0.010000000
v -0.026898953 0.021210376 0.010000000
v 0.026863448 0.021365932 0.010000000
v -0.026863448 0.021365932 0.010000000
v 0.026835741 0.021523065 0.010000000
v -0.026835741 0.021523065 0.010000000
v 0.026815902 0.021681383 0.010000000
v -0.026815902 0.021681383 0.010000000
v 0.026803978 0.021840493 0.010000000
v -0.026803978 0.021840493 0.010000000
v 0.026800000 0.022000000 0.010000000
v -0.026800000 0.022000000 0.010000000
v -0.026803978 0.022159507 0.010000000
v 0.026803978 0.022159507 0.010000000
v 0.026815902 0.022318617 0.010000000
v -0.026815902 0.022318617 0.010000000
v 0.026835741 0.022476935 0.010000000
v -0.026835741 0.022476935 0.010000000
v -0.026863448 0.022634068 0.010000000
v 0.026863448 0.022634068 0.010000000
v 0.026898953 0.022789624 0.010000000
v 0.036250000 0.015455882 0.010000000
v 0.029287933 0.018880231 0.010000000
v 0.029133311 0.018919602 0.010000000
v 0.029444326 0.018848615 0.010000000
v 0.029602100 0.018824835 0.010000000
v 0.029760864 0.018808948 0.010000000
v 0.029920222 0.018800995 0.010000000
v 0.030079778 0.018800995 0.010000000
v 0.030239136 0.018808948 0.010000000
v 0.030397900 0.018824835 0.010000000
v 0.030555674 0.018848615 0.010000000
v 0.030712067 0.018880231 0.010000000
v 0.030866689 0.018919602 0.010000000
v 0.031019157 0.018966632 0.010000000
v 0.031169091 0.019021204 0.010000000
v 0.031316119 0.019083181 0.010000000
v 0.031459874 0.019152410 0.010000000
v 0.031600000 0.019228719 0.010000000
v 0.031736148 0.019311917 0.010000000
v 0.031867980 0.019401798 0.010000000
v 0.031995167 0.019498139 0.010000000
v 0.032117395 0.019600700 0.010000000
v 0.032234358 0.019709226 0.010000000
v 0.032345766 0.019823447 0.010000000
v 0.032451342 0.019943080 0.010000000
v 0.032550824 0.020067826 0.010000000
v 0.032643964 0.020197376 0.010000000
v 0.032730531 0.020331407 0.010000000
v 0.032810309 0.020469587 0.010000000
v 0.032883100 0.020611572 0.010000000
v 0.032948724 0.020757009 0.010000000
v 0.033007016 0.020905536 0.010000000
v 0.033057833 0.021056783 0.010000000
v 0.033101047 0.021210376 0.010000000
v 0.033136552 0.021365932 0.010000000
v 0.033164259 0.021523065 0.010000000
v 0.033184098 0.021681383 0.010000000
v 0.043250000 0.015455882 0.010000000
v 0.044500000 0.009500000 0.010000000
v 0.052084120 0.007937981 0.010000000
v 0.052290854 0.007724127 0.010000000
v 0.052507932 0.007520782 0.010000000
v 0.051888238 0.008161817 0.010000000
v 0.052734821 0.007328445 0.010000000
v 0.051703690 0.008395085 0.010000000
v 0.052970963 0.007147589 0.010000000
v 0.051530929 0.008637213 0.010000000
v 0.053215778 0.006978657 0.010000000
v 0.051370380 0.008887605 0.010000000
v 0.053468664 0.006822066 0.010000000
v 0.051222437 0.009145647 0.010000000
v 0.053729000 0.006678200 0.010000000
v 0.051087465 0.009410702 0.010000000
v 0.053996146 0.006547412 0.010000000
v 0.050965794 0.009682122 0.010000000
v 0.054269445 0.006430025 0.010000000
v 0.050857723 0.009959237 0.010000000
v 0.054548226 0.006326326 0.010000000
v 0.050763519 0.010241368 0.010000000
v 0.054831803 0.006236571 0.010000000
v 0.050683413 0.010527821 0.010000000
v 0.055119480 0.006160979 0.010000000
v 0.050617601 0.010817891 0.010000000
v 0.055410550 0.006099737 0.010000000
v 0.050566245 0.011110867 0.010000000
v 0.055704297 0.006052996 0.010000000
v 0.050529473 0.011406028 0.010000000
v 0.050507373 0.011702649 0.010000000
v 0.050500000 0.012000000 0.010000000
v 0.050507373 0.012297351 0.010000000
v 0.050529473 0.012593972 0.010000000
v 0.050566245 0.012889133 0.010000000
v 0.027765642 0.035709226 0.010000000
v 0.027654234 0.024176553 0.010000000
v 0.027765642 0.024290774 0.010000000
v 0.027654234 0.035823447 0.010000000
v 0.027548658 0.024056920 0.010000000
v 0.027882605 0.035600700 0.010000000
v 0.027882605 0.024399300 0.010000000
v 0.027548658 0.035943080 0.010000000
v 0.028004833 0.035498139 0.010000000
v 0.028004833 0.024501861 0.010000000
v 0.028132020 0.024598202 0.010000000
v 0.027449176 0.036067826 0.010000000
v 0.027449176 0.023932174 0.010000000
v 0.028132020 0.035401798 0.010000000
v 0.028263852 0.024688083 0.010000000
v 0.027356036 0.036197376 0.010000000
v 0.027356036 0.023802624 0.010000000
v 0.027269469 0.023668593 0.010000000
v 0.028263852 0.035311917 0.010000000
v 0.027269469 0.036331407 0.010000000
v 0.027189691 0.023530413 0.010000000
v 0.028400000 0.035228719 0.010000000
v 0.028400000 0.024771281 0.010000000
v 0.027189691 0.036469587 0.010000000
v 0.028540126 0.035152410 0.010000000
v 0.028540126 0.024847590 0.010000000
v 0.027116900 0.036611572 0.010000000
v 0.027116900 0.023388428 0.010000000
v 0.028683881 0.035083181 0.010000000
v 0.028683881 0.024916819 0.010000000
v 0.050617601 0.013182109 0.010000000
v 0.027051276 0.036757009 0.010000000
v 0.027051276 0.023242991 0.010000000
v 0.028830909 0.035021204 0.010000000
v 0.028830909 0.024978796 0.010000000
v 0.028980843 0.025033368 0.010000000
v 0.026992984 0.036905536 0.010000000
v 0.026992984 0.023094464 0.010000000
v 0.028980843 0.034966632 0.010000000
v 0.026942167 0.037056783 0.010000000
v 0.026942167 0.022943217 0.010000000
v 0.029133311 0.034919602 0.010000000
v 0.029133311 0.025080398 0.010000000
v 0.026898953 0.037210376 0.010000000
v 0.050683413 0.013472179 0.010000000
v 0.029287933 0.034880231 0.010000000
v 0.029287933 0.025119769 0.010000000
v 0.026863448 0.037365932 0.010000000
v -0.026863448 0.037365932 0.010000000
v 0.029444326 0.034848615 0.010000000
v 0.029444326 0.025151385 0.010000000
v 0.026835741 0.037523065 0.010000000
v -0.026835741 0.037523065 0.010000000
v -0.026815902 0.037681383 0.010000000
v 0.029602100 0.034824835 0.010000000
v 0.029602100 0.025175165 0.010000000
v 0.026815902 0.037681383 0.010000000
v 0.050763519 0.013758632 0.010000000
v 0.029760864 0.034808948 0.010000000
v 0.029760864 0.025191052 0.010000000
v 0.026803978 0.037840493 0.010000000
v -0.026803978 0.037840493 0.010000000
v -0.026800000 0.038000000 0.010000000
v 0.029920222 0.034800995 0.010000000
v 0.029920222 0.025199005 0.010000000
v 0.030079778 0.025199005 0.010000000
v 0.026800000 0.038000000 0.010000000
v 0.030079778 0.034800995 0.010000000
v 0.050857723 0.014040763 0.010000000
v 0.026803978 0.038159507 0.010000000
v -0.026803978 0.038159507 0.010000000
v 0.030239136 0.034808948 0.010000000
v 0.030239136 0.025191052 0.010000000
v 0.030397900 0.025175165 0.010000000
v 0.026815902 0.038318617 0.010000000
v -0.026815902 0.038318617 0.010000000
v 0.030397900 0.034824835 0.010000000
v 0.030555674 0.025151385 0.010000000
v 0.050965794 0.014317878 0.010000000
v 0.026835741 0.038476935 0.010000000
v -0.026835741 0.038476935 0.010000000
v -0.026863448 0.038634068 0.010000000
v 0.030555674 0.034848615 0.010000000
v 0.026863448 0.038634068 0.010000000
v 0.030712067 0.034880231 0.010000000
v 0.030712067 0.025119769 0.010000000
v 0.051087465 0.014589298 0.010000000
v 0.026898953 0.038789624 0.010000000
v -0.026898953 0.038789624 0.010000000
v -0.026942167 0.038943217 0.010000000
v 0.030866689 0.034919602 0.010000000
v 0.030866689 0.025080398 0.010000000
v 0.031019157 0.025033368 0.010000000
v 0.026942167 0.038943217 0.010000000
v 0.031019157 0.034966632 0.010000000
v 0.051222437 0.014854353 0.010000000
v 0.026992984 0.039094464 0.010000000
v -0.026992984 0.039094464 0.010000000
v 0.031169091 0.035021204 0.010000000
v 0.031169091 0.024978796 0.010000000
v 0.031316119 0.024916819 0.010000000
v 0.027051276 0.039242991 0.010000000
v -0.027051276 0.039242991 0.010000000
v -0.027116900 0.039388428 0.010000000
v 0.031316119 0.035083181 0.010000000
v 0.051370380 0.015112395 0.010000000
v 0.027116900 0.039388428 0.010000000
v 0.031459874 0.035152410 0.010000000
v 0.031459874 0.024847590 0.010000000
v 0.027189691 0.039530413 0.010000000
v -0.027189691 0.039530413 0.010000000
v 0.031600000 0.035228719 0.010000000
v 0.031600000 0.024771281 0.010000000
v 0.031736148 0.024688083 0.010000000
v 0.051530929 0.015362787 0.010000000
v 0.027269469 0.039668593 0.010000000
v -0.027269469 0.039668593 0.010000000
v -0.027356036 0.039802624 0.010000000
v 0.031736148 0.035311917 0.010000000
v 0.031867980 0.024598202 0.010000000
v 0.027356036 0.039802624 0.010000000
v 0.031867980 0.035401798 0.010000000
v 0.031995167 0.024501861 0.010000000
v 0.051703690 0.015604915 0.010000000
v 0.027449176 0.039932174 0.010000000
v -0.027449176 0.039932174 0.010000000
v -0.027548658 0.040056920 0.010000000
v 0.031995167 0.035498139 0.010000000
v 0.027548658 0.040056920 0.010000000
v 0.032117395 0.035600700 0.010000000
v 0.032117395 0.024399300 0.010000000
v 0.051888238 0.015838183 0.010000000
v 0.027654234 0.040176553 0.010000000
v -0.027654234 0.040176553 0.010000000
v -0.027765642 0.040290774 0.010000000
v 0.032234358 0.035709226 0.010000000
v 0.032234358 0.024290774 0.010000000
v 0.032345766 0.024176553 0.010000000
v 0.027765642 0.040290774 0.010000000
v 0.052084120 0.016062019 0.010000000
v 0.032345766 0.035823447 0.010000000
v 0.027882605 0.040399300 0.010000000
v -0.027882605 0.040399300 0.010000000
v 0.032451342 0.035943080 0.010000000
v 0.032451342 0.024056920 0.010000000
v 0.032550824 0.023932174 0.010000000
v 0.028004833 0.040501861 0.010000000
v -0.028004833 0.040501861 0.010000000
v 0.052290854 0.016275873 0.010000000
v 0.032550824 0.036067826 0.010000000
v 0.032643964 0.023802624 0.010000000
v 0.028132020 0.040598202 0.010000000
v -0.028132020 0.040598202 0.010000000
v 0.032643964 0.036197376 0.010000000
v 0.028263852 0.040688083 0.010000000
v -0.028263852 0.040688083 0.010000000
v -0.028400000 0.040771281 0.010000000
v 0.052507932 0.016479218 0.010000000
v 0.032730531 0.036331407 0.010000000
v 0.032730531 0.023668593 0.010000000
v 0.032810309 0.023530413 0.010000000
v 0.028400000 0.040771281 0.010000000
v 0.032810309 0.036469587 0.010000000
v 0.028540126 0.040847590 0.010000000
v -0.028540126 0.040847590 0.010000000
v 0.052734821 0.016671555 0.010000000
v 0.032883100 0.036611572 0.010000000
v 0.032883100 0.023388428 0.010000000
v 0.052970963 0.016852411 0.010000000
v 0.053215778 0.017021343 0.010000000
v 0.053468664 0.017177934 0.010000000
v 0.036250000 0.045000000 0.010000000
v 0.033136552 0.038634068 0.010000000
v 0.033164259 0.038476935 0.010000000
v 0.033101047 0.038789624 0.010000000
v 0.033057833 0.038943217 0.010000000
v 0.033007016 0.039094464 0.010000000
v 0.032948724 0.039242991 0.010000000
v 0.032883100 0.039388428 0.010000000
v 0.032810309 0.039530413 0.010000000
v 0.032730531 0.039668593 0.010000000
v 0.032643964 0.039802624 0.010000000
v 0.032550824 0.039932174 0.010000000
v 0.032451342 0.040056920 0.010000000
v 0.032345766 0.040176553 0.010000000
v 0.032234358 0.040290774 0.010000000
v 0.032117395 0.040399300 0.010000000
v 0.031995167 0.040501861 0.010000000
v 0.031867980 0.040598202 0.010000000
v 0.031736148 0.040688083 0.010000000
v 0.031600000 0.040771281 0.010000000
v 0.031459874 0.040847590 0.010000000
v 0.031316119 0.040916819 0.010000000
v 0.031169091 0.040978796 0.010000000
v 0.031019157 0.041033368 0.010000000
v 0.030866689 0.041080398 0.010000000
v 0.030712067 0.041119769 0.010000000
v 0.030555674 0.041151385 0.010000000
v 0.030397900 0.041175165 0.010000000
v 0.030239136 0.041191052 0.010000000
v 0.030079778 0.041199005 0.010000000
v 0.029920222 0.041199005 0.010000000
v 0.029760864 0.041191052 0.010000000
v 0.029602100 0.041175165 0.010000000
v 0.029444326 0.041151385 0.010000000
v 0.029287933 0.041119769 0.010000000
v 0.029133311 0.041080398 0.010000000
v 0.028980843 0.041033368 0.010000000
v 0.028830909 0.040978796 0.010000000
v 0.028683881 0.040916819 0.010000000
v 0.043250000 0.045000000 0.010000000
v 0.054269445 0.017569975 0.010000000
v 0.054548226 0.017673674 0.010000000
v 0.053996146 0.017452588 0.010000000
v 0.053729000 0.017321800 0.010000000
v 0.056000000 0.045000000 0.010000000
v 0.055704297 0.017947004 0.010000000
v 0.056000000 0.017979130 0.010000000
v 0.055410550 0.017900263 0.010000000
v 0.055119480 0.017839021 0.010000000
v 0.054831803 0.017763429 0.010000000
v 0.033200000 0.038000000 0.010000000
v 0.033196022 0.038159507 0.010000000
v 0.033184098 0.038318617 0.010000000
v 0.033196022 0.037840493 0.010000000
v 0.033184098 0.037681383 0.010000000
v 0.033164259 0.037523065 0.010000000
v 0.033136552 0.037365932 0.010000000
v 0.033101047 0.037210376 0.010000000
v 0.033057833 0.037056783 0.010000000
v 0.033007016 0.036905536 0.010000000
v 0.032948724 0.036757009 0.010000000
v 0.033164259 0.022476935 0.010000000
v 0.033136552 0.022634068 0.010000000
v 0.033101047 0.022789624 0.010000000
v 0.033057833 0.022943217 0.010000000
v 0.033007016 0.023094464 0.010000000
v 0.032948724 0.023242991 0.010000000
v 0.033184098 0.022318617 0.010000000
v 0.033196022 0.022159507 0.010000000
v 0.033200000 0.022000000 0.010000000
v 0.033196022 0.021840493 0.010000000
v -0.033200000 0.022000000 0.010000000
v -0.033196022 0.021840493 0.010000000
v -0.033196022 0.022159507 0.010000000
v -0.033184098 0.022318617 0.010000000
v -0.033164259 0.022476935 0.010000000
v -0.033136552 0.022634068 0.010000000
v -0.033101047 0.022789624 0.010000000
v -0.033057833 0.022943217 0.010000000
v -0.033007016 0.023094464 0.010000000
v -0.032948724 0.023242991 0.010000000
v -0.033164259 0.037523065 0.010000000
v -0.033136552 0.037365932 0.010000000
v -0.033101047 0.037210376 0.010000000
v -0.033057833 0.037056783 0.010000000
v -0.033007016 0.036905536 0.010000000
v -0.032948724 0.036757009 0.010000000
v -0.033184098 0.037681383 0.010000000
v -0.033196022 0.037840493 0.010000000
v -0.033200000 0.038000000 0.010000000
v -0.033196022 0.038159507 0.010000000
v -0.033184098 0.038318617 0.010000000
v 0.028980843 0.018966632 0.010000000
v 0.028830909 0.019021204 0.010000000
v 0.028683881 0.019083181 0.010000000
v 0.028540126 0.019152410 0.010000000
v 0.028400000 0.019228719 0.010000000
v 0.028263852 0.019311917 0.010000000
v 0.028132020 0.019401798 0.010000000
v 0.028004833 0.019498139 0.010000000
v 0.027882605 0.019600700 0.010000000
v 0.027765642 0.019709226 0.010000000
v 0.027654234 0.019823447 0.010000000
v 0.027548658 0.019943080 0.010000000
v -0.027882605 0.019600700 0.010000000
v -0.027765642 0.019709226 0.010000000
v -0.027654234 0.019823447 0.010000000
v -0.027548658 0.019943080 0.010000000
v -0.049149367 0.045000000 0.066530389
v -0.049071033 0.045000000 0.066610700
v -0.048988793 0.045000000 0.066687008
v -0.049223600 0.045000000 0.066446272
v -0.048902852 0.045000000 0.066759121
v -0.049293548 0.045000000 0.066358560
v -0.048813423 0.045000000 0.066826861
v -0.049359037 0.045000000 0.066267470
v -0.048720729 0.045000000 0.066890058
v -0.049419904 0.045000000 0.066173229
v -0.048625000 0.045000000 0.066948557
v -0.049475999 0.045000000 0.066076071
v -0.048526474 0.045000000 0.067002212
v -0.049527180 0.045000000 0.065976238
v -0.048425396 0.045000000 0.067050888
v -0.049573321 0.045000000 0.065873978
v -0.048322017 0.045000000 0.067094466
v -0.049614308 0.045000000 0.065769545
v -0.048216595 0.045000000 0.067132837
v -0.049650039 0.045000000 0.065663199
v -0.048109391 0.045000000 0.067165905
v -0.043250000 0.045000000 0.074806452
v -0.049680424 0.045000000 0.065555204
v -0.048000672 0.045000000 0.067193588
v -0.049705388 0.045000000 0.065445829
v -0.047890708 0.045000000 0.067215817
v -0.049724869 0.045000000 0.065335345
v -0.047779773 0.045000000 0.067232538
v -0.049738819 0.045000000 0.065224028
v -0.047668143 0.045000000 0.067243709
v -0.049747203 0.045000000 0.065112153
v -0.047556094 0.045000000 0.067249301
v -0.049750000 0.045000000 0.065000000
v -0.047443906 0.045000000 0.067249301
v -0.049747203 0.045000000 0.064887847
v -0.047331857 0.045000000 0.067243709
v -0.049738819 0.045000000 0.064775972
v -0.047220227 0.045000000 0.067232538
v -0.049724869 0.045000000 0.064664655
v -0.047109292 0.045000000 0.067215817
v -0.049705388 0.045000000 0.064554171
v -0.046999328 0.045000000 0.067193588
v -0.049680424 0.045000000 0.064444796
v -0.046890609 0.045000000 0.067165905
v -0.049650039 0.045000000 0.064336801
v -0.046783405 0.045000000 0.067132837
v -0.049614308 0.045000000 0.064230455
v -0.046677983 0.045000000 0.067094466
v -0.046574604 0.045000000 0.067050888
v -0.046473526 0.045000000 0.067002212
v -0.046375000 0.045000000 0.066948557
v -0.046279271 0.045000000 0.066890058
v -0.046186577 0.045000000 0.066826861
v -0.046097148 0.045000000 0.066759121
v -0.046011207 0.045000000 0.066687008
v -0.045928967 0.045000000 0.066610700
v -0.045850633 0.045000000 0.066530389
v -0.045776400 0.045000000 0.066446272
v -0.045706452 0.045000000 0.066358560
v -0.045640963 0.045000000 0.066267470
v -0.045580096 0.045000000 0.066173229
v -0.045524001 0.045000000 0.066076071
v -0.024000000 0.045000000 0.077000000
v -0.018000000 0.045000000 0.085000000
v -0.024000000 0.045000000 0.085000000
v -0.014000000 0.045000000 0.086000000
v -0.017250000 0.045000000 0.088000000
v -0.017250000 0.045000000 0.086000000
v -0.023746188 0.045000000 0.063656294
v -0.023687003 0.045000000 0.063716974
v -0.036250000 0.045000000 0.074806452
v -0.023624866 0.045000000 0.063774628
v -0.023802276 0.045000000 0.063592739
v -0.023559933 0.045000000 0.063829114
v -0.023855125 0.045000000 0.063526467
v -0.023492364 0.045000000 0.063880295
v -0.023904606 0.045000000 0.063457644
v -0.023422329 0.045000000 0.063928044
v -0.023950594 0.045000000 0.063386440
v -0.023350000 0.045000000 0.063972243
v -0.023992977 0.045000000 0.063313032
v -0.023275558 0.045000000 0.064012782
v -0.024031647 0.045000000 0.063237602
v -0.023199188 0.045000000 0.064049560
v -0.024066510 0.045000000 0.063160339
v -0.034000000 0.045000000 0.058000000
v -0.023121080 0.045000000 0.064082485
v -0.024097477 0.045000000 0.063081434
v -0.023041427 0.045000000 0.064111476
v -0.024124474 0.045000000 0.063001084
v -0.022960429 0.045000000 0.064136461
v -0.024147431 0.045000000 0.062919488
v -0.022878286 0.045000000 0.064157377
v -0.024166293 0.045000000 0.062836848
v -0.022795202 0.045000000 0.064174173
v -0.024181012 0.045000000 0.062753372
v -0.022711384 0.045000000 0.064186807
v -0.024191552 0.045000000 0.062669265
v -0.022627041 0.045000000 0.064195246
v -0.024197887 0.045000000 0.062584738
v -0.022542382 0.045000000 0.064199472
v -0.024200000 0.045000000 0.062500000
v -0.022457618 0.045000000 0.064199472
v -0.024197887 0.045000000 0.062415262
v -0.022372959 0.045000000 0.064195246
v -0.024191552 0.045000000 0.062330735
v -0.022288616 0.045000000 0.064186807
v -0.024181012 0.045000000 0.062246628
v -0.022204798 0.045000000 0.064174173
v -0.024166293 0.045000000 0.062163152
v -0.022121714 0.045000000 0.064157377
v -0.024147431 0.045000000 0.062080512
v -0.022039571 0.045000000 0.064136461
v -0.024124474 0.045000000 0.061998916
v -0.021958573 0.045000000 0.064111476
v -0.024097477 0.045000000 0.061918566
v -0.021878920 0.045000000 0.064082485
v -0.024066510 0.045000000 0.061839661
v -0.021800812 0.045000000 0.064049560
v -0.024031647 0.045000000 0.061762398
v -0.021724442 0.045000000 0.064012782
v -0.023992977 0.045000000 0.061686968
v -0.021650000 0.045000000 0.063972243
v -0.023950594 0.045000000 0.061613560
v -0.021577671 0.045000000 0.063928044
v -0.023904606 0.045000000 0.061542356
v -0.021507636 0.045000000 0.063880295
v -0.023855125 0.045000000 0.061473533
v -0.021440067 0.045000000 0.063829114
v -0.023802276 0.045000000 0.061407261
v -0.021375134 0.045000000 0.063774628
v -0.023746188 0.045000000 0.061343706
v -0.023687003 0.045000000 0.061283026
v -0.023624866 0.045000000 0.061225372
v -0.023559933 0.045000000 0.061170886
v -0.023492364 0.045000000 0.061119705
v -0.023422329 0.045000000 0.061071956
v -0.023350000 0.045000000 0.061027757
v -0.023275558 0.045000000 0.060987218
v -0.023199188 0.045000000 0.060950440
v -0.023121080 0.045000000 0.060917515
v -0.023041427 0.045000000 0.060888524
v -0.022960429 0.045000000 0.060863539
v -0.022878286 0.045000000 0.060842623
v -0.022795202 0.045000000 0.060825827
v -0.022711384 0.045000000 0.060813193
v -0.022627041 0.045000000 0.060804754
v -0.022542382 0.045000000 0.060800528
v -0.018000000 0.045000000 0.061040000
v -0.022204798 0.045000000 0.060825827
v -0.022288616 0.045000000 0.060813193
v -0.022121714 0.045000000 0.060842623
v -0.022039571 0.045000000 0.060863539
v -0.021958573 0.045000000 0.060888524
v -0.020802113 0.045000000 0.062584738
v -0.020800000 0.045000000 0.062500000
v -0.021878920 0.045000000 0.060917515
v -0.020808448 0.045000000 0.062669265
v -0.021800812 0.045000000 0.060950440
v -0.020818988 0.045000000 0.062753372
v -0.021724442 0.045000000 0.060987218
v -0.020833707 0.045000000 0.062836848
v -0.021650000 0.045000000 0.061027757
v -0.020852569 0.045000000 0.062919488
v -0.021577671 0.045000000 0.061071956
v -0.020875526 0.045000000 0.063001084
v -0.021507636 0.045000000 0.061119705
v -0.020902523 0.045000000 0.063081434
v -0.021440067 0.045000000 0.061170886
v -0.020933490 0.045000000 0.063160339
v -0.021375134 0.045000000 0.061225372
v -0.020968353 0.045000000 0.063237602
v -0.021312997 0.045000000 0.061283026
v -0.021007023 0.045000000 0.063313032
v -0.021253812 0.045000000 0.061343706
v -0.021049406 0.045000000 0.063386440
v -0.021197724 0.045000000 0.061407261
v -0.021095394 0.045000000 0.063457644
v -0.021144875 0.045000000 0.061473533
v -0.021095394 0.045000000 0.061542356
v -0.021049406 0.045000000 0.061613560
v -0.021007023 0.045000000 0.061686968
v -0.020968353 0.045000000 0.061762398
v -0.020933490 0.045000000 0.061839661
v -0.020902523 0.045000000 0.061918566
v -0.020875526 0.045000000 0.061998916
v -0.020852569 0.045000000 0.062080512
v -0.020833707 0.045000000 0.062163152
v -0.020818988 0.045000000 0.062246628
v -0.020808448 0.045000000 0.062330735
v -0.020802113 0.045000000 0.062415262
v 0.017250000 0.045000000 0.088000000
v 0.014000000 0.045000000 0.086000000
v 0.017250000 0.045000000 0.086000000
v -0.049475999 0.045000000 0.063923929
v -0.049527180 0.045000000 0.064023762
v -0.049419904 0.045000000 0.063826771
v -0.049359037 0.045000000 0.063732530
v -0.049293548 0.045000000 0.063641440
v -0.049223600 0.045000000 0.063553728
v -0.049149367 0.045000000 0.063469611
v -0.049071033 0.045000000 0.063389300
v -0.048988793 0.045000000 0.063312992
v -0.048902852 0.045000000 0.063240879
v -0.048813423 0.045000000 0.063173139
v -0.048720729 0.045000000 0.063109942
v -0.048625000 0.045000000 0.063051443
v -0.048526474 0.045000000 0.062997788
v -0.048425396 0.045000000 0.062949112
v -0.048322017 0.045000000 0.062905534
v -0.048216595 0.045000000 0.062867163
v -0.048109391 0.045000000 0.062834095
v -0.048000672 0.045000000 0.062806412
v -0.047890708 0.045000000 0.062784183
v -0.047779773 0.045000000 0.062767462
v -0.047668143 0.045000000 0.062756291
v -0.049573321 0.045000000 0.064126022
v 0.024000000 0.045000000 0.077000000
v 0.024000000 0.045000000 0.085000000
v 0.018000000 0.045000000 0.085000000
v 0.014000000 0.045000000 0.061040000
v -0.014000000 0.045000000 0.061040000
v 0.021440067 0.045000000 0.063829114
v 0.021375134 0.045000000 0.063774628
v 0.021507636 0.045000000 0.063880295
v 0.021577671 0.045000000 0.063928044
v 0.021049406 0.045000000 0.063386440
v 0.021095394 0.045000000 0.063457644
v 0.018000000 0.045000000 0.061040000
v 0.021650000 0.045000000 0.063972243
v 0.021007023 0.045000000 0.063313032
v 0.021724442 0.045000000 0.064012782
v 0.020968353 0.045000000 0.063237602
v 0.021800812 0.045000000 0.064049560
v 0.020933490 0.045000000 0.063160339
v 0.021878920 0.045000000 0.064082485
v 0.020902523 0.045000000 0.063081434
v 0.021958573 0.045000000 0.064111476
v 0.020875526 0.045000000 0.063001084
v 0.022039571 0.045000000 0.064136461
v 0.020852569 0.045000000 0.062919488
v 0.022121714 0.045000000 0.064157377
v 0.020833707 0.045000000 0.062836848
v 0.022204798 0.045000000 0.064174173
v 0.020818988 0.045000000 0.062753372
v 0.022288616 0.045000000 0.064186807
v 0.020808448 0.045000000 0.062669265
v 0.022372959 0.045000000 0.064195246
v 0.020802113 0.045000000 0.062584738
v 0.022457618 0.045000000 0.064199472
v 0.020800000 0.045000000 0.062500000
v 0.022542382 0.045000000 0.064199472
v 0.020802113 0.045000000 0.062415262
v 0.022627041 0.045000000 0.064195246
v 0.020808448 0.045000000 0.062330735
v 0.022711384 0.045000000 0.064186807
v 0.020818988 0.045000000 0.062246628
v 0.022795202 0.045000000 0.064174173
v 0.020833707 0.045000000 0.062163152
v 0.022878286 0.045000000 0.064157377
v 0.020852569 0.045000000 0.062080512
v 0.022960429 0.045000000 0.064136461
v 0.020875526 0.045000000 0.061998916
v 0.023041427 0.045000000 0.064111476
v 0.020902523 0.045000000 0.061918566
v 0.023121080 0.045000000 0.064082485
v 0.020933490 0.045000000 0.061839661
v 0.023199188 0.045000000 0.064049560
v 0.020968353 0.045000000 0.061762398
v 0.023275558 0.045000000 0.064012782
v 0.021007023 0.045000000 0.061686968
v 0.023350000 0.045000000 0.063972243
v 0.021049406 0.045000000 0.061613560
v 0.023422329 0.045000000 0.063928044
v 0.021095394 0.045000000 0.061542356
v 0.023492364 0.045000000 0.063880295
v 0.021144875 0.045000000 0.061473533
v 0.023559933 0.045000000 0.063829114
v 0.021197724 0.045000000 0.061407261
v 0.023624866 0.045000000 0.063774628
v 0.021253812 0.045000000 0.061343706
v 0.021312997 0.045000000 0.061283026
v 0.021375134 0.045000000 0.061225372
v 0.021440067 0.045000000 0.061170886
v 0.021507636 0.045000000 0.061119705
v 0.021577671 0.045000000 0.061071956
v 0.021650000 0.045000000 0.061027757
v 0.021724442 0.045000000 0.060987218
v 0.021800812 0.045000000 0.060950440
v 0.021878920 0.045000000 0.060917515
v 0.021958573 0.045000000 0.060888524
v 0.022039571 0.045000000 0.060863539
v 0.022121714 0.045000000 0.060842623
v 0.022204798 0.045000000 0.060825827
v 0.036250000 0.045000000 0.074806452
v 0.024031647 0.045000000 0.063237602
v 0.024066510 0.045000000 0.063160339
v 0.023992977 0.045000000 0.063313032
v 0.023950594 0.045000000 0.063386440
v 0.023904606 0.045000000 0.063457644
v 0.023855125 0.045000000 0.063526467
v 0.023802276 0.045000000 0.063592739
v 0.023746188 0.045000000 0.063656294
v 0.023687003 0.045000000 0.063716974
v 0.022288616 0.045000000 0.060813193
v 0.034000000 0.045000000 0.058000000
v 0.024191552 0.045000000 0.062330735
v 0.024181012 0.045000000 0.062246628
v 0.024197887 0.045000000 0.062415262
v 0.024200000 0.045000000 0.062500000
v 0.022627041 0.045000000 0.060804754
v 0.022542382 0.045000000 0.060800528
v 0.022711384 0.045000000 0.060813193
v 0.022795202 0.045000000 0.060825827
v 0.022878286 0.045000000 0.060842623
v 0.022960429 0.045000000 0.060863539
v 0.023041427 0.045000000 0.060888524
v 0.024197887 0.045000000 0.062584738
v 0.023121080 0.045000000 0.060917515
v 0.024191552 0.045000000 0.062669265
v 0.023199188 0.045000000 0.060950440
v 0.024181012 0.045000000 0.062753372
v 0.023275558 0.045000000 0.060987218
v 0.024166293 0.045000000 0.062836848
v 0.023350000 0.045000000 0.061027757
v 0.024147431 0.045000000 0.062919488
v 0.023422329 0.045000000 0.061071956
v 0.024124474 0.045000000 0.063001084
v 0.023492364 0.045000000 0.061119705
v 0.024097477 0.045000000 0.063081434
v 0.023559933 0.045000000 0.061170886
v 0.023624866 0.045000000 0.061225372
v 0.023687003 0.045000000 0.061283026
v 0.023746188 0.045000000 0.061343706
v 0.023802276 0.045000000 0.061407261
v 0.023855125 0.045000000 0.061473533
v 0.023904606 0.045000000 0.061542356
v 0.023950594 0.045000000 0.061613560
v 0.023992977 0.045000000 0.061686968
v 0.024031647 0.045000000 0.061762398
v 0.024066510 0.045000000 0.061839661
v 0.024097477 0.045000000 0.061918566
v 0.024124474 0.045000000 0.061998916
v 0.024147431 0.045000000 0.062080512
v 0.024166293 0.045000000 0.062163152
v 0.045850633 0.045000000 0.066530389
v 0.045928967 0.045000000 0.066610700
v 0.043250000 0.045000000 0.074806452
v 0.046011207 0.045000000 0.066687008
v 0.045776400 0.045000000 0.066446272
v 0.046097148 0.045000000 0.066759121
v 0.045706452 0.045000000 0.066358560
v 0.046186577 0.045000000 0.066826861
v 0.045640963 0.045000000 0.066267470
v 0.046279271 0.045000000 0.066890058
v 0.045580096 0.045000000 0.066173229
v 0.046375000 0.045000000 0.066948557
v 0.045524001 0.045000000 0.066076071
v 0.046473526 0.045000000 0.067002212
v 0.046574604 0.045000000 0.067050888
v 0.046677983 0.045000000 0.067094466
v 0.046783405 0.045000000 0.067132837
v 0.046890609 0.045000000 0.067165905
v 0.046999328 0.045000000 0.067193588
v 0.047109292 0.045000000 0.067215817
v 0.047220227 0.045000000 0.067232538
v 0.047331857 0.045000000 0.067243709
v 0.047443906 0.045000000 0.067249301
v 0.047556094 0.045000000 0.067249301
v 0.047668143 0.045000000 0.067243709
v 0.047779773 0.045000000 0.067232538
v 0.047890708 0.045000000 0.067215817
v 0.048000672 0.045000000 0.067193588
v 0.048109391 0.045000000 0.067165905
v 0.056000000 0.045000000 0.077000000
v 0.048216595 0.045000000 0.067132837
v 0.048322017 0.045000000 0.067094466
v 0.048425396 0.045000000 0.067050888
v 0.048526474 0.045000000 0.067002212
v 0.048625000 0.045000000 0.066948557
v 0.048720729 0.045000000 0.066890058
v 0.048813423 0.045000000 0.066826861
v 0.048902852 0.045000000 0.066759121
v 0.048988793 0.045000000 0.066687008
v 0.049071033 0.045000000 0.066610700
v 0.049149367 0.045000000 0.066530389
v 0.049223600 0.045000000 0.066446272
v 0.049293548 0.045000000 0.066358560
v 0.049359037 0.045000000 0.066267470
v 0.049419904 0.045000000 0.066173229
v 0.049475999 0.045000000 0.066076071
v 0.049527180 0.045000000 0.065976238
v 0.049573321 0.045000000 0.065873978
v 0.049614308 0.045000000 0.065769545
v 0.049650039 0.045000000 0.065663199
v 0.049680424 0.045000000 0.065555204
v 0.049705388 0.045000000 0.065445829
v 0.049724869 0.045000000 0.065335345
v 0.049738819 0.045000000 0.065224028
v 0.049747203 0.045000000 0.065112153
v 0.049750000 0.045000000 0.065000000
v 0.049747203 0.045000000 0.064887847
v 0.049738819 0.045000000 0.064775972
v 0.049724869 0.045000000 0.064664655
v 0.049705388 0.045000000 0.064554171
v 0.049680424 0.045000000 0.064444796
v 0.049650039 0.045000000 0.064336801
v 0.049614308 0.045000000 0.064230455
v 0.034000000 0.045000000 0.015000000
v -0.034000000 0.045000000 0.015000000
v 0.048000672 0.045000000 0.062806412
v 0.047890708 0.045000000 0.062784183
v 0.048109391 0.045000000 0.062834095
v 0.048216595 0.045000000 0.062867163
v 0.048322017 0.045000000 0.062905534
v 0.048425396 0.045000000 0.062949112
v 0.048526474 0.045000000 0.062997788
v 0.048625000 0.045000000 0.063051443
v 0.048720729 0.045000000 0.063109942
v 0.048813423 0.045000000 0.063173139
v 0.048902852 0.045000000 0.063240879
v 0.048988793 0.045000000 0.063312992
v 0.049071033 0.045000000 0.063389300
v 0.049149367 0.045000000 0.063469611
v 0.049223600 0.045000000 0.063553728
v 0.049293548 0.045000000 0.063641440
v 0.049359037 0.045000000 0.063732530
v 0.049419904 0.045000000 0.063826771
v 0.049475999 0.045000000 0.063923929
v 0.049527180 0.045000000 0.064023762
v 0.049573321 0.045000000 0.064126022
v 0.047779773 0.045000000 0.062767462
v 0.047668143 0.045000000 0.062756291
v 0.021144875 0.045000000 0.063526467
v 0.021197724 0.045000000 0.063592739
v 0.021253812 0.045000000 0.063656294
v 0.021312997 0.045000000 0.063716974
v -0.021144875 0.045000000 0.063526467
v -0.021197724 0.045000000 0.063592739
v -0.021253812 0.045000000 0.063656294
v -0.021312997 0.045000000 0.063716974
v -0.045250000 0.045000000 0.065000000
v -0.045252797 0.045000000 0.065112153
v -0.045261181 0.045000000 0.065224028
v -0.045275131 0.045000000 0.065335345
v -0.045294612 0.045000000 0.065445829
v -0.045319576 0.045000000 0.065555204
v -0.045349961 0.045000000 0.065663199
v -0.045385692 0.045000000 0.065769545
v -0.045426679 0.045000000 0.065873978
v -0.045472820 0.045000000 0.065976238
v -0.045252797 0.045000000 0.064887847
v -0.045261181 0.045000000 0.064775972
v -0.045275131 0.045000000 0.064664655
v -0.045294612 0.045000000 0.064554171
v -0.045319576 0.045000000 0.064444796
v -0.045349961 0.045000000 0.064336801
v -0.045385692 0.045000000 0.064230455
v -0.045426679 0.045000000 0.064126022
v -0.045472820 0.045000000 0.064023762
v -0.045524001 0.045000000 0.063923929
v -0.045580096 0.045000000 0.063826771
v -0.045640963 0.045000000 0.063732530
v -0.045706452 0.045000000 0.063641440
v -0.045776400 0.045000000 0.063553728
v -0.045850633 0.045000000 0.063469611
v -0.045928967 0.045000000 0.063389300
v -0.046011207 0.045000000 0.063312992
v -0.046097148 0.045000000 0.063240879
v -0.046186577 0.045000000 0.063173139
v -0.046279271 0.045000000 0.063109942
v -0.046375000 0.045000000 0.063051443
v -0.046473526 0.045000000 0.062997788
v -0.046574604 0.045000000 0.062949112
v -0.046677983 0.045000000 0.062905534
v -0.046783405 0.045000000 0.062867163
v -0.046890609 0.045000000 0.062834095
v -0.046999328 0.045000000 0.062806412
v -0.047109292 0.045000000 0.062784183
v -0.047220227 0.045000000 0.062767462
v -0.047331857 0.045000000 0.062756291
v -0.047443906 0.045000000 0.062750699
v -0.047556094 0.045000000 0.062750699
v 0.045250000 0.045000000 0.065000000
v 0.045252797 0.045000000 0.064887847
v 0.045261181 0.045000000 0.064775972
v 0.045275131 0.045000000 0.064664655
v 0.045294612 0.045000000 0.064554171
v 0.045319576 0.045000000 0.064444796
v 0.045349961 0.045000000 0.064336801
v 0.045385692 0.045000000 0.064230455
v 0.045426679 0.045000000 0.064126022
v 0.045472820 0.045000000 0.064023762
v 0.045524001 0.045000000 0.063923929
v 0.045580096 0.045000000 0.063826771
v 0.045640963 0.045000000 0.063732530
v 0.045706452 0.045000000 0.063641440
v 0.045776400 0.045000000 0.063553728
v 0.045850633 0.045000000 0.063469611
v 0.045928967 0.045000000 0.063389300
v 0.046011207 0.045000000 0.063312992
v 0.046097148 0.045000000 0.063240879
v 0.046186577 0.045000000 0.063173139
v 0.046279271 0.045000000 0.063109942
v 0.046375000 0.045000000 0.063051443
v 0.046473526 0.045000000 0.062997788
v 0.046574604 0.045000000 0.062949112
v 0.046677983 0.045000000 0.062905534
v 0.046783405 0.045000000 0.062867163
v 0.046890609 0.045000000 0.062834095
v 0.046999328 0.045000000 0.062806412
v 0.047109292 0.045000000 0.062784183
v 0.047220227 0.045000000 0.062767462
v 0.047331857 0.045000000 0.062756291
v 0.047443906 0.045000000 0.062750699
v 0.047556094 0.045000000 0.062750699
v 0.045252797 0.045000000 0.065112153
v 0.045261181 0.045000000 0.065224028
v 0.045275131 0.045000000 0.065335345
v 0.045294612 0.045000000 0.065445829
v 0.045319576 0.045000000 0.065555204
v 0.045349961 0.045000000 0.065663199
v 0.045385692 0.045000000 0.065769545
v 0.045426679 0.045000000 0.065873978
v 0.045472820 0.045000000 0.065976238
v 0.022457618 0.045000000 0.060800528
v 0.022372959 0.045000000 0.060804754
v -0.022372959 0.045000000 0.060804754
v -0.022457618 0.045000000 0.060800528
v -0.024000000 0.050000000 0.077000000
v -0.036250000 0.046000000 0.077000000
v -0.043250000 0.046000000 0.077000000
v -0.049149367 0.050000000 0.063469611
v -0.049071033 0.050000000 0.063389300
v -0.048988793 0.050000000 0.063312992
v -0.049223600 0.050000000 0.063553728
v -0.048902852 0.050000000 0.063240879
v -0.049293548 0.050000000 0.063641440
v -0.048813423 0.050000000 0.063173139
v -0.049359037 0.050000000 0.063732530
v -0.048720729 0.050000000 0.063109942
v -0.049419904 0.050000000 0.063826771
v -0.048625000 0.050000000 0.063051443
v -0.049475999 0.050000000 0.063923929
v -0.048526474 0.050000000 0.062997788
v -0.049527180 0.050000000 0.064023762
v -0.048425396 0.050000000 0.062949112
v -0.049573321 0.050000000 0.064126022
v -0.048322017 0.050000000 0.062905534
v -0.049614308 0.050000000 0.064230455
v -0.048216595 0.050000000 0.062867163
v -0.048109391 0.050000000 0.062834095
v -0.034000000 0.050000000 0.015000000
v -0.048000672 0.050000000 0.062806412
v -0.047890708 0.050000000 0.062784183
v -0.047779773 0.050000000 0.062767462
v -0.047668143 0.050000000 0.062756291
v -0.048109391 0.050000000 0.067165905
v -0.048216595 0.050000000 0.067132837
v -0.048000672 0.050000000 0.067193588
v -0.047890708 0.050000000 0.067215817
v -0.047779773 0.050000000 0.067232538
v -0.047668143 0.050000000 0.067243709
v -0.047556094 0.050000000 0.067249301
v -0.047443906 0.050000000 0.067249301
v -0.047331857 0.050000000 0.067243709
v -0.047220227 0.050000000 0.067232538
v -0.047109292 0.050000000 0.067215817
v -0.046999328 0.050000000 0.067193588
v -0.046890609 0.050000000 0.067165905
v -0.046783405 0.050000000 0.067132837
v -0.046677983 0.050000000 0.067094466
v -0.049650039 0.050000000 0.064336801
v -0.049680424 0.050000000 0.064444796
v -0.049705388 0.050000000 0.064554171
v -0.049724869 0.050000000 0.064664655
v -0.049738819 0.050000000 0.064775972
v -0.049747203 0.050000000 0.064887847
v -0.049750000 0.050000000 0.065000000
v -0.049747203 0.050000000 0.065112153
v -0.049738819 0.050000000 0.065224028
v -0.049724869 0.050000000 0.065335345
v -0.049705388 0.050000000 0.065445829
v -0.049680424 0.050000000 0.065555204
v -0.049650039 0.050000000 0.065663199
v -0.049614308 0.050000000 0.065769545
v -0.049573321 0.050000000 0.065873978
v -0.049527180 0.050000000 0.065976238
v -0.049475999 0.050000000 0.066076071
v -0.049419904 0.050000000 0.066173229
v -0.049359037 0.050000000 0.066267470
v -0.049293548 0.050000000 0.066358560
v -0.049223600 0.050000000 0.066446272
v -0.049149367 0.050000000 0.066530389
v -0.049071033 0.050000000 0.066610700
v -0.048988793 0.050000000 0.066687008
v -0.048902852 0.050000000 0.066759121
v -0.048813423 0.050000000 0.066826861
v -0.048720729 0.050000000 0.066890058
v -0.048625000 0.050000000 0.066948557
v -0.048526474 0.050000000 0.067002212
v -0.048425396 0.050000000 0.067050888
v -0.048322017 0.050000000 0.067094466
v -0.034000000 0.050000000 0.058000000
v -0.045252797 0.050000000 0.064887847
v -0.045250000 0.050000000 0.065000000
v -0.045261181 0.050000000 0.064775972
v -0.045275131 0.050000000 0.064664655
v -0.045294612 0.050000000 0.064554171
v -0.045319576 0.050000000 0.064444796
v -0.045349961 0.050000000 0.064336801
v -0.045385692 0.050000000 0.064230455
v -0.045426679 0.050000000 0.064126022
v -0.045472820 0.050000000 0.064023762
v -0.045524001 0.050000000 0.063923929
v -0.045580096 0.050000000 0.063826771
v -0.045640963 0.050000000 0.063732530
v -0.045706452 0.050000000 0.063641440
v -0.045776400 0.050000000 0.063553728
v -0.045850633 0.050000000 0.063469611
v -0.045928967 0.050000000 0.063389300
v -0.046011207 0.050000000 0.063312992
v -0.046097148 0.050000000 0.063240879
v -0.046186577 0.050000000 0.063173139
v -0.045349961 0.050000000 0.065663199
v -0.045385692 0.050000000 0.065769545
v -0.046279271 0.050000000 0.063109942
v -0.045319576 0.050000000 0.065555204
v -0.046375000 0.050000000 0.063051443
v -0.045294612 0.050000000 0.065445829
v -0.046473526 0.050000000 0.062997788
v -0.045275131 0.050000000 0.065335345
v -0.046574604 0.050000000 0.062949112
v -0.045261181 0.050000000 0.065224028
v -0.046677983 0.050000000 0.062905534
v -0.045252797 0.050000000 0.065112153
v -0.046783405 0.050000000 0.062867163
v -0.046890609 0.050000000 0.062834095
v -0.046999328 0.050000000 0.062806412
v -0.047109292 0.050000000 0.062784183
v -0.047220227 0.050000000 0.062767462
v -0.047331857 0.050000000 0.062756291
v -0.047443906 0.050000000 0.062750699
v -0.047556094 0.050000000 0.062750699
v -0.023746188 0.050000000 0.061343706
v -0.023687003 0.050000000 0.061283026
v -0.023624866 0.050000000 0.061225372
v -0.023802276 0.050000000 0.061407261
v -0.023559933 0.050000000 0.061170886
v -0.023855125 0.050000000 0.061473533
v -0.023492364 0.050000000 0.061119705
v -0.023904606 0.050000000 0.061542356
v -0.023422329 0.050000000 0.061071956
v -0.023950594 0.050000000 0.061613560
v -0.023350000 0.050000000 0.061027757
v -0.023992977 0.050000000 0.061686968
v -0.023275558 0.050000000 0.060987218
v -0.024031647 0.050000000 0.061762398
v -0.023199188 0.050000000 0.060950440
v -0.024066510 0.050000000 0.061839661
v -0.023121080 0.050000000 0.060917515
v -0.024097477 0.050000000 0.061918566
v -0.023041427 0.050000000 0.060888524
v -0.024124474 0.050000000 0.061998916
v -0.022960429 0.050000000 0.060863539
v -0.024147431 0.050000000 0.062080512
v -0.022878286 0.050000000 0.060842623
v -0.024166293 0.050000000 0.062163152
v -0.022795202 0.050000000 0.060825827
v -0.024181012 0.050000000 0.062246628
v -0.022711384 0.050000000 0.060813193
v -0.024191552 0.050000000 0.062330735
v -0.022627041 0.050000000 0.060804754
v -0.024197887 0.050000000 0.062415262
v -0.022542382 0.050000000 0.060800528
v -0.024200000 0.050000000 0.062500000
v -0.024197887 0.050000000 0.062584738
v -0.024191552 0.050000000 0.062669265
v -0.024181012 0.050000000 0.062753372
v -0.024166293 0.050000000 0.062836848
v -0.024147431 0.050000000 0.062919488
v -0.024124474 0.050000000 0.063001084
v -0.024097477 0.050000000 0.063081434
v -0.024066510 0.050000000 0.063160339
v -0.024031647 0.050000000 0.063237602
v -0.023992977 0.050000000 0.063313032
v -0.023950594 0.050000000 0.063386440
v -0.023904606 0.050000000 0.063457644
v -0.046473526 0.050000000 0.067002212
v -0.046574604 0.050000000 0.067050888
v -0.046375000 0.050000000 0.066948557
v -0.046279271 0.050000000 0.066890058
v -0.046186577 0.050000000 0.066826861
v -0.046097148 0.050000000 0.066759121
v -0.046011207 0.050000000 0.066687008
v -0.045928967 0.050000000 0.066610700
v -0.045850633 0.050000000 0.066530389
v -0.045776400 0.050000000 0.066446272
v -0.045706452 0.050000000 0.066358560
v -0.045640963 0.050000000 0.066267470
v -0.045580096 0.050000000 0.066173229
v -0.045524001 0.050000000 0.066076071
v -0.045472820 0.050000000 0.065976238
v -0.045426679 0.050000000 0.065873978
v -0.023855125 0.050000000 0.063526467
v -0.023802276 0.050000000 0.063592739
v -0.023746188 0.050000000 0.063656294
v -0.023687003 0.050000000 0.063716974
v -0.023624866 0.050000000 0.063774628
v -0.023559933 0.050000000 0.063829114
v -0.023492364 0.050000000 0.063880295
v -0.023422329 0.050000000 0.063928044
v -0.023350000 0.050000000 0.063972243
v -0.023275558 0.050000000 0.064012782
v -0.023199188 0.050000000 0.064049560
v -0.023121080 0.050000000 0.064082485
v -0.023041427 0.050000000 0.064111476
v -0.022960429 0.050000000 0.064136461
v -0.022878286 0.050000000 0.064157377
v -0.022795202 0.050000000 0.064174173
v -0.022711384 0.050000000 0.064186807
v -0.022627041 0.050000000 0.064195246
v -0.022542382 0.050000000 0.064199472
v -0.022457618 0.050000000 0.064199472
v -0.022372959 0.050000000 0.064195246
v -0.022288616 0.050000000 0.064186807
v -0.022204798 0.050000000 0.064174173
v -0.022121714 0.050000000 0.064157377
v -0.022039571 0.050000000 0.064136461
v -0.021958573 0.050000000 0.064111476
v -0.021878920 0.050000000 0.064082485
v -0.021800812 0.050000000 0.064049560
v -0.021724442 0.050000000 0.064012782
v -0.021650000 0.050000000 0.063972243
v -0.021577671 0.050000000 0.063928044
v -0.021507636 0.050000000 0.063880295
v -0.021440067 0.050000000 0.063829114
v -0.021375134 0.050000000 0.063774628
v -0.021312997 0.050000000 0.063716974
v -0.021253812 0.050000000 0.063656294
v -0.021197724 0.050000000 0.063592739
v -0.021144875 0.050000000 0.063526467
v -0.021095394 0.050000000 0.063457644
v -0.021049406 0.050000000 0.063386440
v -0.021007023 0.050000000 0.063313032
v 0.034000000 0.050000000 0.015000000
v 0.021312997 0.050000000 0.061283026
v -0.021375134 0.050000000 0.061225372
v -0.021312997 0.050000000 0.061283026
v 0.021253812 0.050000000 0.061343706
v -0.021253812 0.050000000 0.061343706
v 0.021375134 0.050000000 0.061225372
v 0.021197724 0.050000000 0.061407261
v -0.021197724 0.050000000 0.061407261
v 0.021440067 0.050000000 0.061170886
v -0.021440067 0.050000000 0.061170886
v -0.021507636 0.050000000 0.061119705
v 0.021144875 0.050000000 0.061473533
v -0.021144875 0.050000000 0.061473533
v 0.021507636 0.050000000 0.061119705
v 0.021095394 0.050000000 0.061542356
v -0.021095394 0.050000000 0.061542356
v -0.021049406 0.050000000 0.061613560
v 0.021049406 0.050000000 0.061613560
v 0.021007023 0.050000000 0.061686968
v -0.021007023 0.050000000 0.061686968
v 0.020968353 0.050000000 0.061762398
v -0.020968353 0.050000000 0.061762398
v -0.020933490 0.050000000 0.061839661
v 0.020933490 0.050000000 0.061839661
v 0.020902523 0.050000000 0.061918566
v -0.020902523 0.050000000 0.061918566
v -0.020875526 0.050000000 0.061998916
v 0.020875526 0.050000000 0.061998916
v 0.020852569 0.050000000 0.062080512
v -0.020852569 0.050000000 0.062080512
v 0.020833707 0.050000000 0.062163152
v -0.020833707 0.050000000 0.062163152
v 0.020818988 0.050000000 0.062246628
v -0.020818988 0.050000000 0.062246628
v 0.020808448 0.050000000 0.062330735
v -0.020808448 0.050000000 0.062330735
v 0.020802113 0.050000000 0.062415262
v -0.020802113 0.050000000 0.062415262
v 0.020800000 0.050000000 0.062500000
v -0.020800000 0.050000000 0.062500000
v 0.020802113 0.050000000 0.062584738
v -0.020802113 0.050000000 0.062584738
v 0.020808448 0.050000000 0.062669265
v -0.020808448 0.050000000 0.062669265
v 0.020818988 0.050000000 0.062753372
v -0.020818988 0.050000000 0.062753372
v 0.020833707 0.050000000 0.062836848
v -0.020833707 0.050000000 0.062836848
v -0.020852569 0.050000000 0.062919488
v 0.020852569 0.050000000 0.062919488
v 0.020875526 0.050000000 0.063001084
v -0.020875526 0.050000000 0.063001084
v 0.020902523 0.050000000 0.063081434
v -0.020902523 0.050000000 0.063081434
v 0.020933490 0.050000000 0.063160339
v -0.020933490 0.050000000 0.063160339
v -0.020968353 0.050000000 0.063237602
v 0.020968353 0.050000000 0.063237602
v 0.021007023 0.050000000 0.063313032
v 0.034000000 0.050000000 0.058000000
v 0.023802276 0.050000000 0.061407261
v 0.023855125 0.050000000 0.061473533
v 0.023950594 0.050000000 0.063386440
v 0.023904606 0.050000000 0.063457644
v 0.023746188 0.050000000 0.061343706
v 0.023992977 0.050000000 0.063313032
v 0.023687003 0.050000000 0.061283026
v 0.024031647 0.050000000 0.063237602
v 0.023624866 0.050000000 0.061225372
v 0.024066510 0.050000000 0.063160339
v 0.023559933 0.050000000 0.061170886
v 0.024097477 0.050000000 0.063081434
v 0.023492364 0.050000000 0.061119705
v 0.024124474 0.050000000 0.063001084
v 0.023422329 0.050000000 0.061071956
v 0.024147431 0.050000000 0.062919488
v 0.023350000 0.050000000 0.061027757
v 0.024166293 0.050000000 0.062836848
v 0.023275558 0.050000000 0.060987218
v 0.024181012 0.050000000 0.062753372
v 0.023199188 0.050000000 0.060950440
v 0.024191552 0.050000000 0.062669265
v 0.023121080 0.050000000 0.060917515
v 0.024197887 0.050000000 0.062584738
v 0.023041427 0.050000000 0.060888524
v 0.024200000 0.050000000 0.062500000
v 0.022960429 0.050000000 0.060863539
v 0.022878286 0.050000000 0.060842623
v 0.022795202 0.050000000 0.060825827
v 0.022711384 0.050000000 0.060813193
v 0.022627041 0.050000000 0.060804754
v 0.022542382 0.050000000 0.060800528
v 0.024197887 0.050000000 0.062415262
v 0.024191552 0.050000000 0.062330735
v 0.024181012 0.050000000 0.062246628
v 0.024166293 0.050000000 0.062163152
v 0.024147431 0.050000000 0.062080512
v 0.024124474 0.050000000 0.061998916
v 0.024097477 0.050000000 0.061918566
v 0.024066510 0.050000000 0.061839661
v 0.024031647 0.050000000 0.061762398
v 0.023992977 0.050000000 0.061686968
v 0.023950594 0.050000000 0.061613560
v 0.023904606 0.050000000 0.061542356
v 0.024000000 0.050000000 0.077000000
v 0.021049406 0.050000000 0.063386440
v 0.021095394 0.050000000 0.063457644
v 0.021144875 0.050000000 0.063526467
v 0.021197724 0.050000000 0.063592739
v 0.021253812 0.050000000 0.063656294
v 0.021312997 0.050000000 0.063716974
v 0.021375134 0.050000000 0.063774628
v 0.021440067 0.050000000 0.063829114
v 0.021507636 0.050000000 0.063880295
v 0.021577671 0.050000000 0.063928044
v 0.021650000 0.050000000 0.063972243
v 0.021724442 0.050000000 0.064012782
v 0.021800812 0.050000000 0.064049560
v 0.021878920 0.050000000 0.064082485
v 0.021958573 0.050000000 0.064111476
v 0.022039571 0.050000000 0.064136461
v 0.022121714 0.050000000 0.064157377
v 0.022204798 0.050000000 0.064174173
v 0.022288616 0.050000000 0.064186807
v 0.022372959 0.050000000 0.064195246
v 0.022457618 0.050000000 0.064199472
v 0.022542382 0.050000000 0.064199472
v 0.022627041 0.050000000 0.064195246
v 0.022711384 0.050000000 0.064186807
v 0.022795202 0.050000000 0.064174173
v 0.022878286 0.050000000 0.064157377
v 0.022960429 0.050000000 0.064136461
v 0.023041427 0.050000000 0.064111476
v 0.023121080 0.050000000 0.064082485
v 0.023199188 0.050000000 0.064049560
v 0.023275558 0.050000000 0.064012782
v 0.023350000 0.050000000 0.063972243
v 0.023422329 0.050000000 0.063928044
v 0.023492364 0.050000000 0.063880295
v 0.023559933 0.050000000 0.063829114
v 0.023624866 0.050000000 0.063774628
v 0.023687003 0.050000000 0.063716974
v 0.023746188 0.050000000 0.063656294
v 0.023802276 0.050000000 0.063592739
v 0.023855125 0.050000000 0.063526467
v 0.045850633 0.050000000 0.063469611
v 0.045928967 0.050000000 0.063389300
v 0.046011207 0.050000000 0.063312992
v 0.045776400 0.050000000 0.063553728
v 0.046097148 0.050000000 0.063240879
v 0.045706452 0.050000000 0.063641440
v 0.046186577 0.050000000 0.063173139
v 0.045640963 0.050000000 0.063732530
v 0.046279271 0.050000000 0.063109942
v 0.045580096 0.050000000 0.063826771
v 0.046375000 0.050000000 0.063051443
v 0.045524001 0.050000000 0.063923929
v 0.046473526 0.050000000 0.062997788
v 0.045472820 0.050000000 0.064023762
v 0.046574604 0.050000000 0.062949112
v 0.045426679 0.050000000 0.064126022
v 0.046677983 0.050000000 0.062905534
v 0.045385692 0.050000000 0.064230455
v 0.046783405 0.050000000 0.062867163
v 0.045349961 0.050000000 0.064336801
v 0.046890609 0.050000000 0.062834095
v 0.045319576 0.050000000 0.064444796
v 0.046999328 0.050000000 0.062806412
v 0.045294612 0.050000000 0.064554171
v 0.047109292 0.050000000 0.062784183
v 0.045275131 0.050000000 0.064664655
v 0.047220227 0.050000000 0.062767462
v 0.045261181 0.050000000 0.064775972
v 0.047331857 0.050000000 0.062756291
v 0.045252797 0.050000000 0.064887847
v 0.047443906 0.050000000 0.062750699
v 0.045250000 0.050000000 0.065000000
v 0.047556094 0.050000000 0.062750699
v 0.045252797 0.050000000 0.065112153
v 0.047668143 0.050000000 0.062756291
v 0.045261181 0.050000000 0.065224028
v 0.047779773 0.050000000 0.062767462
v 0.045275131 0.050000000 0.065335345
v 0.047890708 0.050000000 0.062784183
v 0.045294612 0.050000000 0.065445829
v 0.048000672 0.050000000 0.062806412
v 0.045319576 0.050000000 0.065555204
v 0.048109391 0.050000000 0.062834095
v 0.045349961 0.050000000 0.065663199
v 0.048216595 0.050000000 0.062867163
v 0.045385692 0.050000000 0.065769545
v 0.048322017 0.050000000 0.062905534
v 0.045426679 0.050000000 0.065873978
v 0.048425396 0.050000000 0.062949112
v 0.045472820 0.050000000 0.065976238
v 0.048526474 0.050000000 0.062997788
v 0.045524001 0.050000000 0.066076071
v 0.048625000 0.050000000 0.063051443
v 0.045580096 0.050000000 0.066173229
v 0.048720729 0.050000000 0.063109942
v 0.045640963 0.050000000 0.066267470
v 0.048813423 0.050000000 0.063173139
v 0.024000000 0.050000000 0.088000000
v -0.024000000 0.050000000 0.088000000
v 0.045706452 0.050000000 0.066358560
v 0.048902852 0.050000000 0.063240879
v 0.045776400 0.050000000 0.066446272
v 0.048988793 0.050000000 0.063312992
v 0.045850633 0.050000000 0.066530389
v 0.049071033 0.050000000 0.063389300
v 0.045928967 0.050000000 0.066610700
v 0.049149367 0.050000000 0.063469611
v 0.046011207 0.050000000 0.066687008
v 0.049223600 0.050000000 0.063553728
v 0.046097148 0.050000000 0.066759121
v 0.049293548 0.050000000 0.063641440
v 0.046186577 0.050000000 0.066826861
v 0.049359037 0.050000000 0.063732530
v 0.046279271 0.050000000 0.066890058
v 0.049419904 0.050000000 0.063826771
v 0.046375000 0.050000000 0.066948557
v 0.049475999 0.050000000 0.063923929
v 0.046473526 0.050000000 0.067002212
v 0.049527180 0.050000000 0.064023762
v 0.046574604 0.050000000 0.067050888
v 0.049573321 0.050000000 0.064126022
v 0.056000000 0.050000000 0.077000000
v 0.046783405 0.050000000 0.067132837
v 0.046677983 0.050000000 0.067094466
v 0.046890609 0.050000000 0.067165905
v 0.046999328 0.050000000 0.067193588
v 0.047109292 0.050000000 0.067215817
v 0.047220227 0.050000000 0.067232538
v 0.047331857 0.050000000 0.067243709
v 0.047443906 0.050000000 0.067249301
v 0.047556094 0.050000000 0.067249301
v 0.047668143 0.050000000 0.067243709
v 0.047779773 0.050000000 0.067232538
v 0.047890708 0.050000000 0.067215817
v 0.048000672 0.050000000 0.067193588
v 0.048109391 0.050000000 0.067165905
v 0.048216595 0.050000000 0.067132837
v 0.049747203 0.050000000 0.064887847
v 0.049750000 0.050000000 0.065000000
v 0.048322017 0.050000000 0.067094466
v 0.049738819 0.050000000 0.064775972
v 0.048425396 0.050000000 0.067050888
v 0.049724869 0.050000000 0.064664655
v 0.048526474 0.050000000 0.067002212
v 0.049705388 0.050000000 0.064554171
v 0.048625000 0.050000000 0.066948557
v 0.049680424 0.050000000 0.064444796
v 0.048720729 0.050000000 0.066890058
v 0.049650039 0.050000000 0.064336801
v 0.048813423 0.050000000 0.066826861
v 0.049614308 0.050000000 0.064230455
v 0.048902852 0.050000000 0.066759121
v 0.048988793 0.050000000 0.066687008
v 0.049071033 0.050000000 0.066610700
v 0.049149367 0.050000000 0.066530389
v 0.049223600 0.050000000 0.066446272
v 0.049293548 0.050000000 0.066358560
v 0.049359037 0.050000000 0.066267470
v 0.049419904 0.050000000 0.066173229
v 0.049475999 0.050000000 0.066076071
v 0.049527180 0.050000000 0.065976238
v 0.049573321 0.050000000 0.065873978
v 0.049614308 0.050000000 0.065769545
v 0.049650039 0.050000000 0.065663199
v 0.049680424 0.050000000 0.065555204
v 0.049705388 0.050000000 0.065445829
v 0.049724869 0.050000000 0.065335345
v 0.049738819 0.050000000 0.065224028
v 0.049747203 0.050000000 0.065112153
v -0.022457618 0.050000000 0.060800528
v -0.022372959 0.050000000 0.060804754
v -0.022288616 0.050000000 0.060813193
v -0.022204798 0.050000000 0.060825827
v -0.022121714 0.050000000 0.060842623
v -0.022039571 0.050000000 0.060863539
v -0.021958573 0.050000000 0.060888524
v -0.021878920 0.050000000 0.060917515
v -0.021800812 0.050000000 0.060950440
v -0.021724442 0.050000000 0.060987218
v -0.021650000 0.050000000 0.061027757
v -0.021577671 0.050000000 0.061071956
v 0.022372959 0.050000000 0.060804754
v 0.022288616 0.050000000 0.060813193
v 0.022204798 0.050000000 0.060825827
v 0.022121714 0.050000000 0.060842623
v 0.022039571 0.050000000 0.060863539
v 0.021958573 0.050000000 0.060888524
v 0.021878920 0.050000000 0.060917515
v 0.021800812 0.050000000 0.060950440
v 0.021724442 0.050000000 0.060987218
v 0.021650000 0.050000000 0.061027757
v 0.021577671 0.050000000 0.061071956
v 0.022457618 0.050000000 0.060800528
v -0.024000000 0.047000000 0.090000000
v -0.024000000 0.047000000 0.088000000
v -0.024000000 0.003000000 0.090000000
v -0.024000000 0.003000000 0.085000000
v -0.002199156 0.007959482 0.085000000
v -0.002094710 0.007852399 0.085000000
v -0.001985058 0.007750656 0.085000000
v -0.002298133 0.008071637 0.085000000
v -0.001870469 0.007654506 0.085000000
v -0.002391398 0.008188587 0.085000000
v -0.001751231 0.007564186 0.085000000
v -0.002478716 0.008310040 0.085000000
v -0.001627639 0.007479922 0.085000000
v -0.002559873 0.008435694 0.085000000
v -0.001500000 0.007401924 0.085000000
v -0.002634665 0.008565238 0.085000000
v -0.001368632 0.007330385 0.085000000
v -0.002702907 0.008698349 0.085000000
v -0.001233861 0.007265482 0.085000000
v -0.002764429 0.008834696 0.085000000
v -0.001096023 0.007207379 0.085000000
v -0.002819078 0.008973940 0.085000000
v -0.000955460 0.007156218 0.085000000
v -0.002866718 0.009115734 0.085000000
v -0.000812521 0.007112127 0.085000000
v -0.002907232 0.009259728 0.085000000
v -0.000667563 0.007075216 0.085000000
v -0.002940517 0.009405562 0.085000000
v -0.000520945 0.007045577 0.085000000
v -0.002966492 0.009552873 0.085000000
v -0.000373031 0.007023282 0.085000000
v -0.002985092 0.009701296 0.085000000
v -0.000224190 0.007008389 0.085000000
v -0.002996271 0.009850462 0.085000000
v -0.000074792 0.007000932 0.085000000
v -0.003000000 0.010000000 0.085000000
v -0.014000000 0.021961538 0.085000000
v -0.018000000 0.021961538 0.085000000
v -0.002940517 0.010594438 0.085000000
v -0.002907232 0.010740272 0.085000000
v -0.002966492 0.010447127 0.085000000
v -0.002985092 0.010298704 0.085000000
v -0.002996271 0.010149538 0.085000000
v -0.002866718 0.010884266 0.085000000
v -0.002819078 0.011026060 0.085000000
v -0.002764429 0.011165304 0.085000000
v -0.002702907 0.011301651 0.085000000
v -0.002634665 0.011434762 0.085000000
v -0.002559873 0.011564306 0.085000000
v -0.002478716 0.011689960 0.085000000
v -0.002391398 0.011811413 0.085000000
v -0.002298133 0.011928363 0.085000000
v -0.002199156 0.012040518 0.085000000
v -0.002094710 0.012147601 0.085000000
v -0.001985058 0.012249344 0.085000000
v -0.001870469 0.012345494 0.085000000
v -0.001751231 0.012435814 0.085000000
v -0.001627639 0.012520078 0.085000000
v -0.001500000 0.012598076 0.085000000
v -0.001368632 0.012669615 0.085000000
v -0.001233861 0.012734518 0.085000000
v -0.001096023 0.012792621 0.085000000
v -0.000955460 0.012843782 0.085000000
v -0.000812521 0.012887873 0.085000000
v -0.000667563 0.012924784 0.085000000
v -0.000520945 0.012954423 0.085000000
v -0.000373031 0.012976718 0.085000000
v -0.000224190 0.012991611 0.085000000
v -0.000074792 0.012999068 0.085000000
v 0.000074792 0.007000932 0.085000000
v 0.024000000 0.003000000 0.085000000
v 0.000224190 0.007008389 0.085000000
v 0.000373031 0.007023282 0.085000000
v 0.000520945 0.007045577 0.085000000
v 0.000667563 0.007075216 0.085000000
v 0.000812521 0.007112127 0.085000000
v 0.000955460 0.007156218 0.085000000
v 0.001096023 0.007207379 0.085000000
v 0.001233861 0.007265482 0.085000000
v 0.001368632 0.007330385 0.085000000
v 0.001500000 0.007401924 0.085000000
v 0.001627639 0.007479922 0.085000000
v 0.001751231 0.007564186 0.085000000
v 0.001870469 0.007654506 0.085000000
v 0.001985058 0.007750656 0.085000000
v 0.002094710 0.007852399 0.085000000
v 0.002199156 0.007959482 0.085000000
v 0.002298133 0.008071637 0.085000000
v 0.002391398 0.008188587 0.085000000
v 0.002478716 0.008310040 0.085000000
v 0.002559873 0.008435694 0.085000000
v 0.002634665 0.008565238 0.085000000
v 0.002702907 0.008698349 0.085000000
v 0.002764429 0.008834696 0.085000000
v 0.002819078 0.008973940 0.085000000
v 0.002866718 0.009115734 0.085000000
v 0.002907232 0.009259728 0.085000000
v 0.002940517 0.009405562 0.085000000
v 0.002966492 0.009552873 0.085000000
v 0.002985092 0.009701296 0.085000000
v 0.002996271 0.009850462 0.085000000
v 0.003000000 0.010000000 0.085000000
v -0.014000000 0.040000000 0.085000000
v 0.014000000 0.021961538 0.085000000
v 0.002996271 0.010149538 0.085000000
v 0.002985092 0.010298704 0.085000000
v 0.002966492 0.010447127 0.085000000
v 0.002940517 0.010594438 0.085000000
v 0.002907232 0.010740272 0.085000000
v 0.002866718 0.010884266 0.085000000
v 0.002819078 0.011026060 0.085000000
v 0.002764429 0.011165304 0.085000000
v 0.002702907 0.011301651 0.085000000
v 0.002634665 0.011434762 0.085000000
v 0.002559873 0.011564306 0.085000000
v 0.002478716 0.011689960 0.085000000
v 0.002391398 0.011811413 0.085000000
v 0.002298133 0.011928363 0.085000000
v 0.002199156 0.012040518 0.085000000
v 0.002094710 0.012147601 0.085000000
v 0.001985058 0.012249344 0.085000000
v 0.001870469 0.012345494 0.085000000
v 0.001751231 0.012435814 0.085000000
v 0.001627639 0.012520078 0.085000000
v 0.001500000 0.012598076 0.085000000
v 0.001368632 0.012669615 0.085000000
v 0.001233861 0.012734518 0.085000000
v 0.001096023 0.012792621 0.085000000
v 0.000955460 0.012843782 0.085000000
v 0.000812521 0.012887873 0.085000000
v 0.000667563 0.012924784 0.085000000
v 0.000520945 0.012954423 0.085000000
v 0.000373031 0.012976718 0.085000000
v 0.000224190 0.012991611 0.085000000
v 0.000074792 0.012999068 0.085000000
v 0.018000000 0.021961538 0.085000000
v 0.014000000 0.040000000 0.085000000
v -0.014000000 0.040000000 0.086000000
v -0.017250000 0.040000000 0.086000000
v -0.017250000 0.040000000 0.090000000
v -0.017250000 0.047000000 0.090000000
v -0.017250000 0.047000000 0.088000000
v 0.017250000 0.047000000 0.088000000
v 0.024000000 0.047000000 0.088000000
v 0.017250000 0.047000000 0.090000000
v 0.017250000 0.040000000 0.090000000
v 0.017250000 0.040000000 0.086000000
v 0.014000000 0.040000000 0.086000000
v 0.024000000 0.047000000 0.090000000
v 0.024000000 0.003000000 0.090000000
v 0.043250000 0.046000000 0.077000000
v 0.036250000 0.046000000 0.077000000
v -0.015800000 0.004500000 0.090000000
v -0.019000000 0.004500000 0.090000000
v -0.002199156 0.007959482 0.090000000
v -0.002094710 0.007852399 0.090000000
v -0.001985058 0.007750656 0.090000000
v -0.002298133 0.008071637 0.090000000
v -0.001870469 0.007654506 0.090000000
v -0.002391398 0.008188587 0.090000000
v -0.001751231 0.007564186 0.090000000
v -0.002478716 0.008310040 0.090000000
v -0.001627639 0.007479922 0.090000000
v -0.002559873 0.008435694 0.090000000
v -0.001500000 0.007401924 0.090000000
v -0.002634665 0.008565238 0.090000000
v -0.001368632 0.007330385 0.090000000
v -0.002702907 0.008698349 0.090000000
v -0.001233861 0.007265482 0.090000000
v -0.002764429 0.008834696 0.090000000
v -0.001096023 0.007207379 0.090000000
v -0.002819078 0.008973940 0.090000000
v -0.000955460 0.007156218 0.090000000
v -0.002866718 0.009115734 0.090000000
v -0.000812521 0.007112127 0.090000000
v -0.002907232 0.009259728 0.090000000
v -0.000667563 0.007075216 0.090000000
v -0.002940517 0.009405562 0.090000000
v -0.000520945 0.007045577 0.090000000
v -0.002966492 0.009552873 0.090000000
v -0.000373031 0.007023282 0.090000000
v -0.002985092 0.009701296 0.090000000
v -0.000224190 0.007008389 0.090000000
v -0.002996271 0.009850462 0.090000000
v -0.000074792 0.007000932 0.090000000
v -0.003000000 0.010000000 0.090000000
v -0.002996271 0.010149538 0.090000000
v -0.002985092 0.010298704 0.090000000
v -0.002966492 0.010447127 0.090000000
v -0.002940517 0.010594438 0.090000000
v -0.002907232 0.010740272 0.090000000
v -0.002866718 0.010884266 0.090000000
v -0.002819078 0.011026060 0.090000000
v -0.002764429 0.011165304 0.090000000
v -0.002702907 0.011301651 0.090000000
v -0.002634665 0.011434762 0.090000000
v -0.002559873 0.011564306 0.090000000
v -0.002478716 0.011689960 0.090000000
v -0.019000000 0.036000000 0.090000000
v -0.015800000 0.036000000 0.090000000
v -0.000074792 0.012999068 0.090000000
v 0.000074792 0.012999068 0.090000000
v -0.000224190 0.012991611 0.090000000
v -0.000373031 0.012976718 0.090000000
v -0.000520945 0.012954423 0.090000000
v -0.000667563 0.012924784 0.090000000
v -0.000812521 0.012887873 0.090000000
v -0.000955460 0.012843782 0.090000000
v -0.001096023 0.012792621 0.090000000
v -0.001233861 0.012734518 0.090000000
v -0.001368632 0.012669615 0.090000000
v -0.001500000 0.012598076 0.090000000
v -0.001627639 0.012520078 0.090000000
v -0.001751231 0.012435814 0.090000000
v -0.001870469 0.012345494 0.090000000
v -0.001985058 0.012249344 0.090000000
v -0.002094710 0.012147601 0.090000000
v -0.002199156 0.012040518 0.090000000
v -0.002298133 0.011928363 0.090000000
v -0.002391398 0.011811413 0.090000000
v 0.015800000 0.004500000 0.090000000
v 0.000074792 0.007000932 0.090000000
v 0.000224190 0.007008389 0.090000000
v 0.000373031 0.007023282 0.090000000
v 0.000520945 0.007045577 0.090000000
v 0.000667563 0.007075216 0.090000000
v 0.000812521 0.007112127 0.090000000
v 0.000955460 0.007156218 0.090000000
v 0.001096023 0.007207379 0.090000000
v 0.002996271 0.010149538 0.090000000
v 0.003000000 0.010000000 0.090000000
v 0.001233861 0.007265482 0.090000000
v 0.002985092 0.010298704 0.090000000
v 0.001368632 0.007330385 0.090000000
v 0.002966492 0.010447127 0.090000000
v 0.001500000 0.007401924 0.090000000
v 0.002940517 0.010594438 0.090000000
v 0.001627639 0.007479922 0.090000000
v 0.002907232 0.010740272 0.090000000
v 0.001751231 0.007564186 0.090000000
v 0.002866718 0.010884266 0.090000000
v 0.001870469 0.007654506 0.090000000
v 0.002819078 0.011026060 0.090000000
v 0.001985058 0.007750656 0.090000000
v 0.002764429 0.011165304 0.090000000
v 0.002094710 0.007852399 0.090000000
v 0.002702907 0.011301651 0.090000000
v 0.002199156 0.007959482 0.090000000
v 0.002634665 0.011434762 0.090000000
v 0.002298133 0.008071637 0.090000000
v 0.002559873 0.011564306 0.090000000
v 0.002391398 0.008188587 0.090000000
v 0.002478716 0.011689960 0.090000000
v 0.002478716 0.008310040 0.090000000
v 0.002559873 0.008435694 0.090000000
v 0.002634665 0.008565238 0.090000000
v 0.002702907 0.008698349 0.090000000
v 0.002764429 0.008834696 0.090000000
v 0.002819078 0.008973940 0.090000000
v 0.002866718 0.009115734 0.090000000
v 0.002907232 0.009259728 0.090000000
v 0.002940517 0.009405562 0.090000000
v 0.002966492 0.009552873 0.090000000
v 0.002985092 0.009701296 0.090000000
v 0.002996271 0.009850462 0.090000000
v 0.019000000 0.004500000 0.090000000
v 0.015800000 0.036000000 0.090000000
v 0.002391398 0.011811413 0.090000000
v 0.002298133 0.011928363 0.090000000
v 0.002199156 0.012040518 0.090000000
v 0.002094710 0.012147601 0.090000000
v 0.001985058 0.012249344 0.090000000
v 0.001870469 0.012345494 0.090000000
v 0.001751231 0.012435814 0.090000000
v 0.001627639 0.012520078 0.090000000
v 0.001500000 0.012598076 0.090000000
v 0.001368632 0.012669615 0.090000000
v 0.001233861 0.012734518 0.090000000
v 0.001096023 0.012792621 0.090000000
v 0.000955460 0.012843782 0.090000000
v 0.000812521 0.012887873 0.090000000
v 0.000667563 0.012924784 0.090000000
v 0.000520945 0.012954423 0.090000000
v 0.000373031 0.012976718 0.090000000
v 0.000224190 0.012991611 0.090000000
v 0.019000000 0.036000000 0.090000000
v -0.015800000 0.004500000 0.095000000
v -0.019000000 0.004500000 0.095000000
v -0.015800000 0.036000000 0.095000000
v -0.019000000 0.036000000 0.095000000
v 0.019000000 0.004500000 0.095000000
v 0.015800000 0.004500000 0.095000000
v 0.019000000 0.036000000 0.095000000
v 0.015800000 0.036000000 0.095000000
f 1 2 3
f 1 4 2
f 5 6 7
f 5 7 8
f 1 3 5
f 1 5 8
f 4 9 2
f 2 9 10
f 11 9 4
f 12 11 4
f 13 12 4
f 14 13 4
f 15 16 17
f 15 17 18
f 15 18 19
f 15 19 20
f 15 20 21
f 15 21 22
f 15 22 23
f 15 23 24
f 15 24 25
f 15 25 26
f 15 26 14
f 15 14 4
f 27 16 15
f 28 27 15
f 29 28 15
f 29 30 31
f 29 31 32
f 29 32 33
f 29 33 34
f 29 34 35
f 29 35 36
f 29 36 37
f 29 37 38
f 29 38 39
f 29 39 40
f 29 40 41
f 29 41 42
f 29 42 43
f 29 43 44
f 29 44 45
f 29 45 46
f 29 46 47
f 29 47 48
f 29 48 49
f 29 49 50
f 29 50 51
f 29 51 28
f 52 29 53
f 54 53 29
f 55 29 52
f 56 54 29
f 57 29 55
f 58 56 29
f 59 29 57
f 60 58 29
f 61 29 59
f 62 60 29
f 63 29 61
f 64 62 29
f 65 29 63
f 66 64 29
f 67 29 65
f 68 66 29
f 69 29 67
f 70 68 29
f 71 29 69
f 72 70 29
f 73 29 71
f 73 74 30
f 73 30 29
f 75 72 29
f 76 74 73
f 77 75 29
f 78 79 74
f 78 74 76
f 80 77 29
f 81 82 79
f 81 79 78
f 83 80 29
f 84 85 82
f 84 82 81
f 86 87 85
f 86 85 84
f 88 89 87
f 88 87 86
f 90 89 88
f 91 92 89
f 91 89 90
f 93 94 92
f 93 92 91
f 95 96 94
f 95 94 93
f 97 98 96
f 97 96 95
f 99 100 98
f 99 98 97
f 101 100 99
f 102 103 100
f 102 100 101
f 104 105 106
f 104 106 107
f 104 107 108
f 104 108 109
f 110 111 112
f 113 111 110
f 113 114 111
f 115 110 112
f 116 114 113
f 116 117 118
f 116 118 114
f 119 115 112
f 119 112 120
f 121 117 116
f 122 120 123
f 122 119 120
f 124 125 117
f 124 117 121
f 126 122 123
f 126 123 127
f 128 129 130
f 128 130 125
f 128 125 124
f 131 127 132
f 131 132 133
f 131 126 127
f 134 129 128
f 135 131 133
f 136 137 103
f 136 102 129
f 136 129 134
f 136 103 102
f 138 133 139
f 138 139 140
f 138 135 133
f 141 142 137
f 141 137 136
f 143 138 140
f 144 145 142
f 144 142 141
f 146 140 147
f 146 143 140
f 148 145 144
f 149 146 147
f 149 147 150
f 151 152 145
f 151 145 148
f 153 149 150
f 153 150 154
f 155 109 152
f 155 104 109
f 155 152 151
f 156 154 157
f 156 153 154
f 158 104 155
f 159 157 160
f 159 156 157
f 161 104 158
f 162 159 160
f 162 160 163
f 162 163 164
f 165 104 161
f 166 162 164
f 167 104 165
f 168 166 164
f 168 164 169
f 168 169 170
f 171 104 167
f 172 168 170
f 173 104 171
f 174 172 170
f 174 170 175
f 176 104 173
f 177 174 175
f 177 175 178
f 179 104 176
f 180 177 178
f 180 178 181
f 182 104 179
f 183 180 181
f 183 181 184
f 185 104 182
f 186 183 184
f 186 184 187
f 188 104 185
f 189 186 187
f 189 187 190
f 189 190 191
f 192 104 188
f 193 189 191
f 194 104 192
f 195 193 191
f 195 191 196
f 197 104 194
f 198 195 196
f 198 196 199
f 200 104 197
f 201 198 199
f 201 199 202
f 203 104 200
f 204 201 202
f 204 202 205
f 204 205 206
f 207 104 203
f 208 204 206
f 208 206 209
f 210 104 207
f 211 208 209
f 211 209 212
f 213 104 210
f 214 212 215
f 214 211 212
f 216 104 213
f 217 215 218
f 217 214 215
f 219 104 216
f 220 217 218
f 220 218 221
f 222 104 219
f 223 220 221
f 223 221 224
f 225 104 222
f 226 223 224
f 227 104 225
f 228 226 224
f 228 224 229
f 230 104 227
f 231 229 232
f 231 232 233
f 231 228 229
f 234 104 230
f 235 231 233
f 236 104 234
f 237 233 238
f 237 238 239
f 237 235 233
f 240 104 236
f 241 237 239
f 241 239 242
f 243 104 240
f 244 242 245
f 244 241 242
f 246 104 243
f 247 244 245
f 248 104 246
f 249 104 248
f 250 104 249
f 251 104 250
f 252 104 251
f 253 104 252
f 254 104 253
f 255 104 254
f 256 15 4
f 1 256 4
f 1 257 256
f 258 259 257
f 260 261 262
f 260 262 263
f 260 263 264
f 265 258 257
f 266 267 261
f 266 261 260
f 268 265 257
f 269 267 266
f 269 270 267
f 271 268 257
f 272 273 270
f 272 270 269
f 274 271 257
f 275 276 273
f 275 273 272
f 277 274 257
f 278 276 275
f 279 277 257
f 280 281 282
f 280 282 276
f 280 276 278
f 283 279 257
f 284 281 280
f 284 285 281
f 286 283 257
f 287 285 284
f 288 286 257
f 289 290 291
f 289 291 285
f 289 285 287
f 292 288 257
f 293 290 289
f 294 292 257
f 295 296 290
f 295 290 293
f 297 294 257
f 298 299 296
f 298 296 295
f 300 297 257
f 301 302 299
f 301 299 298
f 303 300 257
f 304 305 306
f 304 302 301
f 304 306 302
f 307 303 257
f 308 305 304
f 309 307 257
f 310 245 311
f 310 311 305
f 310 305 308
f 312 309 257
f 313 245 310
f 314 312 257
f 315 314 257
f 316 315 257
f 317 316 257
f 318 317 257
f 319 318 257
f 320 319 257
f 321 320 257
f 322 321 257
f 323 322 257
f 324 323 257
f 325 324 257
f 326 325 257
f 327 326 257
f 328 327 257
f 329 328 257
f 330 329 257
f 331 330 257
f 332 331 257
f 333 332 257
f 334 333 257
f 335 334 257
f 336 335 257
f 337 336 257
f 338 257 1
f 338 337 257
f 339 338 1
f 340 341 342
f 343 344 341
f 343 341 340
f 345 340 342
f 346 347 344
f 346 344 343
f 348 342 349
f 348 349 350
f 348 345 342
f 351 352 353
f 351 353 347
f 351 347 346
f 354 350 355
f 354 348 350
f 356 352 351
f 357 354 355
f 358 352 356
f 358 359 352
f 360 355 361
f 360 361 362
f 360 357 355
f 363 364 365
f 363 365 359
f 363 359 358
f 366 360 362
f 367 364 363
f 368 362 369
f 368 366 362
f 370 364 367
f 370 371 364
f 372 369 373
f 372 373 374
f 372 368 369
f 375 376 377
f 375 377 371
f 375 371 370
f 378 372 374
f 379 376 375
f 380 374 381
f 380 381 382
f 380 378 374
f 383 247 245
f 383 313 376
f 383 384 247
f 383 376 379
f 383 245 313
f 385 380 382
f 386 384 383
f 387 382 388
f 387 388 389
f 387 385 382
f 390 391 384
f 390 384 386
f 392 387 389
f 393 394 391
f 393 391 390
f 395 389 396
f 395 392 389
f 397 394 393
f 397 398 399
f 397 399 394
f 400 396 401
f 400 395 396
f 402 398 397
f 403 401 404
f 403 400 401
f 405 398 402
f 405 406 407
f 405 407 398
f 408 403 404
f 408 404 409
f 408 409 410
f 411 406 405
f 412 410 413
f 412 408 410
f 414 406 411
f 414 415 406
f 416 412 413
f 417 415 414
f 417 418 415
f 419 416 413
f 419 413 420
f 419 420 421
f 422 418 417
f 422 423 418
f 424 419 421
f 424 421 425
f 426 423 422
f 426 427 423
f 428 424 425
f 429 427 426
f 429 430 427
f 431 428 425
f 431 425 432
f 433 430 429
f 433 434 430
f 435 432 436
f 435 436 437
f 435 431 432
f 438 439 440
f 438 440 434
f 438 434 433
f 441 435 437
f 441 437 442
f 443 439 438
f 444 441 442
f 444 442 445
f 446 439 443
f 446 447 439
f 448 444 445
f 448 445 449
f 450 451 447
f 450 447 446
f 452 448 449
f 453 454 455
f 453 455 451
f 453 451 450
f 456 452 449
f 456 449 457
f 456 457 458
f 459 454 453
f 460 456 458
f 461 462 454
f 461 454 459
f 463 460 458
f 463 458 464
f 463 464 465
f 466 462 461
f 466 467 468
f 466 468 462
f 469 463 465
f 470 467 466
f 471 469 465
f 471 465 472
f 473 474 467
f 473 467 470
f 475 471 472
f 475 472 476
f 477 478 474
f 477 474 473
f 479 476 480
f 479 475 476
f 481 482 478
f 481 478 477
f 483 479 480
f 483 480 484
f 485 486 482
f 485 482 481
f 487 484 488
f 487 483 484
f 489 486 485
f 489 490 486
f 491 488 492
f 491 492 493
f 491 487 488
f 494 491 493
f 494 493 495
f 496 494 495
f 8 497 498
f 8 498 499
f 8 499 500
f 8 500 501
f 8 501 502
f 8 502 503
f 8 503 504
f 8 504 505
f 8 505 506
f 8 506 507
f 8 507 508
f 8 508 509
f 8 496 495
f 8 509 510
f 8 510 511
f 8 511 512
f 8 512 513
f 8 513 514
f 8 514 515
f 8 515 516
f 8 516 517
f 8 517 518
f 8 518 519
f 8 519 520
f 8 520 521
f 8 521 522
f 8 522 523
f 8 523 524
f 8 524 525
f 8 525 526
f 8 526 527
f 8 527 528
f 8 528 529
f 8 529 530
f 8 530 531
f 8 531 532
f 8 532 533
f 8 533 534
f 8 534 535
f 8 535 496
f 8 495 536
f 8 536 537
f 8 537 538
f 8 538 539
f 8 539 540
f 8 540 541
f 8 541 542
f 8 542 339
f 8 339 1
f 8 543 544
f 8 544 497
f 8 104 255
f 8 255 545
f 8 545 546
f 8 546 547
f 8 547 548
f 8 548 549
f 8 549 550
f 8 550 490
f 8 490 543
f 543 490 551
f 551 490 552
f 552 490 553
f 553 490 554
f 554 490 555
f 555 490 556
f 556 490 489
f 29 257 557
f 557 257 558
f 558 257 559
f 559 257 560
f 560 257 561
f 561 257 562
f 562 257 563
f 563 257 564
f 564 257 565
f 565 257 566
f 566 257 567
f 567 257 568
f 568 257 569
f 569 257 570
f 570 257 571
f 571 257 572
f 572 257 573
f 573 257 574
f 574 257 263
f 263 257 259
f 263 259 575
f 263 575 576
f 263 576 577
f 263 577 578
f 263 578 264
f 29 557 579
f 29 579 83
f 580 3 581
f 582 580 581
f 583 580 582
f 584 583 585
f 586 585 583
f 587 583 584
f 588 586 583
f 589 583 587
f 590 588 583
f 591 583 589
f 592 590 583
f 593 583 591
f 594 592 583
f 595 583 593
f 596 594 583
f 597 583 595
f 598 596 583
f 599 583 597
f 600 598 583
f 601 583 599
f 602 600 583
f 603 583 601
f 604 602 583
f 605 583 603
f 606 604 583
f 607 583 605
f 608 606 583
f 608 583 582
f 609 583 607
f 610 608 582
f 611 583 609
f 612 610 582
f 613 612 582
f 614 613 582
f 5 3 580
f 615 614 582
f 616 615 582
f 617 616 582
f 618 617 582
f 619 618 582
f 620 619 582
f 621 620 582
f 622 621 582
f 623 622 582
f 624 623 582
f 625 624 582
f 626 625 582
f 627 626 582
f 628 5 580
f 629 630 631
f 629 632 630
f 629 631 633
f 634 631 635
f 634 633 631
f 636 632 629
f 637 635 638
f 637 634 635
f 639 632 636
f 639 640 632
f 639 641 640
f 642 638 643
f 642 637 638
f 644 641 639
f 645 643 646
f 645 642 643
f 647 648 641
f 647 641 644
f 649 650 651
f 649 646 650
f 649 645 646
f 652 653 648
f 652 654 653
f 652 648 647
f 655 651 656
f 655 649 651
f 657 654 652
f 658 655 656
f 659 656 660
f 659 658 656
f 661 660 662
f 661 659 660
f 663 664 665
f 663 662 664
f 663 661 662
f 666 663 665
f 667 668 669
f 667 665 668
f 667 666 665
f 670 667 669
f 671 669 672
f 671 670 669
f 673 672 674
f 673 671 672
f 675 676 677
f 675 674 676
f 675 673 674
f 678 675 677
f 679 680 681
f 679 677 680
f 679 678 677
f 682 681 683
f 682 679 681
f 684 682 683
f 685 686 687
f 685 683 686
f 685 684 683
f 688 685 687
f 689 687 690
f 689 688 687
f 691 690 692
f 691 689 690
f 693 691 692
f 693 694 695
f 693 692 694
f 696 693 695
f 696 695 697
f 698 696 697
f 698 697 699
f 700 698 699
f 701 700 699
f 701 699 702
f 703 701 702
f 703 702 704
f 705 703 704
f 705 706 707
f 705 704 706
f 708 705 707
f 709 708 707
f 709 707 710
f 711 709 710
f 711 712 713
f 711 710 712
f 714 715 716
f 714 717 715
f 714 718 717
f 714 719 718
f 714 720 719
f 714 721 720
f 714 722 721
f 714 723 722
f 714 724 723
f 714 725 724
f 714 726 725
f 714 727 726
f 714 728 727
f 714 729 728
f 714 730 729
f 714 731 730
f 732 711 713
f 733 714 716
f 734 732 713
f 734 735 736
f 734 713 735
f 737 714 733
f 738 734 736
f 739 714 737
f 740 741 742
f 740 736 741
f 740 738 736
f 743 714 739
f 744 740 742
f 745 714 743
f 746 744 742
f 746 742 747
f 748 714 745
f 749 746 747
f 749 747 750
f 751 714 748
f 752 749 750
f 752 750 753
f 754 714 751
f 755 714 754
f 756 714 755
f 757 714 756
f 758 714 757
f 759 714 758
f 760 714 759
f 761 714 760
f 762 714 761
f 763 714 762
f 764 714 763
f 765 714 764
f 766 714 765
f 767 714 766
f 2 768 581
f 2 581 3
f 769 770 771
f 769 772 770
f 773 772 769
f 773 774 772
f 775 774 773
f 775 776 774
f 777 776 775
f 777 778 776
f 779 778 777
f 779 780 778
f 781 780 779
f 781 782 780
f 783 782 781
f 783 784 782
f 785 784 783
f 785 786 784
f 787 786 785
f 787 788 786
f 789 788 787
f 789 790 788
f 791 790 789
f 791 792 790
f 793 794 792
f 793 792 791
f 795 796 794
f 795 794 793
f 795 797 796
f 798 797 795
f 799 797 798
f 799 800 797
f 801 800 799
f 801 802 800
f 801 803 802
f 804 803 801
f 805 803 804
f 805 753 803
f 806 807 808
f 806 809 807
f 806 810 809
f 806 811 810
f 806 812 811
f 806 813 812
f 806 814 813
f 806 815 814
f 806 816 815
f 806 817 816
f 806 818 817
f 806 819 818
f 806 820 819
f 806 821 820
f 806 822 821
f 806 823 822
f 806 824 823
f 806 825 824
f 806 826 825
f 827 826 806
f 828 827 806
f 829 828 806
f 830 829 806
f 831 830 806
f 832 831 806
f 833 832 806
f 834 833 806
f 835 834 806
f 836 835 806
f 837 836 806
f 838 837 806
f 839 838 806
f 840 839 806
f 841 840 806
f 842 841 806
f 843 806 844
f 845 768 846
f 847 846 768
f 848 768 845
f 849 847 768
f 850 768 848
f 850 844 768
f 851 849 768
f 852 844 850
f 853 851 768
f 854 844 852
f 855 853 768
f 856 844 854
f 857 855 768
f 858 844 856
f 859 857 768
f 860 844 858
f 861 859 768
f 862 844 860
f 863 861 768
f 864 844 862
f 865 768 2
f 865 863 768
f 866 844 864
f 867 865 2
f 868 844 866
f 869 867 2
f 870 844 868
f 871 869 2
f 872 844 870
f 10 871 2
f 873 844 872
f 874 844 873
f 875 844 874
f 876 843 844
f 876 844 875
f 877 843 876
f 878 879 880
f 881 879 878
f 881 882 879
f 883 878 880
f 883 880 884
f 885 882 881
f 886 883 884
f 886 887 888
f 886 884 887
f 889 882 885
f 889 890 882
f 891 886 888
f 891 888 892
f 893 894 890
f 893 895 894
f 893 890 889
f 896 891 892
f 897 898 895
f 897 895 893
f 899 896 892
f 899 892 900
f 901 898 897
f 902 899 900
f 902 900 903
f 904 898 901
f 904 905 898
f 906 902 903
f 906 903 907
f 908 843 877
f 909 905 904
f 909 910 905
f 911 906 907
f 911 912 913
f 911 907 912
f 914 915 910
f 914 910 909
f 916 911 913
f 917 915 914
f 917 918 915
f 917 805 918
f 919 916 913
f 919 913 920
f 921 752 753
f 921 805 917
f 921 753 805
f 922 843 908
f 923 920 924
f 923 919 920
f 925 926 752
f 925 752 921
f 927 923 924
f 927 924 928
f 929 930 926
f 929 931 930
f 929 926 925
f 932 928 933
f 932 927 928
f 934 931 929
f 935 843 922
f 936 933 937
f 936 932 933
f 938 939 931
f 938 940 939
f 938 931 934
f 941 942 943
f 941 937 942
f 941 936 937
f 944 940 938
f 945 941 943
f 946 843 935
f 947 948 940
f 947 940 944
f 949 950 951
f 949 943 950
f 949 945 943
f 952 953 948
f 952 948 947
f 954 951 955
f 954 949 951
f 956 843 946
f 957 953 952
f 957 958 953
f 957 959 958
f 960 954 955
f 961 959 957
f 962 955 963
f 962 960 955
f 964 843 956
f 965 966 959
f 965 967 966
f 965 959 961
f 968 962 963
f 968 969 970
f 968 963 969
f 971 967 965
f 972 968 970
f 973 843 964
f 974 975 967
f 974 967 971
f 976 977 978
f 976 970 977
f 976 972 970
f 979 980 975
f 979 981 980
f 979 975 974
f 982 976 978
f 983 843 973
f 984 981 979
f 985 982 978
f 985 978 986
f 987 988 981
f 987 981 984
f 989 985 986
f 989 990 991
f 989 986 990
f 992 843 983
f 993 988 987
f 993 994 988
f 993 995 994
f 996 989 991
f 996 991 997
f 998 995 993
f 999 997 1000
f 999 996 997
f 1001 843 992
f 1002 1003 995
f 1002 1004 1003
f 1002 995 998
f 1005 999 1000
f 1006 1004 1002
f 1007 1000 1008
f 1007 1005 1000
f 1009 843 1001
f 1010 1011 1004
f 1010 1012 1011
f 1010 1004 1006
f 1013 1007 1008
f 1013 1014 1015
f 1013 1008 1014
f 1016 1012 1010
f 1017 843 1009
f 1018 1013 1015
f 1019 1020 1012
f 1019 1012 1016
f 1021 1022 1023
f 1021 1015 1022
f 1021 1018 1015
f 1024 1025 1020
f 1024 1020 1019
f 1026 843 1017
f 1027 1021 1023
f 1027 1023 1028
f 1029 1030 1025
f 1029 1025 1024
f 1031 1027 1028
f 1032 1033 1030
f 1032 1034 1033
f 1032 1030 1029
f 1035 843 1026
f 1036 1037 1038
f 1036 1028 1037
f 1036 1031 1028
f 1039 1034 1032
f 1040 1036 1038
f 1041 1042 1034
f 1041 1034 1039
f 1043 843 1035
f 1044 1038 1045
f 1044 1040 1038
f 1046 843 1043
f 1047 843 1046
f 1048 843 1047
f 1049 1050 1051
f 1049 1052 1050
f 1049 1053 1052
f 1049 1054 1053
f 1049 1055 1054
f 1049 1056 1055
f 1049 1057 1056
f 1049 1058 1057
f 1049 1059 1058
f 1049 1060 1059
f 1049 1061 1060
f 1049 1062 1061
f 1049 1063 1062
f 1049 1064 1063
f 1049 1065 1064
f 1049 1066 1065
f 1049 1067 1066
f 1049 1068 1067
f 1049 1069 1068
f 1049 1070 1069
f 1049 1071 1070
f 1049 1072 1071
f 1049 1073 1072
f 1049 1074 1073
f 1049 1075 1074
f 1049 1076 1075
f 1049 1077 1076
f 1049 1078 1077
f 1049 1079 1078
f 1049 1080 1079
f 1049 1081 1080
f 1049 1082 1081
f 1049 1083 1082
f 1049 1084 1083
f 1049 1085 1084
f 1049 1086 1085
f 1049 1087 1086
f 1088 1089 1090
f 1088 1091 1089
f 1088 1092 1091
f 1093 1094 1095
f 1093 1096 1094
f 1093 1097 1096
f 1093 1098 1097
f 1093 1090 1098
f 1093 1088 1090
f 1088 843 1048
f 1088 1048 1092
f 806 1049 1099
f 1099 1049 1100
f 1100 1049 1101
f 1101 1049 1051
f 806 1099 1102
f 806 1102 1103
f 806 1103 1104
f 806 1104 1105
f 806 1105 1106
f 806 1106 1107
f 806 1107 1108
f 806 1108 1109
f 806 1109 1044
f 806 1044 1110
f 1110 1044 1111
f 1111 1044 1112
f 1112 1044 1113
f 1113 1044 1114
f 1114 1044 1115
f 1115 1044 1045
f 806 1110 1116
f 806 1116 1117
f 806 1117 1118
f 806 1118 1119
f 806 1119 842
f 1049 714 767
f 1049 767 1042
f 1049 1042 1087
f 1087 1042 1041
f 714 583 1120
f 1120 583 1121
f 1121 583 611
f 714 1120 1122
f 714 1122 1123
f 714 1123 1124
f 714 1124 1125
f 714 1125 1126
f 714 1126 1127
f 714 1127 1128
f 714 1128 1129
f 714 1129 654
f 714 654 1130
f 1130 654 1131
f 1131 654 1132
f 1132 654 1133
f 1133 654 1134
f 1134 654 1135
f 1135 654 657
f 714 1130 1136
f 714 1136 1137
f 714 1137 1138
f 714 1138 1139
f 714 1139 1140
f 714 1140 731
f 582 844 806
f 582 806 808
f 582 808 1141
f 582 1141 1142
f 582 1142 1143
f 582 1143 1144
f 582 1144 1145
f 582 1145 1146
f 582 1146 1147
f 582 1147 1148
f 582 1148 1149
f 582 1149 1150
f 582 1150 1151
f 582 1151 1152
f 582 1152 771
f 582 771 627
f 627 771 1153
f 1153 771 1154
f 1154 771 1155
f 1155 771 1156
f 1156 771 770
f 1157 1158 6
f 1159 6 1158
f 1160 1157 6
f 1161 6 1159
f 1162 1160 6
f 1163 6 1161
f 1164 1162 6
f 1165 6 1163
f 1166 1164 6
f 1167 6 1165
f 1168 1166 6
f 1169 6 1167
f 1170 1168 6
f 1171 6 1169
f 1172 1170 6
f 1173 6 1171
f 1174 1172 6
f 1175 6 1173
f 1176 1174 6
f 1177 1178 6
f 1177 6 1175
f 1179 1176 6
f 1180 1178 1177
f 1181 1179 6
f 1182 1178 1180
f 1183 1181 6
f 1184 1178 1182
f 1185 1183 6
f 1186 1178 1184
f 1187 1185 6
f 1188 1178 1186
f 1189 1187 6
f 1190 1178 1188
f 1191 1189 6
f 1192 1178 1190
f 1193 1191 6
f 1194 1178 1192
f 1195 1193 6
f 1196 1178 1194
f 1197 1195 6
f 1198 1178 1196
f 1199 1197 6
f 1200 1178 1198
f 1201 1199 6
f 1202 1178 1200
f 1203 1201 6
f 1204 1178 1202
f 1205 1178 1204
f 1206 1178 1205
f 1207 1178 1206
f 1208 1178 1207
f 1209 1178 1208
f 1210 1178 1209
f 1211 1178 1210
f 1212 1178 1211
f 1213 1178 1212
f 1214 1178 1213
f 1215 1178 1214
f 1216 1178 1215
f 1217 1178 1216
f 1218 1178 1217
f 1219 1220 1221
f 1222 1223 1224
f 1225 1226 1227
f 1228 1219 1227
f 1228 1227 1226
f 1229 1225 1227
f 1230 1219 1228
f 1231 1229 1227
f 1232 1219 1230
f 1233 1231 1227
f 1234 1219 1232
f 1235 1233 1227
f 1236 1219 1234
f 1237 1235 1227
f 1238 1219 1236
f 1239 1237 1227
f 1240 1219 1238
f 1241 1239 1227
f 1241 1227 1242
f 1243 1219 1240
f 1244 1241 1242
f 1245 1219 1243
f 1246 1244 1242
f 1247 1219 1245
f 1248 1246 1242
f 1249 1219 1247
f 1250 1248 1242
f 1251 1219 1249
f 1252 1250 1242
f 1253 1219 1251
f 1254 1252 1242
f 1255 1219 1253
f 1256 1254 1242
f 1257 1219 1255
f 1258 1256 1242
f 1259 1219 1257
f 1260 1258 1242
f 1261 1219 1259
f 1262 1260 1242
f 1263 1219 1261
f 1264 1262 1242
f 1265 1219 1263
f 1266 1264 1242
f 1267 1219 1265
f 1268 1266 1242
f 1269 1219 1267
f 1270 1268 1242
f 1271 1219 1269
f 1272 1270 1242
f 1273 1219 1271
f 1274 1272 1242
f 1275 1219 1273
f 1276 1274 1242
f 1277 1219 1275
f 1278 1276 1242
f 1279 1219 1277
f 1280 1278 1242
f 1281 1219 1279
f 1282 1280 1242
f 1283 1219 1281
f 1284 1282 1242
f 1285 1219 1283
f 1286 1284 1242
f 1287 1219 1285
f 1288 1286 1242
f 1289 1288 1242
f 1290 1289 1242
f 1291 1290 1242
f 1292 1291 1242
f 1293 1292 1242
f 1294 1293 1242
f 1295 1294 1242
f 1296 1295 1242
f 1297 1296 1242
f 1298 1297 1242
f 1299 1298 1242
f 1300 1299 1242
f 1301 1300 1242
f 1302 1301 1242
f 1303 1302 1242
f 1304 1303 1242
f 1305 1306 1307
f 1305 1308 1306
f 1305 1309 1308
f 1305 1310 1309
f 1305 1311 1312
f 1305 1313 1310
f 1305 1314 1311
f 1305 1315 1313
f 1305 1316 1314
f 1305 1317 1315
f 1305 1318 1316
f 1305 1319 1317
f 1305 1320 1318
f 1305 1321 1319
f 1305 1322 1320
f 1305 1323 1321
f 1305 1324 1322
f 1305 1325 1323
f 1305 1326 1324
f 1305 1327 1325
f 1305 1328 1326
f 1305 1329 1327
f 1305 1330 1328
f 1305 1331 1329
f 1305 1332 1330
f 1305 1333 1331
f 1305 1334 1332
f 1305 1335 1333
f 1305 1336 1335
f 1305 1337 1336
f 1305 1338 1337
f 1305 1339 1338
f 1305 1340 1339
f 1305 1341 1340
f 1305 1342 1341
f 1305 1343 1342
f 1305 1344 1343
f 1305 1345 1344
f 1305 1346 1345
f 1305 1347 1346
f 1305 1312 1347
f 1348 1222 1349
f 1348 1223 1222
f 1350 1348 1349
f 5 1351 1352
f 5 1353 1351
f 5 1354 1353
f 5 1355 1354
f 5 1356 1355
f 5 1357 1356
f 5 1358 1357
f 5 1359 1358
f 5 1360 1359
f 5 1361 1360
f 5 1362 1361
f 5 1363 1362
f 5 1364 1363
f 5 1365 1364
f 5 1366 1365
f 5 1367 1366
f 5 1368 1367
f 5 1369 1368
f 5 1370 1369
f 5 1371 1370
f 5 1372 1371
f 5 1203 6
f 5 1373 1203
f 5 1352 1373
f 1374 1375 1376
f 1377 1349 1222
f 1377 1222 1378
f 1379 1374 1380
f 1381 1374 1379
f 1382 1374 1381
f 1383 1384 1385
f 1386 1374 1382
f 1387 1383 1385
f 1388 1374 1386
f 1389 1387 1385
f 1390 1374 1388
f 1391 1389 1385
f 1392 1374 1390
f 1393 1391 1385
f 1394 1374 1392
f 1395 1393 1385
f 1396 1374 1394
f 1397 1395 1385
f 1398 1374 1396
f 1399 1397 1385
f 1400 1374 1398
f 1401 1399 1385
f 1402 1374 1400
f 1403 1401 1385
f 1404 1374 1402
f 1405 1403 1385
f 1406 1374 1404
f 1407 1405 1385
f 1408 1374 1406
f 1409 1407 1385
f 1410 1374 1408
f 1411 1409 1385
f 1412 1374 1410
f 1413 1411 1385
f 1414 1374 1412
f 1415 1413 1385
f 1416 1374 1414
f 1417 1415 1385
f 1418 1374 1416
f 1419 1417 1385
f 1420 1374 1418
f 1421 1419 1385
f 1422 1374 1420
f 1423 1421 1385
f 1424 1374 1422
f 1425 1423 1385
f 1426 1374 1424
f 1427 1425 1385
f 1428 1374 1426
f 1429 1427 1385
f 1430 1374 1428
f 1431 1429 1385
f 1432 1374 1430
f 1433 1431 1385
f 1434 1374 1432
f 1435 1433 1385
f 1436 1374 1434
f 1437 1435 1385
f 1438 1437 1385
f 1439 1438 1385
f 1440 1439 1385
f 1441 1440 1385
f 1442 1441 1385
f 1443 1442 1385
f 1444 1443 1385
f 1445 1444 1385
f 1446 1445 1385
f 1447 1446 1385
f 1448 1447 1385
f 1449 1448 1385
f 1450 1449 1385
f 1451 1374 1436
f 1451 1452 1453
f 1451 1454 1452
f 1451 1455 1454
f 1451 1456 1455
f 1451 1457 1456
f 1451 1458 1457
f 1451 1459 1458
f 1451 1460 1459
f 1451 1436 1460
f 1461 1450 1385
f 1462 1463 1464
f 1462 1465 1463
f 1462 1466 1465
f 1462 1451 1453
f 1462 1467 1468
f 1462 1469 1467
f 1462 1470 1469
f 1462 1471 1470
f 1462 1472 1471
f 1462 1473 1472
f 1462 1474 1466
f 1462 1475 1473
f 1462 1476 1474
f 1462 1477 1475
f 1462 1478 1476
f 1462 1479 1477
f 1462 1480 1478
f 1462 1481 1479
f 1462 1482 1480
f 1462 1483 1481
f 1462 1484 1482
f 1462 1485 1483
f 1462 1486 1484
f 1462 1487 1485
f 1462 1453 1486
f 1462 1488 1487
f 1462 1489 1488
f 1462 1490 1489
f 1462 1491 1490
f 1462 1492 1491
f 1462 1493 1492
f 1462 1494 1493
f 1462 1495 1494
f 1462 1496 1495
f 1462 1497 1496
f 1462 1498 1497
f 1462 1499 1498
f 1462 1500 1499
f 1462 1501 1500
f 1462 1464 1501
f 1502 1503 1504
f 1505 1504 1503
f 1506 1502 1504
f 1507 1504 1505
f 1508 1506 1504
f 1509 1504 1507
f 1510 1508 1504
f 1511 1504 1509
f 1512 1510 1504
f 1513 1504 1511
f 1514 1512 1504
f 1515 1504 1513
f 1516 1504 1515
f 1517 1504 1516
f 1518 1504 1517
f 1519 1504 1518
f 1520 1504 1519
f 1521 1504 1520
f 1522 1504 1521
f 1523 1504 1522
f 1524 1504 1523
f 1525 1504 1524
f 1526 1504 1525
f 1527 1504 1526
f 1528 1504 1527
f 1529 1504 1528
f 1530 1504 1529
f 1530 1531 1504
f 1532 1531 1530
f 1533 1531 1532
f 1534 1531 1533
f 1535 1531 1534
f 1536 1531 1535
f 1537 1531 1536
f 1538 1531 1537
f 1539 1531 1538
f 1540 1531 1539
f 1541 1531 1540
f 1542 1531 1541
f 1543 1531 1542
f 1544 1531 1543
f 1545 1531 1544
f 1546 1531 1545
f 1547 1531 1546
f 1548 1531 1547
f 1549 1531 1548
f 1550 1531 1549
f 1551 1531 1550
f 1552 1531 1551
f 1553 1531 1552
f 1554 1531 1553
f 1555 1531 1554
f 1556 1531 1555
f 1557 1531 1556
f 1558 1531 1557
f 1559 1531 1558
f 1560 1531 1559
f 1561 1531 1560
f 1562 1531 1561
f 1563 1531 1562
f 1564 1531 1563
f 1565 1566 714
f 1049 1565 714
f 1093 1567 1568
f 1093 1569 1567
f 1093 1570 1569
f 1093 1571 1570
f 1093 1572 1571
f 1093 1573 1572
f 1093 1574 1573
f 1093 1575 1574
f 1093 1576 1575
f 1093 1577 1576
f 1093 1578 1577
f 1093 1579 1578
f 1093 1580 1579
f 1093 1581 1580
f 1093 1582 1581
f 1093 1583 1582
f 1093 1584 1583
f 1093 1585 1584
f 1093 1586 1585
f 1093 1587 1586
f 1093 1564 1587
f 1093 1531 1564
f 1093 1588 1589
f 1093 1568 1588
f 1531 1374 1504
f 1504 1374 1451
f 1376 1385 1384
f 1376 1384 1590
f 1376 1590 1591
f 1376 1591 1592
f 1376 1592 1593
f 1376 1593 1380
f 1376 1380 1374
f 1305 1220 1334
f 1334 1220 1594
f 1594 1220 1595
f 1595 1220 1596
f 1596 1220 1597
f 1597 1220 1287
f 1287 1220 1219
f 1219 6 1227
f 1227 6 1178
f 628 1178 1598
f 1598 1178 1599
f 1599 1178 1600
f 1600 1178 1601
f 1601 1178 1602
f 1602 1178 1603
f 1603 1178 1604
f 1604 1178 1605
f 1605 1178 1606
f 1606 1178 1607
f 1607 1178 1218
f 628 1598 1608
f 628 1608 1609
f 628 1609 1610
f 628 1610 1611
f 628 1611 1612
f 628 1612 1613
f 628 1613 1614
f 628 1614 1615
f 628 1615 1616
f 628 1616 1617
f 628 1617 1618
f 628 1618 1619
f 628 1619 1620
f 628 1620 1621
f 628 1621 1622
f 628 1622 1623
f 628 1623 1624
f 628 1624 1625
f 628 1625 1626
f 628 1626 1627
f 628 1627 1628
f 628 1628 1629
f 628 1629 1630
f 628 1630 1631
f 628 1631 1632
f 628 1632 1633
f 628 1633 1634
f 628 1634 1635
f 628 1635 1636
f 628 1636 1637
f 628 1637 1638
f 628 1638 1639
f 628 1639 1372
f 628 1372 5
f 1227 714 1566
f 1227 1566 1242
f 1049 1451 1462
f 1049 1462 1565
f 1504 1088 1640
f 1640 1088 1641
f 1641 1088 1642
f 1642 1088 1643
f 1643 1088 1644
f 1644 1088 1645
f 1645 1088 1646
f 1646 1088 1647
f 1647 1088 1648
f 1648 1088 1649
f 1649 1088 1650
f 1650 1088 1651
f 1651 1088 1652
f 1652 1088 1653
f 1653 1088 1654
f 1654 1088 1655
f 1655 1088 1656
f 1656 1088 1657
f 1657 1088 1658
f 1658 1088 1659
f 1659 1088 1660
f 1660 1088 1661
f 1661 1088 1662
f 1662 1088 1663
f 1663 1088 1664
f 1664 1088 1665
f 1665 1088 1666
f 1666 1088 1667
f 1667 1088 1668
f 1668 1088 1669
f 1669 1088 1670
f 1670 1088 1671
f 1671 1088 1672
f 1672 1088 1589
f 1589 1088 1093
f 1504 1640 1673
f 1504 1673 1674
f 1504 1674 1675
f 1504 1675 1676
f 1504 1676 1677
f 1504 1677 1678
f 1504 1678 1679
f 1504 1679 1680
f 1504 1680 1681
f 1504 1681 1514
f 1242 1462 1468
f 1242 1468 1682
f 1242 1682 1683
f 1242 1683 1461
f 1242 1461 1385
f 1242 1385 1377
f 1242 1377 1378
f 1242 1378 1305
f 1242 1305 1307
f 1242 1307 1684
f 1242 1684 1685
f 1242 1685 1304
f 1686 1687 1219
f 1687 1688 1219
f 1688 6 1219
f 1688 7 6
f 1686 7 1687
f 1687 7 1688
f 1689 1690 8
f 1691 8 1690
f 1692 1689 8
f 1693 8 1691
f 1694 1692 8
f 1695 8 1693
f 1696 1694 8
f 1697 8 1695
f 1698 1696 8
f 1699 8 1697
f 1700 1698 8
f 1701 8 1699
f 1702 1700 8
f 1703 8 1701
f 1704 1702 8
f 1705 8 1703
f 1706 1704 8
f 1707 8 1705
f 1708 1709 8
f 1708 8 1707
f 1710 1709 1708
f 1711 1709 1710
f 1712 1709 1711
f 1713 1709 1712
f 7 1714 1715
f 7 1716 1714
f 7 1717 1716
f 7 1718 1717
f 7 1719 1718
f 7 1720 1719
f 7 1721 1720
f 7 1722 1721
f 7 1723 1722
f 7 1724 1723
f 7 1725 1724
f 7 1726 1725
f 7 1727 1726
f 7 1728 1727
f 7 1706 8
f 7 1729 1706
f 7 1730 1729
f 7 1731 1730
f 7 1732 1731
f 7 1733 1732
f 7 1734 1733
f 7 1735 1734
f 7 1736 1735
f 7 1737 1736
f 7 1738 1737
f 7 1739 1738
f 7 1740 1739
f 7 1741 1740
f 7 1742 1741
f 7 1743 1742
f 7 1744 1743
f 7 1745 1744
f 7 1746 1745
f 7 1747 1746
f 7 1748 1747
f 7 1749 1748
f 7 1750 1749
f 7 1751 1750
f 7 1752 1751
f 7 1753 1752
f 7 1754 1753
f 7 1755 1754
f 7 1756 1755
f 7 1757 1756
f 7 1758 1757
f 7 1759 1758
f 7 1715 1759
f 1760 1761 1762
f 1760 1763 1761
f 1760 1764 1763
f 1760 1765 1764
f 1760 1766 1765
f 1760 1767 1766
f 1760 1768 1767
f 1760 1769 1768
f 1760 1770 1769
f 1760 1771 1770
f 1760 1772 1771
f 1760 1773 1772
f 1760 1774 1773
f 1760 1775 1774
f 1760 1776 1775
f 1760 1777 1776
f 1760 1778 1777
f 1760 1779 1778
f 1760 1780 1779
f 1760 1781 1782
f 1760 1783 1780
f 1760 1784 1781
f 1760 1785 1783
f 1760 1786 1784
f 1760 1787 1785
f 1760 1788 1786
f 1760 1789 1787
f 1760 1790 1788
f 1760 1791 1789
f 1760 1792 1790
f 1760 1793 1791
f 1760 1762 1792
f 1760 1794 1793
f 1760 1795 1794
f 1760 1796 1795
f 1760 1797 1796
f 1760 1798 1797
f 1760 1799 1798
f 1760 1800 1799
f 1760 1713 1800
f 1760 1709 1713
f 1801 1802 1760
f 1803 1760 1802
f 1804 1801 1760
f 1805 1760 1803
f 1806 1804 1760
f 1807 1760 1805
f 1808 1806 1760
f 1809 1760 1807
f 1810 1808 1760
f 1811 1760 1809
f 1812 1810 1760
f 1813 1760 1811
f 1814 1812 1760
f 1815 1760 1813
f 1816 1814 1760
f 1817 1760 1815
f 1818 1816 1760
f 1819 1760 1817
f 1820 1818 1760
f 1821 1760 1819
f 1822 1820 1760
f 1823 1760 1821
f 1824 1822 1760
f 1825 1760 1823
f 1826 1824 1760
f 1827 1760 1825
f 1828 1826 1760
f 1829 1760 1827
f 1830 1828 1760
f 1831 1760 1829
f 1832 1830 1760
f 1833 1832 1760
f 1834 1833 1760
f 1835 1834 1760
f 1836 1835 1760
f 1837 1836 1760
f 1838 1837 1760
f 1839 1838 1760
f 1840 1839 1760
f 1841 1840 1760
f 1842 1841 1760
f 1843 1842 1760
f 1844 1760 1782
f 1844 1843 1760
f 1686 1845 1846
f 1686 1847 1845
f 1686 1848 1847
f 1686 1849 1848
f 1686 1850 1849
f 1686 1851 1850
f 1686 1852 1851
f 1686 1853 1852
f 1686 1854 1853
f 1686 1855 1854
f 1686 1856 1855
f 1686 1857 1856
f 1686 1858 1857
f 1686 1859 1858
f 1686 1860 1859
f 1686 1782 1860
f 1686 1844 1782
f 1686 1861 1844
f 1686 1862 1861
f 1686 1863 1862
f 1686 1864 1863
f 1686 1865 1864
f 1686 1866 1865
f 1686 1867 1866
f 1686 1868 1867
f 1686 1869 1868
f 1686 1870 1869
f 1686 1871 1870
f 1686 1872 1871
f 1686 1873 1872
f 1686 1874 1873
f 1686 1875 1874
f 1686 1876 1875
f 1686 1877 1876
f 1686 1878 1877
f 1686 1879 1878
f 1686 1880 1879
f 1686 1881 1880
f 1686 1882 1881
f 1686 1883 1882
f 1686 1884 1883
f 1686 1885 1884
f 1686 1886 1885
f 1686 1887 1886
f 1686 1888 1887
f 1686 1889 1888
f 1686 1890 1889
f 1686 1891 1890
f 1686 1892 1891
f 1686 1893 1892
f 1686 1894 1893
f 1686 1895 1894
f 1686 1896 1895
f 1686 1897 1896
f 1686 1898 1897
f 1686 1899 1898
f 1686 1900 1899
f 1686 1901 1900
f 104 1709 1902
f 104 8 1709
f 1903 1904 1905
f 1906 1903 1905
f 1906 1905 1907
f 1908 1904 1903
f 1909 1906 1907
f 1909 1907 1910
f 1911 1904 1908
f 1911 1912 1904
f 1911 1913 1912
f 1914 1909 1910
f 1914 1910 1915
f 1916 1913 1911
f 1917 1914 1915
f 1917 1918 1919
f 1917 1915 1918
f 1920 1917 1919
f 1921 1920 1919
f 1921 1919 1922
f 1923 1921 1922
f 1923 1924 1925
f 1923 1922 1924
f 1926 1923 1925
f 1927 1926 1925
f 1927 1928 1929
f 1927 1925 1928
f 1930 1927 1929
f 1931 1930 1929
f 1931 1929 1932
f 1933 1931 1932
f 1933 1932 1934
f 1935 1933 1934
f 1935 1934 1936
f 1937 1936 1938
f 1937 1935 1936
f 1939 1937 1938
f 1939 1938 1940
f 1941 1939 1940
f 1941 1940 1942
f 1943 1941 1942
f 1943 1942 1944
f 1945 1943 1944
f 1945 1944 1946
f 1947 1945 1946
f 1947 1946 1948
f 1949 1947 1948
f 1949 1950 1951
f 1949 1948 1950
f 1952 1949 1951
f 1953 1952 1951
f 1953 1951 1954
f 1955 1953 1954
f 1955 1954 1956
f 1957 1955 1956
f 1957 1958 1959
f 1957 1956 1958
f 1960 1957 1959
f 1961 1960 1959
f 1961 1959 1901
f 1961 1901 1686
f 1962 1963 1964
f 1962 1965 1966
f 1962 1967 1963
f 1962 1968 1965
f 1962 1969 1967
f 1962 1970 1968
f 1962 1971 1969
f 1962 1972 1970
f 1962 1973 1971
f 1962 1974 1972
f 1962 1975 1973
f 1962 1976 1974
f 1962 1977 1975
f 1962 1978 1976
f 1962 1979 1977
f 1962 1980 1978
f 1962 1981 1979
f 1962 1982 1980
f 1962 1983 1981
f 1962 1984 1982
f 1962 1985 1983
f 1962 1986 1984
f 1962 1987 1985
f 1962 1988 1986
f 1962 1989 1987
f 1962 1990 1989
f 1962 1991 1990
f 1962 1992 1991
f 1962 1993 1992
f 1962 1994 1993
f 1962 1995 1988
f 1962 1996 1995
f 1962 1997 1996
f 1962 1998 1997
f 1962 1999 1998
f 1962 2000 1999
f 1962 2001 2000
f 1962 2002 2001
f 1962 2003 2002
f 1962 2004 2003
f 1962 2005 2004
f 1962 2006 2005
f 1962 1964 2006
f 2007 2008 1961
f 2007 2009 2008
f 2007 2010 2009
f 2007 2011 2010
f 2007 2012 2011
f 2007 2013 2012
f 2007 2014 2013
f 2007 2015 2014
f 2007 2016 2015
f 2007 2017 2016
f 2007 2018 2017
f 2007 2019 2018
f 2007 2020 2019
f 2007 2021 2020
f 2007 2022 2021
f 2007 2023 2022
f 2007 2024 2023
f 2007 2025 2024
f 2007 2026 2025
f 2007 2027 2026
f 2007 2028 2027
f 2007 2029 2028
f 2007 2030 2029
f 2007 2031 2030
f 2007 2032 2031
f 2007 2033 2032
f 2007 2034 2033
f 2007 2035 2034
f 2007 2036 2035
f 2007 2037 2036
f 2007 2038 2037
f 2007 1961 1686
f 2007 2039 2038
f 2007 2040 2039
f 2007 2041 2040
f 2007 2042 2041
f 2007 2043 2042
f 2007 2044 2043
f 2007 2045 2044
f 2007 2046 2045
f 2007 2047 2046
f 2007 1966 2047
f 2048 2049 1962
f 2050 1962 2049
f 2051 2048 1962
f 2052 1962 2050
f 2053 2051 1962
f 2054 1962 2052
f 2055 2053 1962
f 2056 1962 2054
f 2057 2055 1962
f 2058 1962 2056
f 2059 2057 1962
f 2060 1962 2058
f 2061 2059 1962
f 2062 1962 2060
f 2063 2061 1962
f 2064 1962 2062
f 2065 2063 1962
f 2066 1962 2064
f 2067 2065 1962
f 2068 1962 2066
f 2069 2067 1962
f 2070 1962 2068
f 2071 2069 1962
f 2072 1962 2070
f 2073 2071 1962
f 2074 1962 2072
f 2075 2073 1962
f 2076 1962 2074
f 2077 2075 1962
f 2078 1962 2076
f 2079 2077 1962
f 2080 1962 2078
f 2081 2079 1962
f 2082 1902 1962
f 2082 1962 2080
f 2083 2081 1962
f 2084 1902 2082
f 2085 2083 1962
f 2086 1902 2084
f 2087 2085 1962
f 2088 1902 2086
f 2089 2087 1962
f 2090 1902 2088
f 2090 104 1902
f 2091 2089 1962
f 2092 104 2090
f 2093 1962 1966
f 2093 1966 2007
f 2093 2091 1962
f 2094 104 2092
f 2095 2093 2007
f 2096 104 2094
f 2097 2095 2007
f 2098 104 2096
f 2099 2097 2007
f 2100 104 2098
f 2101 2099 2007
f 2102 104 2100
f 2103 2101 2007
f 2104 104 2102
f 2105 1686 2106
f 2105 2007 1686
f 2107 2103 2007
f 2108 104 2104
f 2109 2107 2007
f 2110 104 2108
f 2111 2109 2007
f 2112 104 2110
f 2113 2111 2007
f 2114 104 2112
f 2115 2113 2007
f 2116 104 2114
f 2117 2115 2007
f 2118 104 2116
f 2119 2117 2007
f 2120 104 2118
f 2121 2119 2007
f 2122 104 2120
f 2123 2121 2007
f 2124 104 2122
f 2125 2123 2007
f 2126 104 2124
f 2127 2125 2007
f 2128 104 2126
f 2129 2130 2131
f 2129 2132 2130
f 2129 2133 2132
f 2129 2134 2133
f 2129 2135 2134
f 2129 2136 2135
f 2129 2137 2136
f 2129 2138 2137
f 2129 2139 2138
f 2129 2140 2139
f 2129 2141 2140
f 2129 2142 2141
f 2129 2143 2142
f 2129 2144 2143
f 2129 2145 2146
f 2129 2147 2144
f 2129 2148 2145
f 2129 2149 2147
f 2129 2150 2148
f 2129 2151 2149
f 2129 2152 2150
f 2129 2153 2151
f 2129 2154 2152
f 2129 2155 2153
f 2129 2156 2154
f 2129 2157 2155
f 2129 2158 2156
f 2129 2159 2157
f 2129 2160 2159
f 2129 2161 2160
f 2129 2162 2161
f 2129 2163 2162
f 2129 2164 2163
f 2129 2165 2164
f 2129 2166 2165
f 2129 2167 2166
f 2129 2168 2167
f 2129 2169 2168
f 2129 2170 2169
f 2129 2171 2170
f 2129 2172 2171
f 2129 2173 2172
f 2129 2174 2173
f 2129 2175 2174
f 2129 2176 2175
f 2129 2146 2176
f 7 1686 1728
f 1728 1686 1846
f 2007 2129 2131
f 2007 2131 2127
f 2129 104 2158
f 2158 104 2128
f 1962 1760 1831
f 1962 1831 2177
f 1962 2177 2178
f 1962 2178 2179
f 1962 2179 2180
f 1962 2180 2181
f 1962 2181 2182
f 1962 2182 2183
f 1962 2183 2184
f 1962 2184 2185
f 1962 2185 2186
f 1962 2186 2187
f 1962 2187 2188
f 1962 2188 1913
f 1962 1913 2189
f 2189 1913 2190
f 2190 1913 2191
f 2191 1913 2192
f 2192 1913 2193
f 2193 1913 2194
f 2194 1913 2195
f 2195 1913 2196
f 2196 1913 2197
f 2197 1913 2198
f 2198 1913 2199
f 2199 1913 1916
f 1962 2189 2200
f 1962 2200 1994
f 106 105 1095
f 106 1095 1094
f 107 106 1094
f 107 1094 1096
f 108 107 1096
f 108 1096 1097
f 109 108 1097
f 109 1097 1098
f 152 109 1098
f 152 1098 1090
f 145 152 1090
f 145 1090 1089
f 142 145 1089
f 142 1089 1091
f 137 142 1091
f 137 1091 1092
f 137 1092 1048
f 103 137 1048
f 103 1048 1047
f 100 103 1047
f 98 100 1047
f 98 1047 1046
f 96 1046 1043
f 96 98 1046
f 94 1043 1035
f 94 96 1043
f 92 1035 1026
f 92 1026 1017
f 92 94 1035
f 89 92 1017
f 87 1017 1009
f 87 1009 1001
f 87 89 1017
f 85 87 1001
f 82 1001 992
f 82 85 1001
f 79 992 983
f 79 82 992
f 74 79 983
f 74 983 973
f 30 74 973
f 30 973 964
f 31 30 964
f 31 964 956
f 31 956 946
f 32 31 946
f 33 32 946
f 33 946 935
f 34 33 935
f 34 935 922
f 35 34 922
f 35 922 908
f 35 908 877
f 36 35 877
f 37 36 877
f 37 877 876
f 38 37 876
f 38 876 875
f 39 38 875
f 39 875 874
f 40 39 874
f 40 874 873
f 40 873 872
f 41 40 872
f 42 41 872
f 42 872 870
f 43 42 870
f 43 870 868
f 44 43 868
f 44 868 866
f 44 866 864
f 45 44 864
f 46 45 864
f 46 864 862
f 47 46 862
f 47 862 860
f 47 860 858
f 48 858 856
f 48 47 858
f 49 48 856
f 50 856 854
f 50 49 856
f 51 854 852
f 51 50 854
f 28 852 850
f 28 850 848
f 28 51 852
f 27 28 848
f 16 27 848
f 16 848 845
f 17 845 846
f 17 16 845
f 18 846 847
f 18 17 846
f 19 847 849
f 19 18 847
f 20 849 851
f 20 19 849
f 21 851 853
f 21 20 851
f 22 853 855
f 22 21 853
f 23 855 857
f 23 22 855
f 24 857 859
f 24 23 857
f 25 859 861
f 25 24 859
f 26 861 863
f 26 863 865
f 26 25 861
f 14 26 865
f 13 865 867
f 13 867 869
f 13 14 865
f 12 13 869
f 11 869 871
f 11 12 869
f 9 871 10
f 9 11 871
f 105 104 1093
f 1095 105 1093
f 2129 1093 104
f 1531 1093 2129
f 768 256 581
f 15 256 768
f 29 15 768
f 29 768 844
f 582 29 844
f 257 29 582
f 256 257 582
f 256 582 581
f 405 402 940
f 405 940 948
f 411 948 953
f 411 953 958
f 411 405 948
f 414 411 958
f 417 958 959
f 417 959 966
f 417 414 958
f 422 417 966
f 426 966 967
f 426 422 966
f 429 967 975
f 429 975 980
f 429 426 967
f 433 429 980
f 438 980 981
f 438 981 988
f 438 433 980
f 443 438 988
f 446 443 988
f 446 988 994
f 446 994 995
f 450 446 995
f 453 450 995
f 453 995 1003
f 459 453 1003
f 459 1003 1004
f 459 1004 1011
f 461 1011 1012
f 461 459 1011
f 466 461 1012
f 470 1012 1020
f 470 466 1012
f 473 1020 1025
f 473 470 1020
f 477 1025 1030
f 477 473 1025
f 481 1030 1033
f 481 477 1030
f 485 1033 1034
f 485 481 1033
f 489 1034 1042
f 489 485 1034
f 556 1042 767
f 556 489 1042
f 555 767 766
f 555 556 767
f 554 766 765
f 554 555 766
f 553 765 764
f 553 764 763
f 553 554 765
f 552 553 763
f 551 763 762
f 551 762 761
f 551 552 763
f 543 551 761
f 544 761 760
f 544 543 761
f 497 760 759
f 497 759 758
f 497 544 760
f 498 497 758
f 499 758 757
f 499 498 758
f 500 757 756
f 500 499 757
f 501 756 755
f 501 500 756
f 502 755 754
f 502 501 755
f 503 754 751
f 503 502 754
f 504 503 751
f 504 751 748
f 504 748 745
f 505 504 745
f 506 505 745
f 506 745 743
f 507 506 743
f 507 743 739
f 508 507 739
f 508 739 737
f 509 508 737
f 509 737 733
f 510 509 733
f 510 733 716
f 511 510 716
f 511 716 715
f 511 715 717
f 512 511 717
f 513 512 717
f 513 717 718
f 514 718 719
f 514 513 718
f 515 719 720
f 515 514 719
f 516 720 721
f 516 721 722
f 516 515 720
f 517 516 722
f 518 722 723
f 518 723 724
f 518 517 722
f 519 518 724
f 520 724 725
f 520 519 724
f 521 725 726
f 521 520 725
f 522 726 727
f 522 521 726
f 523 727 728
f 523 728 729
f 523 522 727
f 524 523 729
f 525 729 730
f 525 524 729
f 526 730 731
f 526 731 1140
f 526 525 730
f 527 1140 1139
f 527 526 1140
f 528 527 1139
f 528 1139 1138
f 529 528 1138
f 529 1138 1137
f 530 529 1137
f 531 530 1137
f 531 1137 1136
f 531 1136 1130
f 532 531 1130
f 532 1130 1131
f 533 532 1131
f 534 533 1131
f 534 1131 1132
f 535 534 1132
f 535 1132 1133
f 535 1133 1134
f 496 535 1134
f 494 496 1134
f 494 1134 1135
f 491 494 1135
f 491 1135 657
f 487 491 657
f 487 657 652
f 483 487 652
f 483 652 647
f 479 483 647
f 479 647 644
f 475 479 644
f 475 644 639
f 471 475 639
f 471 639 636
f 469 471 636
f 469 636 629
f 463 469 629
f 463 629 633
f 460 463 633
f 460 633 634
f 456 460 634
f 456 634 637
f 452 456 637
f 452 637 642
f 448 642 645
f 448 452 642
f 448 645 649
f 444 448 649
f 441 649 655
f 441 444 649
f 435 655 658
f 435 658 659
f 435 441 655
f 431 435 659
f 428 431 659
f 428 659 661
f 424 428 661
f 424 661 663
f 419 424 663
f 419 663 666
f 419 666 667
f 416 419 667
f 416 667 670
f 412 416 670
f 408 412 670
f 408 670 671
f 408 671 673
f 403 408 673
f 400 403 673
f 400 673 675
f 395 400 675
f 395 675 678
f 392 395 678
f 392 678 679
f 387 392 679
f 387 679 682
f 385 387 682
f 385 682 684
f 380 684 685
f 380 385 684
f 378 685 688
f 378 380 685
f 372 688 689
f 372 689 691
f 372 378 688
f 368 691 693
f 368 372 691
f 366 693 696
f 366 368 693
f 360 366 696
f 357 696 698
f 357 360 696
f 354 698 700
f 354 357 698
f 348 700 701
f 348 354 700
f 345 701 703
f 345 348 701
f 340 703 705
f 340 345 703
f 343 705 708
f 343 708 709
f 343 340 705
f 346 343 709
f 351 346 709
f 351 709 711
f 351 711 732
f 356 351 732
f 358 356 732
f 358 732 734
f 363 358 734
f 363 734 738
f 363 738 740
f 367 363 740
f 370 740 744
f 370 367 740
f 375 744 746
f 375 746 749
f 375 370 744
f 379 375 749
f 383 749 752
f 383 379 749
f 386 752 926
f 386 383 752
f 390 926 930
f 390 386 926
f 393 930 931
f 393 390 930
f 397 931 939
f 397 393 931
f 402 397 939
f 402 939 940
f 171 167 1099
f 171 1099 1100
f 173 1100 1101
f 173 1101 1051
f 173 171 1100
f 176 173 1051
f 179 1051 1050
f 179 1050 1052
f 179 176 1051
f 182 179 1052
f 185 1052 1053
f 185 182 1052
f 188 1053 1054
f 188 1054 1055
f 188 185 1053
f 192 188 1055
f 194 1055 1056
f 194 1056 1057
f 194 192 1055
f 197 194 1057
f 200 197 1057
f 200 1057 1058
f 200 1058 1059
f 203 200 1059
f 207 203 1059
f 207 1059 1060
f 210 207 1060
f 210 1060 1061
f 210 1061 1062
f 213 1062 1063
f 213 210 1062
f 216 213 1063
f 219 1063 1064
f 219 216 1063
f 222 1064 1065
f 222 219 1064
f 225 1065 1066
f 225 222 1065
f 227 1066 1067
f 227 225 1066
f 230 1067 1068
f 230 227 1067
f 234 1068 1069
f 234 230 1068
f 236 1069 1070
f 236 234 1069
f 240 1070 1071
f 240 236 1070
f 243 1071 1072
f 243 240 1071
f 246 1072 1073
f 246 1073 1074
f 246 243 1072
f 248 246 1074
f 249 1074 1075
f 249 1075 1076
f 249 248 1074
f 250 249 1076
f 251 1076 1077
f 251 250 1076
f 252 1077 1078
f 252 1078 1079
f 252 251 1077
f 253 252 1079
f 254 1079 1080
f 254 253 1079
f 255 1080 1081
f 255 254 1080
f 545 1081 1082
f 545 255 1081
f 546 1082 1083
f 546 545 1082
f 547 1083 1084
f 547 546 1083
f 548 547 1084
f 548 1084 1085
f 548 1085 1086
f 549 548 1086
f 550 549 1086
f 550 1086 1087
f 490 550 1087
f 490 1087 1041
f 486 490 1041
f 486 1041 1039
f 482 486 1039
f 482 1039 1032
f 478 482 1032
f 478 1032 1029
f 474 478 1029
f 474 1029 1024
f 474 1024 1019
f 467 474 1019
f 468 467 1019
f 468 1019 1016
f 462 1016 1010
f 462 468 1016
f 454 1010 1006
f 454 462 1010
f 455 1006 1002
f 455 1002 998
f 455 454 1006
f 451 455 998
f 447 998 993
f 447 993 987
f 447 451 998
f 439 447 987
f 440 987 984
f 440 439 987
f 434 984 979
f 434 440 984
f 430 979 974
f 430 434 979
f 427 974 971
f 427 971 965
f 427 430 974
f 423 427 965
f 418 965 961
f 418 423 965
f 415 961 957
f 415 957 952
f 415 418 961
f 406 952 947
f 406 415 952
f 407 406 947
f 407 947 944
f 398 407 944
f 398 944 938
f 399 398 938
f 394 399 938
f 394 938 934
f 394 934 929
f 391 394 929
f 391 929 925
f 384 391 925
f 247 384 925
f 247 925 921
f 244 247 921
f 244 921 917
f 244 917 914
f 241 244 914
f 237 241 914
f 237 914 909
f 235 237 909
f 235 909 904
f 231 235 904
f 231 904 901
f 228 231 901
f 228 901 897
f 226 228 897
f 226 897 893
f 223 226 893
f 223 893 889
f 220 223 889
f 220 889 885
f 217 220 885
f 217 885 881
f 214 217 881
f 214 881 878
f 211 214 878
f 211 878 883
f 208 211 883
f 208 883 886
f 204 208 886
f 204 886 891
f 201 891 896
f 201 204 891
f 201 896 899
f 198 201 899
f 195 899 902
f 195 198 899
f 193 902 906
f 193 906 911
f 193 195 902
f 189 193 911
f 186 189 911
f 186 911 916
f 183 186 916
f 183 916 919
f 180 183 919
f 180 919 923
f 180 923 927
f 177 180 927
f 177 927 932
f 174 177 932
f 172 174 932
f 172 932 936
f 172 936 941
f 168 172 941
f 166 168 941
f 166 941 945
f 162 166 945
f 162 945 949
f 159 162 949
f 159 949 954
f 156 159 954
f 156 954 960
f 153 156 960
f 153 960 962
f 149 962 968
f 149 153 962
f 146 968 972
f 146 149 968
f 143 972 976
f 143 976 982
f 143 146 972
f 138 982 985
f 138 143 982
f 135 985 989
f 135 138 985
f 131 135 989
f 126 989 996
f 126 131 989
f 122 996 999
f 122 126 996
f 119 999 1005
f 119 122 999
f 115 1005 1007
f 115 119 1005
f 110 1007 1013
f 110 115 1007
f 113 1013 1018
f 113 1018 1021
f 113 110 1013
f 116 113 1021
f 121 116 1021
f 121 1021 1027
f 121 1027 1031
f 124 121 1031
f 128 124 1031
f 128 1031 1036
f 134 128 1036
f 134 1036 1040
f 134 1040 1044
f 136 134 1044
f 141 1044 1109
f 141 136 1044
f 144 1109 1108
f 144 1108 1107
f 144 141 1109
f 148 144 1107
f 151 1107 1106
f 151 148 1107
f 155 1106 1105
f 155 151 1106
f 158 1105 1104
f 158 155 1105
f 161 1104 1103
f 161 158 1104
f 165 1103 1102
f 165 161 1103
f 167 165 1102
f 167 1102 1099
f 301 298 796
f 301 796 797
f 304 797 800
f 304 800 802
f 304 301 797
f 308 304 802
f 310 802 803
f 310 803 753
f 310 308 802
f 313 310 753
f 376 753 750
f 376 313 753
f 377 750 747
f 377 747 742
f 377 376 750
f 371 377 742
f 364 742 741
f 364 741 736
f 364 371 742
f 365 364 736
f 359 365 736
f 359 736 735
f 359 735 713
f 352 359 713
f 353 352 713
f 353 713 712
f 347 353 712
f 347 712 710
f 347 710 707
f 344 707 706
f 344 347 707
f 341 344 706
f 342 706 704
f 342 341 706
f 349 704 702
f 349 342 704
f 350 702 699
f 350 349 702
f 355 699 697
f 355 350 699
f 361 697 695
f 361 355 697
f 362 695 694
f 362 361 695
f 369 694 692
f 369 362 694
f 373 692 690
f 373 369 692
f 374 690 687
f 374 373 690
f 381 687 686
f 381 686 683
f 381 374 687
f 382 381 683
f 388 683 681
f 388 681 680
f 388 382 683
f 389 388 680
f 396 680 677
f 396 389 680
f 401 677 676
f 401 676 674
f 401 396 677
f 404 401 674
f 409 674 672
f 409 404 674
f 410 672 669
f 410 409 672
f 413 669 668
f 413 410 669
f 420 668 665
f 420 413 668
f 421 665 664
f 421 420 665
f 425 421 664
f 425 664 662
f 425 662 660
f 432 425 660
f 436 432 660
f 436 660 656
f 437 436 656
f 437 656 651
f 442 437 651
f 442 651 650
f 445 442 650
f 445 650 646
f 449 445 646
f 449 646 643
f 457 449 643
f 457 643 638
f 457 638 635
f 458 457 635
f 464 458 635
f 464 635 631
f 465 631 630
f 465 464 631
f 472 630 632
f 472 465 630
f 476 632 640
f 476 640 641
f 476 472 632
f 480 476 641
f 484 641 648
f 484 648 653
f 484 480 641
f 488 484 653
f 492 653 654
f 492 488 653
f 493 654 1129
f 493 492 654
f 495 1129 1128
f 495 493 1129
f 536 1128 1127
f 536 1127 1126
f 536 495 1128
f 537 536 1126
f 538 1126 1125
f 538 537 1126
f 539 1125 1124
f 539 1124 1123
f 539 538 1125
f 540 1123 1122
f 540 539 1123
f 541 540 1122
f 541 1122 1120
f 542 541 1120
f 542 1120 1121
f 339 542 1121
f 338 339 1121
f 338 1121 611
f 338 611 609
f 337 338 609
f 337 609 607
f 336 337 607
f 335 336 607
f 335 607 605
f 334 335 605
f 334 605 603
f 334 603 601
f 333 334 601
f 332 333 601
f 332 601 599
f 331 332 599
f 331 599 597
f 330 331 597
f 330 597 595
f 329 330 595
f 329 595 593
f 328 329 593
f 328 593 591
f 327 328 591
f 327 591 589
f 326 327 589
f 326 589 587
f 325 326 587
f 325 587 584
f 324 325 584
f 324 584 585
f 323 324 585
f 323 585 586
f 322 323 586
f 322 586 588
f 321 322 588
f 321 588 590
f 320 590 592
f 320 321 590
f 320 592 594
f 319 320 594
f 318 594 596
f 318 319 594
f 317 596 598
f 317 598 600
f 317 318 596
f 316 317 600
f 315 316 600
f 315 600 602
f 314 315 602
f 314 602 604
f 312 314 604
f 312 604 606
f 312 606 608
f 309 312 608
f 309 608 610
f 307 309 610
f 303 307 610
f 303 610 612
f 303 612 613
f 300 303 613
f 297 300 613
f 297 613 614
f 294 297 614
f 294 614 615
f 292 294 615
f 292 615 616
f 288 292 616
f 288 616 617
f 286 288 617
f 286 617 618
f 283 618 619
f 283 286 618
f 279 619 620
f 279 283 619
f 277 620 621
f 277 621 622
f 277 279 620
f 274 622 623
f 274 277 622
f 271 623 624
f 271 274 623
f 268 271 624
f 265 624 625
f 265 268 624
f 258 625 626
f 258 265 625
f 259 626 627
f 259 258 626
f 575 627 1153
f 575 259 627
f 576 1153 1154
f 576 575 1153
f 577 1154 1155
f 577 1155 1156
f 577 576 1154
f 578 577 1156
f 264 578 1156
f 264 1156 770
f 264 770 772
f 260 264 772
f 266 260 772
f 266 772 774
f 269 266 774
f 269 774 776
f 269 776 778
f 272 269 778
f 275 778 780
f 275 272 778
f 278 780 782
f 278 782 784
f 278 275 780
f 280 278 784
f 284 784 786
f 284 280 784
f 287 786 788
f 287 284 786
f 289 788 790
f 289 287 788
f 293 790 792
f 293 289 790
f 295 792 794
f 295 293 792
f 298 295 794
f 298 794 796
f 88 86 1118
f 88 1118 1117
f 90 1117 1116
f 90 1116 1110
f 90 88 1117
f 91 90 1110
f 93 1110 1111
f 93 1111 1112
f 93 91 1110
f 95 93 1112
f 97 1112 1113
f 97 95 1112
f 99 1113 1114
f 99 1114 1115
f 99 97 1113
f 101 99 1115
f 102 1115 1045
f 102 1045 1038
f 102 101 1115
f 129 102 1038
f 130 129 1038
f 130 1038 1037
f 130 1037 1028
f 125 130 1028
f 117 125 1028
f 117 1028 1023
f 118 117 1023
f 118 1023 1022
f 118 1022 1015
f 114 1015 1014
f 114 118 1015
f 111 114 1014
f 112 1014 1008
f 112 111 1014
f 120 1008 1000
f 120 112 1008
f 123 1000 997
f 123 120 1000
f 127 997 991
f 127 123 997
f 132 991 990
f 132 127 991
f 133 990 986
f 133 132 990
f 139 986 978
f 139 133 986
f 140 978 977
f 140 139 978
f 147 977 970
f 147 140 977
f 150 970 969
f 150 969 963
f 150 147 970
f 154 150 963
f 157 963 955
f 157 955 951
f 157 154 963
f 160 157 951
f 163 951 950
f 163 160 951
f 164 950 943
f 164 943 942
f 164 163 950
f 169 164 942
f 170 942 937
f 170 169 942
f 175 937 933
f 175 170 937
f 178 933 928
f 178 175 933
f 181 928 924
f 181 178 928
f 184 924 920
f 184 181 924
f 187 184 920
f 187 920 913
f 187 913 912
f 190 187 912
f 191 190 912
f 191 912 907
f 196 191 907
f 196 907 903
f 199 196 903
f 199 903 900
f 202 199 900
f 202 900 892
f 205 202 892
f 205 892 888
f 206 205 888
f 206 888 887
f 206 887 884
f 209 206 884
f 212 209 884
f 212 884 880
f 215 880 879
f 215 212 880
f 218 879 882
f 218 215 879
f 221 882 890
f 221 890 894
f 221 218 882
f 224 221 894
f 229 894 895
f 229 895 898
f 229 224 894
f 232 229 898
f 233 898 905
f 233 232 898
f 238 905 910
f 238 233 905
f 239 910 915
f 239 238 910
f 242 915 918
f 242 918 805
f 242 239 915
f 245 242 805
f 311 805 804
f 311 245 805
f 305 804 801
f 305 801 799
f 305 311 804
f 306 799 798
f 306 305 799
f 302 306 798
f 302 798 795
f 299 302 795
f 299 795 793
f 296 299 793
f 290 296 793
f 290 793 791
f 290 791 789
f 291 290 789
f 291 789 787
f 285 291 787
f 281 285 787
f 281 787 785
f 282 281 785
f 282 785 783
f 282 783 781
f 276 282 781
f 273 276 781
f 273 781 779
f 270 273 779
f 270 779 777
f 267 270 777
f 267 777 775
f 261 267 775
f 261 775 773
f 262 261 773
f 262 773 769
f 263 262 769
f 263 769 771
f 574 263 771
f 574 771 1152
f 573 574 1152
f 573 1152 1151
f 572 573 1151
f 572 1151 1150
f 571 572 1150
f 571 1150 1149
f 570 571 1149
f 570 1149 1148
f 569 570 1148
f 569 1148 1147
f 568 1147 1146
f 568 569 1147
f 568 1146 1145
f 567 568 1145
f 566 1145 1144
f 566 567 1145
f 565 1144 1143
f 565 1143 1142
f 565 566 1144
f 564 565 1142
f 563 564 1142
f 563 1142 1141
f 562 563 1141
f 562 1141 808
f 561 562 808
f 561 808 807
f 561 807 809
f 560 561 809
f 560 809 810
f 559 560 810
f 558 559 810
f 558 810 811
f 558 811 812
f 557 558 812
f 579 557 812
f 579 812 813
f 83 579 813
f 83 813 814
f 80 83 814
f 80 814 815
f 77 80 815
f 77 815 816
f 75 77 816
f 75 816 817
f 72 817 818
f 72 75 817
f 70 818 819
f 70 72 818
f 68 819 820
f 68 820 821
f 68 70 819
f 66 821 822
f 66 68 821
f 64 822 823
f 64 66 822
f 62 64 823
f 60 823 824
f 60 62 823
f 58 824 825
f 58 60 824
f 56 825 826
f 56 58 825
f 54 826 827
f 54 56 826
f 53 827 828
f 53 54 827
f 52 828 829
f 52 829 830
f 52 53 828
f 55 52 830
f 57 55 830
f 57 830 831
f 57 831 832
f 59 57 832
f 61 59 832
f 61 832 833
f 63 61 833
f 63 833 834
f 63 834 835
f 65 63 835
f 67 835 836
f 67 65 835
f 69 836 837
f 69 837 838
f 69 67 836
f 71 69 838
f 73 838 839
f 73 71 838
f 76 839 840
f 76 73 839
f 78 840 841
f 78 76 840
f 81 841 842
f 81 78 841
f 84 842 1119
f 84 81 842
f 86 84 1119
f 86 1119 1118
f 580 1178 628
f 1178 583 1227
f 1178 580 583
f 1227 583 714
f 806 1451 1049
f 1451 843 1504
f 1451 806 843
f 1504 843 1088
f 1221 2201 2202
f 1221 2202 2106
f 1686 1221 2106
f 1219 1221 1686
f 2203 2201 1221
f 2204 2203 1221
f 2204 2205 2206
f 2206 2207 2204
f 2204 2208 2205
f 2207 2209 2204
f 2204 2210 2208
f 2209 2211 2204
f 2204 2212 2210
f 2211 2213 2204
f 2204 2214 2212
f 2213 2215 2204
f 2204 2216 2214
f 2215 2217 2204
f 2204 2218 2216
f 2217 2219 2204
f 2204 2220 2218
f 2219 2221 2204
f 2204 2222 2220
f 2221 2223 2204
f 2204 2224 2222
f 2223 2225 2204
f 2204 2226 2224
f 2225 2227 2204
f 2204 2228 2226
f 2227 2229 2204
f 2204 2230 2228
f 2229 2231 2204
f 2204 2232 2230
f 2231 2233 2204
f 2204 2234 2232
f 2233 2235 2204
f 2204 2236 2234
f 2204 2237 2236
f 2238 2237 2204
f 2239 2237 2240
f 2241 2237 2239
f 2242 2237 2241
f 2243 2237 2242
f 2236 2237 2243
f 2237 2244 2240
f 2237 2245 2244
f 2237 2246 2245
f 2237 2247 2246
f 2237 2248 2247
f 2237 2249 2248
f 2237 2250 2249
f 2237 2251 2250
f 2237 2252 2251
f 2237 2253 2252
f 2237 2254 2253
f 2237 2255 2254
f 2237 2256 2255
f 2237 2257 2256
f 2237 2258 2257
f 2237 2259 2258
f 2237 2260 2259
f 2237 2261 2260
f 2237 2262 2261
f 2237 2263 2262
f 2237 2264 2263
f 2237 2265 2264
f 2237 2266 2265
f 2237 2267 2266
f 2237 2268 2267
f 2237 2269 2268
f 2204 1221 2238
f 2270 2271 2235
f 2272 2271 2270
f 2273 2271 2272
f 2274 2271 2273
f 2275 2271 2274
f 2276 2271 2275
f 2277 2271 2276
f 2278 2271 2277
f 2279 2271 2278
f 2280 2271 2279
f 2281 2271 2280
f 2282 2271 2281
f 2283 2271 2282
f 2284 2271 2283
f 2285 2271 2284
f 2286 2271 2285
f 2287 2271 2286
f 2288 2271 2287
f 2289 2271 2288
f 2290 2271 2289
f 2291 2271 2290
f 2292 2271 2291
f 2293 2271 2292
f 2294 2271 2293
f 2295 2271 2294
f 2296 2271 2295
f 2297 2271 2296
f 2298 2271 2297
f 2299 2271 2298
f 2300 2271 2299
f 2301 2271 2300
f 2302 2271 2301
f 2235 2271 2204
f 2303 2304 2237
f 2305 2304 2302
f 2306 2304 2305
f 2307 2304 2306
f 2308 2304 2307
f 2309 2304 2308
f 2310 2304 2309
f 2311 2304 2310
f 2312 2304 2311
f 2313 2304 2312
f 2314 2304 2313
f 2315 2304 2314
f 2316 2304 2315
f 2317 2304 2316
f 2318 2304 2317
f 2237 2304 2269
f 2319 2304 2318
f 2320 2304 2319
f 2321 2304 2320
f 2322 2304 2321
f 2323 2304 2322
f 2324 2304 2323
f 2325 2304 2324
f 2326 2304 2325
f 2327 2304 2326
f 2328 2304 2327
f 2329 2304 2328
f 2330 2304 2329
f 2331 2304 2330
f 2332 2304 2331
f 2333 2304 2332
f 2334 2304 2333
f 2335 2304 2334
f 2269 2304 2335
f 2302 2304 2271
f 2304 2336 2271
f 2303 2337 2304
f 2336 1375 2271
f 1220 2238 1221
f 2336 1376 1375
f 1305 2238 1220
f 2237 1305 1378
f 2238 1305 2237
f 2338 2303 1222
f 2237 1378 2303
f 2303 1378 1222
f 1224 2339 2338
f 1224 2338 1222
f 2339 1223 2340
f 2340 1223 2341
f 1223 2342 2341
f 2339 1224 1223
f 2105 2343 2344
f 2343 2342 1348
f 1348 2342 1223
f 2342 2106 2202
f 2105 2106 2343
f 2343 2106 2342
f 2343 1348 2345
f 1348 2346 2345
f 1350 2347 1348
f 1348 2347 2346
f 1349 2348 2347
f 1349 2347 1350
f 2337 2348 1349
f 1377 2304 2337
f 1377 2337 1349
f 2304 1377 1385
f 2304 1385 2336
f 2336 1385 1376
f 1375 2007 2105
f 1375 1374 2007
f 2344 1375 2105
f 2349 1375 2344
f 2350 2271 1375
f 2350 1375 2349
f 2129 2351 1531
f 2352 1374 2351
f 2351 1374 1531
f 2352 2007 1374
f 2129 2007 2351
f 2351 2007 2352
f 1608 1598 1762
f 1608 1762 1761
f 1609 1761 1763
f 1609 1608 1761
f 1610 1763 1764
f 1610 1609 1763
f 1611 1764 1765
f 1611 1610 1764
f 1612 1765 1766
f 1612 1611 1765
f 1613 1766 1767
f 1613 1612 1766
f 1614 1767 1768
f 1614 1613 1767
f 1615 1768 1769
f 1615 1614 1768
f 1616 1769 1770
f 1616 1615 1769
f 1617 1770 1771
f 1617 1616 1770
f 1618 1617 1771
f 1618 1771 1772
f 1619 1618 1772
f 1619 1772 1773
f 1620 1619 1773
f 1620 1773 1774
f 1621 1620 1774
f 1621 1774 1775
f 1622 1775 1776
f 1622 1621 1775
f 1623 1776 1777
f 1623 1622 1776
f 1624 1777 1778
f 1624 1623 1777
f 1625 1778 1779
f 1625 1624 1778
f 1626 1779 1780
f 1626 1625 1779
f 1627 1780 1783
f 1627 1626 1780
f 1628 1783 1785
f 1628 1627 1783
f 1629 1785 1787
f 1629 1628 1785
f 1630 1787 1789
f 1630 1629 1787
f 1631 1789 1791
f 1631 1630 1789
f 1632 1791 1793
f 1632 1631 1791
f 1633 1793 1794
f 1633 1632 1793
f 1634 1794 1795
f 1634 1633 1794
f 1635 1795 1796
f 1635 1634 1795
f 1636 1796 1797
f 1636 1635 1796
f 1637 1797 1798
f 1637 1636 1797
f 1638 1798 1799
f 1638 1637 1798
f 1639 1799 1800
f 1639 1638 1799
f 1372 1800 1713
f 1372 1639 1800
f 1371 1713 1712
f 1371 1372 1713
f 1370 1712 1711
f 1370 1371 1712
f 1369 1711 1710
f 1369 1370 1711
f 1368 1369 1710
f 1368 1710 1708
f 1367 1368 1708
f 1367 1708 1707
f 1366 1367 1707
f 1366 1707 1705
f 1365 1366 1705
f 1365 1705 1703
f 1364 1365 1703
f 1364 1703 1701
f 1363 1364 1701
f 1363 1701 1699
f 1362 1363 1699
f 1362 1699 1697
f 1361 1362 1697
f 1361 1697 1695
f 1360 1361 1695
f 1360 1695 1693
f 1359 1360 1693
f 1359 1693 1691
f 1358 1359 1691
f 1358 1691 1690
f 1357 1690 1689
f 1357 1358 1690
f 1356 1689 1692
f 1356 1357 1689
f 1355 1692 1694
f 1355 1356 1692
f 1354 1694 1696
f 1354 1355 1694
f 1353 1696 1698
f 1353 1354 1696
f 1351 1698 1700
f 1351 1353 1698
f 1352 1700 1702
f 1352 1351 1700
f 1373 1702 1704
f 1373 1352 1702
f 1203 1704 1706
f 1203 1373 1704
f 1201 1706 1729
f 1201 1203 1706
f 1199 1729 1730
f 1199 1201 1729
f 1197 1730 1731
f 1197 1199 1730
f 1195 1731 1732
f 1195 1197 1731
f 1193 1732 1733
f 1193 1195 1732
f 1191 1193 1733
f 1191 1733 1734
f 1189 1191 1734
f 1189 1734 1735
f 1187 1189 1735
f 1187 1735 1736
f 1185 1187 1736
f 1185 1736 1737
f 1183 1185 1737
f 1183 1737 1738
f 1181 1183 1738
f 1181 1738 1739
f 1179 1181 1739
f 1179 1739 1740
f 1176 1179 1740
f 1176 1740 1741
f 1174 1176 1741
f 1174 1741 1742
f 1172 1174 1742
f 1172 1742 1743
f 1170 1172 1743
f 1170 1743 1744
f 1168 1170 1744
f 1168 1744 1745
f 1168 1745 1746
f 1166 1168 1746
f 1164 1166 1746
f 1164 1746 1747
f 1162 1164 1747
f 1162 1747 1748
f 1160 1162 1748
f 1160 1748 1749
f 1157 1160 1749
f 1157 1749 1750
f 1158 1157 1750
f 1158 1750 1751
f 1159 1158 1751
f 1159 1751 1752
f 1159 1752 1753
f 1161 1159 1753
f 1163 1161 1753
f 1163 1753 1754
f 1165 1754 1755
f 1165 1163 1754
f 1167 1755 1756
f 1167 1756 1757
f 1167 1165 1755
f 1169 1167 1757
f 1171 1757 1758
f 1171 1758 1759
f 1171 1169 1757
f 1173 1171 1759
f 1175 1173 1759
f 1175 1759 1715
f 1177 1175 1715
f 1177 1715 1714
f 1180 1177 1714
f 1180 1714 1716
f 1182 1180 1716
f 1182 1716 1717
f 1184 1182 1717
f 1184 1717 1718
f 1186 1184 1718
f 1186 1718 1719
f 1188 1186 1719
f 1188 1719 1720
f 1190 1188 1720
f 1190 1720 1721
f 1192 1190 1721
f 1192 1721 1722
f 1194 1192 1722
f 1194 1722 1723
f 1196 1194 1723
f 1196 1723 1724
f 1196 1724 1725
f 1198 1196 1725
f 1200 1725 1726
f 1200 1198 1725
f 1202 1726 1727
f 1202 1200 1726
f 1204 1727 1728
f 1204 1202 1727
f 1205 1728 1846
f 1205 1204 1728
f 1206 1846 1845
f 1206 1205 1846
f 1207 1845 1847
f 1207 1206 1845
f 1208 1847 1848
f 1208 1207 1847
f 1209 1848 1849
f 1209 1208 1848
f 1210 1849 1850
f 1210 1209 1849
f 1211 1850 1851
f 1211 1210 1850
f 1212 1851 1852
f 1212 1211 1851
f 1213 1852 1853
f 1213 1212 1852
f 1214 1853 1854
f 1214 1213 1853
f 1215 1214 1854
f 1215 1854 1855
f 1216 1215 1855
f 1216 1855 1856
f 1217 1216 1856
f 1217 1856 1857
f 1218 1217 1857
f 1218 1857 1858
f 1607 1858 1859
f 1607 1218 1858
f 1606 1859 1860
f 1606 1607 1859
f 1605 1860 1782
f 1605 1606 1860
f 1604 1782 1781
f 1604 1605 1782
f 1603 1781 1784
f 1603 1604 1781
f 1602 1784 1786
f 1602 1603 1784
f 1601 1786 1788
f 1601 1602 1786
f 1600 1788 1790
f 1600 1601 1788
f 1599 1790 1792
f 1599 1600 1790
f 1598 1792 1762
f 1598 1599 1792
f 1347 1312 1942
f 1347 1942 1940
f 1346 1940 1938
f 1346 1347 1940
f 1345 1938 1936
f 1345 1346 1938
f 1344 1936 1934
f 1344 1345 1936
f 1343 1934 1932
f 1343 1344 1934
f 1342 1932 1929
f 1342 1343 1932
f 1341 1929 1928
f 1341 1342 1929
f 1340 1928 1925
f 1340 1341 1928
f 1339 1925 1924
f 1339 1340 1925
f 1338 1924 1922
f 1338 1339 1924
f 1337 1338 1922
f 1337 1922 1919
f 1336 1337 1919
f 1336 1919 1918
f 1335 1336 1918
f 1335 1918 1915
f 1333 1335 1915
f 1333 1915 1910
f 1331 1910 1907
f 1331 1333 1910
f 1329 1907 1905
f 1329 1331 1907
f 1327 1905 1904
f 1327 1329 1905
f 1325 1904 1912
f 1325 1327 1904
f 1323 1912 1913
f 1323 1325 1912
f 1321 1913 2188
f 1321 1323 1913
f 1319 2188 2187
f 1319 1321 2188
f 1317 2187 2186
f 1317 1319 2187
f 1315 2186 2185
f 1315 1317 2186
f 1313 2185 2184
f 1313 1315 2185
f 1310 2184 2183
f 1310 1313 2184
f 1309 2183 2182
f 1309 1310 2183
f 1308 2182 2181
f 1308 1309 2182
f 1306 2181 2180
f 1306 1308 2181
f 1307 2180 2179
f 1307 1306 2180
f 1684 2179 2178
f 1684 1307 2179
f 1685 2178 2177
f 1685 1684 2178
f 1304 2177 1831
f 1304 1685 2177
f 1303 1831 1829
f 1303 1304 1831
f 1302 1829 1827
f 1302 1303 1829
f 1301 1827 1825
f 1301 1302 1827
f 1300 1825 1823
f 1300 1301 1825
f 1299 1300 1823
f 1299 1823 1821
f 1298 1299 1821
f 1298 1821 1819
f 1297 1298 1819
f 1297 1819 1817
f 1296 1297 1817
f 1296 1817 1815
f 1295 1296 1815
f 1295 1815 1813
f 1294 1295 1813
f 1294 1813 1811
f 1293 1294 1811
f 1293 1811 1809
f 1292 1293 1809
f 1292 1809 1807
f 1291 1292 1807
f 1291 1807 1805
f 1290 1291 1805
f 1290 1805 1803
f 1289 1290 1803
f 1289 1803 1802
f 1288 1802 1801
f 1288 1289 1802
f 1286 1801 1804
f 1286 1288 1801
f 1284 1804 1806
f 1284 1286 1804
f 1282 1806 1808
f 1282 1284 1806
f 1280 1808 1810
f 1280 1282 1808
f 1278 1810 1812
f 1278 1280 1810
f 1276 1812 1814
f 1276 1278 1812
f 1274 1814 1816
f 1274 1276 1814
f 1272 1816 1818
f 1272 1274 1816
f 1270 1818 1820
f 1270 1272 1818
f 1268 1820 1822
f 1268 1270 1820
f 1266 1822 1824
f 1266 1268 1822
f 1264 1824 1826
f 1264 1266 1824
f 1262 1826 1828
f 1262 1264 1826
f 1260 1262 1828
f 1260 1828 1830
f 1258 1260 1830
f 1258 1830 1832
f 1256 1258 1832
f 1256 1832 1833
f 1254 1256 1833
f 1254 1833 1834
f 1252 1254 1834
f 1252 1834 1835
f 1252 1835 1836
f 1250 1252 1836
f 1248 1250 1836
f 1248 1836 1837
f 1246 1248 1837
f 1246 1837 1838
f 1244 1246 1838
f 1244 1838 1839
f 1244 1839 1840
f 1241 1244 1840
f 1239 1241 1840
f 1239 1840 1841
f 1237 1239 1841
f 1237 1841 1842
f 1237 1842 1843
f 1235 1237 1843
f 1233 1235 1843
f 1233 1843 1844
f 1231 1233 1844
f 1231 1844 1861
f 1229 1231 1861
f 1229 1861 1862
f 1225 1229 1862
f 1225 1862 1863
f 1226 1225 1863
f 1226 1863 1864
f 1226 1864 1865
f 1228 1226 1865
f 1228 1865 1866
f 1230 1228 1866
f 1232 1230 1866
f 1232 1866 1867
f 1234 1867 1868
f 1234 1232 1867
f 1236 1868 1869
f 1236 1234 1868
f 1238 1869 1870
f 1238 1236 1869
f 1240 1870 1871
f 1240 1871 1872
f 1240 1238 1870
f 1243 1240 1872
f 1245 1243 1872
f 1245 1872 1873
f 1247 1245 1873
f 1247 1873 1874
f 1249 1247 1874
f 1249 1874 1875
f 1251 1249 1875
f 1251 1875 1876
f 1253 1251 1876
f 1253 1876 1877
f 1255 1253 1877
f 1255 1877 1878
f 1257 1255 1878
f 1257 1878 1879
f 1259 1257 1879
f 1259 1879 1880
f 1261 1259 1880
f 1261 1880 1881
f 1263 1261 1881
f 1263 1881 1882
f 1265 1263 1882
f 1265 1882 1883
f 1265 1883 1884
f 1267 1265 1884
f 1269 1884 1885
f 1269 1267 1884
f 1271 1885 1886
f 1271 1269 1885
f 1273 1886 1887
f 1273 1271 1886
f 1275 1887 1888
f 1275 1273 1887
f 1277 1888 1889
f 1277 1275 1888
f 1279 1889 1890
f 1279 1277 1889
f 1281 1890 1891
f 1281 1279 1890
f 1283 1891 1892
f 1283 1281 1891
f 1285 1892 1893
f 1285 1283 1892
f 1287 1893 1894
f 1287 1285 1893
f 1597 1894 1895
f 1597 1287 1894
f 1596 1895 1896
f 1596 1597 1895
f 1595 1896 1897
f 1595 1596 1896
f 1594 1595 1897
f 1594 1897 1898
f 1334 1594 1898
f 1334 1898 1899
f 1334 1899 1900
f 1332 1334 1900
f 1330 1332 1900
f 1330 1900 1901
f 1328 1901 1959
f 1328 1330 1901
f 1326 1959 1958
f 1326 1328 1959
f 1324 1958 1956
f 1324 1956 1954
f 1324 1326 1958
f 1322 1324 1954
f 1320 1954 1951
f 1320 1322 1954
f 1318 1951 1950
f 1318 1320 1951
f 1316 1950 1948
f 1316 1318 1950
f 1314 1948 1946
f 1314 1316 1948
f 1311 1946 1944
f 1311 1314 1946
f 1312 1311 1944
f 1312 1944 1942
f 1465 1466 1988
f 1465 1988 1995
f 1463 1995 1996
f 1463 1465 1995
f 1464 1996 1997
f 1464 1463 1996
f 1501 1997 1998
f 1501 1464 1997
f 1500 1998 1999
f 1500 1501 1998
f 1499 1999 2000
f 1499 1500 1999
f 1498 2000 2001
f 1498 1499 2000
f 1497 2001 2002
f 1497 1498 2001
f 1496 2002 2003
f 1496 1497 2002
f 1495 2003 2004
f 1495 1496 2003
f 1494 1495 2004
f 1494 2004 2005
f 1493 1494 2005
f 1493 2005 2006
f 1492 1493 2006
f 1492 2006 1964
f 1491 1492 1964
f 1491 1964 1963
f 1490 1963 1967
f 1490 1491 1963
f 1489 1967 1969
f 1489 1490 1967
f 1488 1969 1971
f 1488 1489 1969
f 1487 1971 1973
f 1487 1488 1971
f 1485 1973 1975
f 1485 1487 1973
f 1483 1975 1977
f 1483 1485 1975
f 1481 1977 1979
f 1481 1483 1977
f 1479 1979 1981
f 1479 1481 1979
f 1477 1981 1983
f 1477 1479 1981
f 1475 1983 1985
f 1475 1477 1983
f 1473 1985 1987
f 1473 1475 1985
f 1472 1987 1989
f 1472 1473 1987
f 1471 1989 1990
f 1471 1472 1989
f 1470 1990 1991
f 1470 1471 1990
f 1469 1991 1992
f 1469 1470 1991
f 1467 1992 1993
f 1467 1469 1992
f 1468 1993 1994
f 1468 1467 1993
f 1682 1994 2200
f 1682 1468 1994
f 1683 2200 2189
f 1683 1682 2200
f 1461 2189 2190
f 1461 1683 2189
f 1450 2190 2191
f 1450 1461 2190
f 1449 2191 2192
f 1449 1450 2191
f 1448 1449 2192
f 1448 2192 2193
f 1447 1448 2193
f 1447 2193 2194
f 1446 1447 2194
f 1446 2194 2195
f 1445 1446 2195
f 1445 2195 2196
f 1444 1445 2196
f 1444 2196 2197
f 1443 1444 2197
f 1443 2197 2198
f 1442 1443 2198
f 1442 2198 2199
f 1441 1442 2199
f 1441 2199 1916
f 1440 1441 1916
f 1440 1916 1911
f 1439 1440 1911
f 1439 1911 1908
f 1438 1439 1908
f 1438 1908 1903
f 1437 1903 1906
f 1437 1438 1903
f 1435 1906 1909
f 1435 1437 1906
f 1433 1909 1914
f 1433 1435 1909
f 1431 1914 1917
f 1431 1433 1914
f 1429 1917 1920
f 1429 1431 1917
f 1427 1920 1921
f 1427 1429 1920
f 1425 1921 1923
f 1425 1427 1921
f 1423 1923 1926
f 1423 1425 1923
f 1421 1926 1927
f 1421 1423 1926
f 1419 1927 1930
f 1419 1421 1927
f 1417 1930 1931
f 1417 1419 1930
f 1415 1931 1933
f 1415 1417 1931
f 1413 1933 1935
f 1413 1415 1933
f 1411 1935 1937
f 1411 1413 1935
f 1409 1411 1937
f 1409 1937 1939
f 1407 1409 1939
f 1407 1939 1941
f 1405 1407 1941
f 1405 1941 1943
f 1403 1405 1943
f 1403 1943 1945
f 1401 1403 1945
f 1401 1945 1947
f 1401 1947 1949
f 1399 1401 1949
f 1397 1399 1949
f 1397 1949 1952
f 1395 1397 1952
f 1395 1952 1953
f 1393 1395 1953
f 1393 1953 1955
f 1393 1955 1957
f 1391 1393 1957
f 1389 1391 1957
f 1389 1957 1960
f 1387 1389 1960
f 1387 1960 1961
f 1387 1961 2008
f 1383 1387 2008
f 1384 1383 2008
f 1384 2008 2009
f 1590 1384 2009
f 1590 2009 2010
f 1591 1590 2010
f 1591 2010 2011
f 1592 1591 2011
f 1592 2011 2012
f 1593 1592 2012
f 1593 2012 2013
f 1593 2013 2014
f 1380 1593 2014
f 1380 2014 2015
f 1379 1380 2015
f 1381 1379 2015
f 1381 2015 2016
f 1382 2016 2017
f 1382 1381 2016
f 1386 2017 2018
f 1386 1382 2017
f 1388 2018 2019
f 1388 1386 2018
f 1390 2019 2020
f 1390 2020 2021
f 1390 1388 2019
f 1392 1390 2021
f 1394 1392 2021
f 1394 2021 2022
f 1396 1394 2022
f 1396 2022 2023
f 1398 1396 2023
f 1398 2023 2024
f 1400 1398 2024
f 1400 2024 2025
f 1402 1400 2025
f 1402 2025 2026
f 1404 1402 2026
f 1404 2026 2027
f 1406 1404 2027
f 1406 2027 2028
f 1408 1406 2028
f 1408 2028 2029
f 1410 1408 2029
f 1410 2029 2030
f 1412 1410 2030
f 1412 2030 2031
f 1414 1412 2031
f 1414 2031 2032
f 1414 2032 2033
f 1416 1414 2033
f 1418 2033 2034
f 1418 1416 2033
f 1420 2034 2035
f 1420 1418 2034
f 1422 2035 2036
f 1422 1420 2035
f 1424 2036 2037
f 1424 1422 2036
f 1426 2037 2038
f 1426 1424 2037
f 1428 2038 2039
f 1428 1426 2038
f 1430 2039 2040
f 1430 1428 2039
f 1432 2040 2041
f 1432 1430 2040
f 1434 2041 2042
f 1434 1432 2041
f 1436 2042 2043
f 1436 1434 2042
f 1460 2043 2044
f 1460 1436 2043
f 1459 2044 2045
f 1459 1460 2044
f 1458 2045 2046
f 1458 1459 2045
f 1457 1458 2046
f 1457 2046 2047
f 1456 1457 2047
f 1456 2047 1966
f 1456 1966 1965
f 1455 1456 1965
f 1454 1455 1965
f 1454 1965 1968
f 1452 1968 1970
f 1452 1454 1968
f 1453 1970 1972
f 1453 1452 1970
f 1486 1972 1974
f 1486 1974 1976
f 1486 1453 1972
f 1484 1486 1976
f 1482 1976 1978
f 1482 1484 1976
f 1480 1978 1980
f 1480 1482 1978
f 1478 1980 1982
f 1478 1480 1980
f 1476 1982 1984
f 1476 1478 1982
f 1474 1984 1986
f 1474 1476 1984
f 1466 1474 1986
f 1466 1986 1988
f 1558 1557 2146
f 1558 2146 2145
f 1559 2145 2148
f 1559 1558 2145
f 1560 2148 2150
f 1560 1559 2148
f 1561 2150 2152
f 1561 1560 2150
f 1562 2152 2154
f 1562 1561 2152
f 1563 2154 2156
f 1563 1562 2154
f 1564 2156 2158
f 1564 1563 2156
f 1587 2158 2128
f 1587 1564 2158
f 1586 2128 2126
f 1586 1587 2128
f 1585 2126 2124
f 1585 1586 2126
f 1584 1585 2124
f 1584 2124 2122
f 1583 1584 2122
f 1583 2122 2120
f 1582 1583 2120
f 1582 2120 2118
f 1581 1582 2118
f 1581 2118 2116
f 1580 2116 2114
f 1580 1581 2116
f 1579 2114 2112
f 1579 1580 2114
f 1578 2112 2110
f 1578 1579 2112
f 1577 2110 2108
f 1577 1578 2110
f 1576 2108 2104
f 1576 1577 2108
f 1575 2104 2102
f 1575 1576 2104
f 1574 2102 2100
f 1574 1575 2102
f 1573 2100 2098
f 1573 1574 2100
f 1572 2098 2096
f 1572 1573 2098
f 1571 2096 2094
f 1571 1572 2096
f 1570 2094 2092
f 1570 1571 2094
f 1569 2092 2090
f 1569 1570 2092
f 1567 2090 2088
f 1567 1569 2090
f 1568 2088 2086
f 1568 1567 2088
f 1588 2086 2084
f 1588 1568 2086
f 1589 2084 2082
f 1589 1588 2084
f 1672 2082 2080
f 1672 1589 2082
f 1671 2080 2078
f 1671 1672 2080
f 1670 2078 2076
f 1670 1671 2078
f 1669 2076 2074
f 1669 1670 2076
f 1668 2074 2072
f 1668 1669 2074
f 1667 2072 2070
f 1667 1668 2072
f 1666 1667 2070
f 1666 2070 2068
f 1665 1666 2068
f 1665 2068 2066
f 1664 1665 2066
f 1664 2066 2064
f 1663 1664 2064
f 1663 2064 2062
f 1662 1663 2062
f 1662 2062 2060
f 1661 1662 2060
f 1661 2060 2058
f 1660 1661 2058
f 1660 2058 2056
f 1659 1660 2056
f 1659 2056 2054
f 1658 1659 2054
f 1658 2054 2052
f 1657 1658 2052
f 1657 2052 2050
f 1656 1657 2050
f 1656 2050 2049
f 1655 2049 2048
f 1655 1656 2049
f 1654 2048 2051
f 1654 1655 2048
f 1653 2051 2053
f 1653 1654 2051
f 1652 2053 2055
f 1652 1653 2053
f 1651 2055 2057
f 1651 1652 2055
f 1650 2057 2059
f 1650 1651 2057
f 1649 2059 2061
f 1649 1650 2059
f 1648 2061 2063
f 1648 1649 2061
f 1647 2063 2065
f 1647 1648 2063
f 1646 2065 2067
f 1646 1647 2065
f 1645 2067 2069
f 1645 1646 2067
f 1644 2069 2071
f 1644 1645 2069
f 1643 2071 2073
f 1643 1644 2071
f 1642 2073 2075
f 1642 1643 2073
f 1641 1642 2075
f 1641 2075 2077
f 1640 1641 2077
f 1640 2077 2079
f 1673 1640 2079
f 1673 2079 2081
f 1674 1673 2081
f 1674 2081 2083
f 1675 1674 2083
f 1675 2083 2085
f 1676 1675 2085
f 1676 2085 2087
f 1677 1676 2087
f 1677 2087 2089
f 1678 1677 2089
f 1678 2089 2091
f 1679 1678 2091
f 1679 2091 2093
f 1680 1679 2093
f 1680 2093 2095
f 1681 1680 2095
f 1681 2095 2097
f 1514 1681 2097
f 1514 2097 2099
f 1514 2099 2101
f 1512 1514 2101
f 1510 1512 2101
f 1510 2101 2103
f 1508 1510 2103
f 1508 2103 2107
f 1506 1508 2107
f 1506 2107 2109
f 1502 1506 2109
f 1502 2109 2111
f 1503 1502 2111
f 1503 2111 2113
f 1505 1503 2113
f 1505 2113 2115
f 1505 2115 2117
f 1507 1505 2117
f 1509 1507 2117
f 1509 2117 2119
f 1511 2119 2121
f 1511 1509 2119
f 1513 2121 2123
f 1513 2123 2125
f 1513 1511 2121
f 1515 1513 2125
f 1516 2125 2127
f 1516 2127 2131
f 1516 1515 2125
f 1517 1516 2131
f 1518 1517 2131
f 1518 2131 2130
f 1519 1518 2130
f 1519 2130 2132
f 1520 1519 2132
f 1520 2132 2133
f 1521 1520 2133
f 1521 2133 2134
f 1522 1521 2134
f 1522 2134 2135
f 1523 1522 2135
f 1523 2135 2136
f 1524 1523 2136
f 1524 2136 2137
f 1525 1524 2137
f 1525 2137 2138
f 1526 1525 2138
f 1526 2138 2139
f 1527 1526 2139
f 1527 2139 2140
f 1528 1527 2140
f 1528 2140 2141
f 1528 2141 2142
f 1529 1528 2142
f 1530 2142 2143
f 1530 1529 2142
f 1532 2143 2144
f 1532 1530 2143
f 1533 2144 2147
f 1533 1532 2144
f 1534 2147 2149
f 1534 1533 2147
f 1535 2149 2151
f 1535 1534 2149
f 1536 2151 2153
f 1536 1535 2151
f 1537 2153 2155
f 1537 1536 2153
f 1538 2155 2157
f 1538 1537 2155
f 1539 2157 2159
f 1539 1538 2157
f 1540 2159 2160
f 1540 1539 2159
f 1541 2160 2161
f 1541 1540 2160
f 1542 2161 2162
f 1542 1541 2161
f 1543 2162 2163
f 1543 1542 2162
f 1544 1543 2163
f 1544 2163 2164
f 1545 1544 2164
f 1545 2164 2165
f 1546 1545 2165
f 1546 2165 2166
f 1547 1546 2166
f 1547 2166 2167
f 1548 2167 2168
f 1548 1547 2167
f 1549 2168 2169
f 1549 1548 2168
f 1550 2169 2170
f 1550 1549 2169
f 1551 2170 2171
f 1551 1550 2170
f 1552 2171 2172
f 1552 1551 2171
f 1553 2172 2173
f 1553 1552 2172
f 1554 2173 2174
f 1554 1553 2173
f 1555 2174 2175
f 1555 1554 2174
f 1556 2175 2176
f 1556 1555 2175
f 1557 2176 2146
f 1557 1556 2176
f 1566 1760 1242
f 1709 1760 1566
f 1242 1962 1462
f 1760 1962 1242
f 1565 1709 1566
f 1902 1709 1565
f 1962 1902 1565
f 1962 1565 1462
f 2204 2271 2203
f 2203 2271 2350
f 2353 2354 2203
f 2355 2353 2356
f 2357 2356 2353
f 2358 2353 2355
f 2359 2357 2353
f 2360 2353 2358
f 2361 2359 2353
f 2362 2353 2360
f 2363 2361 2353
f 2364 2353 2362
f 2365 2363 2353
f 2366 2353 2364
f 2367 2365 2353
f 2368 2353 2366
f 2369 2367 2353
f 2370 2353 2368
f 2371 2369 2353
f 2372 2353 2370
f 2373 2371 2353
f 2374 2353 2372
f 2375 2373 2353
f 2376 2353 2374
f 2377 2375 2353
f 2378 2353 2376
f 2379 2377 2353
f 2380 2353 2378
f 2381 2379 2353
f 2382 2353 2380
f 2383 2381 2353
f 2384 2353 2382
f 2385 2383 2353
f 2386 2353 2384
f 2387 2353 2386
f 2388 2353 2387
f 2389 2353 2388
f 2390 2353 2389
f 2391 2353 2390
f 2392 2353 2391
f 2393 2353 2392
f 2394 2353 2393
f 2395 2353 2394
f 2396 2353 2395
f 2397 2353 2396
f 2398 2353 2397
f 2399 2203 2354
f 2400 2401 2402
f 2400 2403 2401
f 2400 2404 2403
f 2400 2405 2404
f 2400 2406 2405
f 2400 2407 2406
f 2400 2408 2407
f 2400 2409 2408
f 2400 2410 2409
f 2400 2411 2410
f 2400 2412 2411
f 2400 2413 2412
f 2400 2414 2413
f 2400 2415 2414
f 2400 2416 2415
f 2400 2417 2416
f 2400 2418 2417
f 2400 2419 2418
f 2400 2420 2419
f 2400 2398 2420
f 2400 2353 2398
f 2421 2422 2385
f 2421 2423 2422
f 2421 2424 2423
f 2421 2425 2424
f 2421 2426 2425
f 2421 2427 2426
f 2421 2428 2427
f 2421 2429 2428
f 2421 2430 2431
f 2421 2432 2429
f 2421 2433 2430
f 2421 2434 2432
f 2421 2435 2433
f 2421 2385 2353
f 2421 2436 2434
f 2421 2437 2435
f 2421 2438 2436
f 2421 2439 2437
f 2421 2440 2438
f 2421 2441 2439
f 2421 2442 2440
f 2421 2443 2441
f 2421 2444 2442
f 2421 2445 2443
f 2421 2446 2444
f 2421 2447 2445
f 2421 2448 2446
f 2421 2449 2447
f 2421 2450 2448
f 2421 2451 2449
f 2421 2452 2450
f 2421 2453 2451
f 2421 2454 2452
f 2421 2455 2454
f 2421 2456 2455
f 2421 2457 2456
f 2421 2458 2457
f 2421 2459 2458
f 2421 2460 2459
f 2421 2461 2460
f 2421 2462 2461
f 2421 2463 2462
f 2421 2464 2463
f 2421 2465 2464
f 2421 2431 2465
f 2340 2399 2400
f 2201 2399 2340
f 2201 2203 2399
f 2350 2466 2421
f 2350 2353 2203
f 2350 2421 2353
f 2341 2201 2340
f 2467 2468 2453
f 2467 2469 2468
f 2467 2470 2469
f 2467 2471 2470
f 2467 2472 2471
f 2467 2473 2472
f 2467 2474 2473
f 2467 2475 2474
f 2467 2476 2475
f 2467 2477 2476
f 2467 2478 2477
f 2467 2479 2478
f 2467 2480 2479
f 2467 2481 2480
f 2467 2482 2481
f 2467 2483 2482
f 2467 2484 2483
f 2467 2485 2484
f 2467 2402 2485
f 2467 2400 2402
f 2467 2453 2421
f 2486 2466 2350
f 2346 2467 2486
f 2349 2345 2346
f 2349 2346 2486
f 2349 2486 2350
f 2346 2340 2400
f 2346 2400 2467
f 2342 2202 2341
f 2341 2202 2201
f 2347 2348 2346
f 2346 2338 2340
f 2348 2338 2346
f 2337 2303 2348
f 2348 2303 2338
f 2338 2339 2340
f 2431 2430 2302
f 2302 2430 2305
f 2305 2433 2306
f 2306 2433 2307
f 2430 2433 2305
f 2433 2435 2307
f 2307 2437 2308
f 2308 2437 2309
f 2435 2437 2307
f 2437 2439 2309
f 2309 2441 2310
f 2439 2441 2309
f 2310 2443 2311
f 2311 2443 2312
f 2441 2443 2310
f 2443 2445 2312
f 2312 2447 2313
f 2313 2447 2314
f 2445 2447 2312
f 2447 2449 2314
f 2449 2451 2314
f 2314 2451 2315
f 2315 2451 2316
f 2451 2453 2316
f 2453 2468 2316
f 2316 2468 2317
f 2468 2469 2317
f 2317 2469 2318
f 2318 2469 2319
f 2469 2470 2319
f 2319 2470 2320
f 2470 2471 2320
f 2471 2472 2320
f 2320 2472 2321
f 2472 2473 2321
f 2321 2473 2322
f 2473 2474 2322
f 2322 2474 2323
f 2474 2475 2323
f 2323 2475 2324
f 2475 2476 2324
f 2324 2476 2325
f 2476 2477 2325
f 2325 2477 2326
f 2326 2478 2327
f 2477 2478 2326
f 2327 2479 2328
f 2478 2479 2327
f 2328 2480 2329
f 2479 2480 2328
f 2329 2481 2330
f 2330 2481 2331
f 2480 2481 2329
f 2481 2482 2331
f 2331 2483 2332
f 2332 2483 2333
f 2482 2483 2331
f 2483 2484 2333
f 2333 2485 2334
f 2484 2485 2333
f 2334 2402 2335
f 2335 2402 2269
f 2485 2402 2334
f 2402 2401 2269
f 2269 2403 2268
f 2401 2403 2269
f 2268 2404 2267
f 2403 2404 2268
f 2267 2405 2266
f 2404 2405 2267
f 2266 2406 2265
f 2405 2406 2266
f 2406 2407 2265
f 2265 2407 2264
f 2407 2408 2264
f 2264 2408 2263
f 2263 2408 2262
f 2408 2409 2262
f 2409 2410 2262
f 2262 2410 2261
f 2410 2411 2261
f 2261 2411 2260
f 2411 2412 2260
f 2260 2412 2259
f 2412 2413 2259
f 2259 2413 2258
f 2413 2414 2258
f 2258 2414 2257
f 2414 2415 2257
f 2257 2415 2256
f 2256 2415 2255
f 2415 2416 2255
f 2416 2417 2255
f 2255 2417 2254
f 2417 2418 2254
f 2254 2418 2253
f 2418 2419 2253
f 2253 2419 2252
f 2419 2420 2252
f 2252 2420 2251
f 2251 2420 2250
f 2420 2398 2250
f 2398 2397 2250
f 2250 2397 2249
f 2249 2397 2248
f 2397 2396 2248
f 2396 2395 2248
f 2248 2395 2247
f 2395 2394 2247
f 2247 2394 2246
f 2394 2393 2246
f 2246 2393 2245
f 2393 2392 2245
f 2245 2392 2244
f 2244 2392 2240
f 2392 2391 2240
f 2240 2390 2239
f 2391 2390 2240
f 2239 2389 2241
f 2241 2389 2242
f 2390 2389 2239
f 2242 2388 2243
f 2389 2388 2242
f 2388 2387 2243
f 2243 2387 2236
f 2387 2386 2236
f 2236 2386 2234
f 2386 2384 2234
f 2384 2382 2234
f 2234 2382 2232
f 2232 2382 2230
f 2382 2380 2230
f 2230 2380 2228
f 2380 2378 2228
f 2378 2376 2228
f 2228 2376 2226
f 2376 2374 2226
f 2226 2374 2224
f 2224 2374 2222
f 2374 2372 2222
f 2372 2370 2222
f 2222 2370 2220
f 2370 2368 2220
f 2220 2368 2218
f 2368 2366 2218
f 2218 2366 2216
f 2366 2364 2216
f 2216 2364 2214
f 2214 2362 2212
f 2364 2362 2214
f 2212 2360 2210
f 2362 2360 2212
f 2210 2358 2208
f 2360 2358 2210
f 2208 2355 2205
f 2358 2355 2208
f 2205 2356 2206
f 2355 2356 2205
f 2206 2357 2207
f 2356 2357 2206
f 2207 2359 2209
f 2357 2359 2207
f 2209 2361 2211
f 2359 2361 2209
f 2211 2363 2213
f 2213 2363 2215
f 2361 2363 2211
f 2363 2365 2215
f 2215 2367 2217
f 2365 2367 2215
f 2217 2369 2219
f 2219 2369 2221
f 2367 2369 2217
f 2369 2371 2221
f 2371 2373 2221
f 2221 2373 2223
f 2373 2375 2223
f 2223 2375 2225
f 2375 2377 2225
f 2225 2377 2227
f 2227 2377 2229
f 2377 2379 2229
f 2229 2379 2231
f 2379 2381 2231
f 2231 2383 2233
f 2233 2383 2235
f 2381 2383 2231
f 2383 2385 2235
f 2235 2422 2270
f 2385 2422 2235
f 2270 2423 2272
f 2422 2423 2270
f 2272 2424 2273
f 2423 2424 2272
f 2273 2425 2274
f 2424 2425 2273
f 2274 2426 2275
f 2425 2426 2274
f 2275 2427 2276
f 2426 2427 2275
f 2276 2428 2277
f 2427 2428 2276
f 2277 2429 2278
f 2278 2429 2279
f 2428 2429 2277
f 2279 2432 2280
f 2429 2432 2279
f 2280 2434 2281
f 2432 2434 2280
f 2434 2436 2281
f 2281 2438 2282
f 2436 2438 2281
f 2282 2440 2283
f 2438 2440 2282
f 2283 2442 2284
f 2440 2442 2283
f 2284 2444 2285
f 2442 2444 2284
f 2285 2446 2286
f 2444 2446 2285
f 2286 2448 2287
f 2287 2448 2288
f 2446 2448 2286
f 2448 2450 2288
f 2450 2452 2288
f 2288 2452 2289
f 2289 2452 2290
f 2452 2454 2290
f 2454 2455 2290
f 2290 2455 2291
f 2455 2456 2291
f 2291 2456 2292
f 2292 2456 2293
f 2456 2457 2293
f 2457 2458 2293
f 2293 2458 2294
f 2458 2459 2294
f 2294 2459 2295
f 2295 2459 2296
f 2459 2460 2296
f 2460 2461 2296
f 2296 2461 2297
f 2461 2462 2297
f 2297 2462 2298
f 2462 2463 2298
f 2298 2463 2299
f 2463 2464 2299
f 2299 2464 2300
f 2300 2465 2301
f 2464 2465 2300
f 2301 2431 2302
f 2465 2431 2301
f 2344 2343 2349
f 2349 2343 2345
f 2353 2487 2354
f 2354 2487 2488
f 2353 2400 2489
f 2487 2353 2489
f 2399 2354 2490
f 2354 2488 2490
f 2489 2400 2399
f 2489 2399 2490
f 2466 2491 2421
f 2421 2491 2492
f 2466 2486 2493
f 2491 2466 2493
f 2493 2486 2467
f 2493 2467 2494
f 2467 2421 2494
f 2421 2492 2494
f 2490 2488 2487
f 2489 2490 2487
f 2494 2492 2491
f 2493 2494 2491
