# CAD assembly coordinates, converted from millimeters to meters
v -0.060000000 -0.097500000 0.000000000
v -0.035000000 -0.112500000 0.000000000
v -0.060000000 -0.097500000 0.005000000
v -0.035000000 -0.112500000 0.005000000
v -0.060000000 0.060500000 0.000000000
v -0.060000000 0.060500000 0.005000000
v 0.035000000 -0.112500000 0.000000000
v 0.035000000 -0.112500000 0.005000000
v -0.051099578 -0.096520259 0.000000000
v -0.051047355 -0.096573800 0.000000000
v -0.050992529 -0.096624672 0.000000000
v -0.051149067 -0.096464181 0.000000000
v -0.050935235 -0.096672747 0.000000000
v -0.051195699 -0.096405707 0.000000000
v -0.050875616 -0.096717907 0.000000000
v -0.051239358 -0.096344980 0.000000000
v -0.050813819 -0.096760039 0.000000000
v -0.051279936 -0.096282153 0.000000000
v -0.050750000 -0.096799038 0.000000000
v -0.051317332 -0.096217381 0.000000000
v -0.050684316 -0.096834808 0.000000000
v -0.051351453 -0.096150826 0.000000000
v -0.050616931 -0.096867259 0.000000000
v -0.051382214 -0.096082652 0.000000000
v -0.050548012 -0.096896311 0.000000000
v -0.051409539 -0.096013030 0.000000000
v -0.050477730 -0.096921891 0.000000000
v -0.051433359 -0.095942133 0.000000000
v -0.050406261 -0.096943936 0.000000000
v -0.051453616 -0.095870136 0.000000000
v -0.050333781 -0.096962392 0.000000000
v -0.051470259 -0.095797219 0.000000000
v -0.050260472 -0.096977212 0.000000000
v -0.051483246 -0.095723563 0.000000000
v -0.050186516 -0.096988359 0.000000000
v -0.051492546 -0.095649352 0.000000000
v -0.050112095 -0.096995806 0.000000000
v -0.051498135 -0.095574769 0.000000000
v -0.050037396 -0.096999534 0.000000000
v -0.051500000 -0.095500000 0.000000000
v -0.049962604 -0.096999534 0.000000000
v -0.051498135 -0.095425231 0.000000000
v -0.049887905 -0.096995806 0.000000000
v -0.051492546 -0.095350648 0.000000000
v -0.049813484 -0.096988359 0.000000000
v -0.051483246 -0.095276437 0.000000000
v -0.049739528 -0.096977212 0.000000000
v -0.051470259 -0.095202781 0.000000000
v -0.049666219 -0.096962392 0.000000000
v -0.051453616 -0.095129864 0.000000000
v -0.049593739 -0.096943936 0.000000000
v -0.051433359 -0.095057867 0.000000000
v -0.049522270 -0.096921891 0.000000000
v -0.051409539 -0.094986970 0.000000000
v -0.049451988 -0.096896311 0.000000000
v -0.051382214 -0.094917348 0.000000000
v -0.049383069 -0.096867259 0.000000000
v -0.051351453 -0.094849174 0.000000000
v -0.049315684 -0.096834808 0.000000000
v -0.051317332 -0.094782619 0.000000000
v -0.049250000 -0.096799038 0.000000000
v -0.051279936 -0.094717847 0.000000000
v -0.051239358 -0.094655020 0.000000000
v -0.051195699 -0.094594293 0.000000000
v -0.051149067 -0.094535819 0.000000000
v -0.051099578 -0.094479741 0.000000000
v -0.051047355 -0.094426200 0.000000000
v -0.050992529 -0.094375328 0.000000000
v -0.050935235 -0.094327253 0.000000000
v -0.050875616 -0.094282093 0.000000000
v -0.050813819 -0.094239961 0.000000000
v -0.050750000 -0.094200962 0.000000000
v -0.032672883 -0.106088276 0.000000000
v -0.032617179 -0.106145387 0.000000000
v -0.032558697 -0.106199650 0.000000000
v -0.032725671 -0.106028460 0.000000000
v -0.032497584 -0.106250930 0.000000000
v -0.032775412 -0.105966087 0.000000000
v -0.032433990 -0.106299101 0.000000000
v -0.032821982 -0.105901312 0.000000000
v -0.032368074 -0.106344041 0.000000000
v -0.032865265 -0.105834296 0.000000000
v -0.032300000 -0.106385641 0.000000000
v -0.032905155 -0.105765206 0.000000000
v -0.032229937 -0.106423795 0.000000000
v -0.032941550 -0.105694214 0.000000000
v -0.032158059 -0.106458409 0.000000000
v -0.032974362 -0.105621496 0.000000000
v -0.032084546 -0.106489398 0.000000000
v -0.033003508 -0.105547232 0.000000000
v -0.032009579 -0.106516684 0.000000000
v -0.033028916 -0.105471608 0.000000000
v -0.031933345 -0.106540199 0.000000000
v -0.033050524 -0.105394812 0.000000000
v -0.031856033 -0.106559885 0.000000000
v -0.033068276 -0.105317034 0.000000000
v -0.031777837 -0.106575692 0.000000000
v -0.033082129 -0.105238468 0.000000000
v -0.031698950 -0.106587583 0.000000000
v -0.033092049 -0.105159309 0.000000000
v -0.031619568 -0.106595526 0.000000000
v -0.049186181 -0.096760039 0.000000000
v -0.033098011 -0.105079753 0.000000000
v -0.031539889 -0.106599503 0.000000000
v -0.049124384 -0.096717907 0.000000000
v -0.033100000 -0.105000000 0.000000000
v -0.031460111 -0.106599503 0.000000000
v -0.049064765 -0.096672747 0.000000000
v -0.033098011 -0.104920247 0.000000000
v -0.031380432 -0.106595526 0.000000000
v -0.033092049 -0.104840691 0.000000000
v -0.049007471 -0.096624672 0.000000000
v -0.031301050 -0.106587583 0.000000000
v -0.048952645 -0.096573800 0.000000000
v -0.033082129 -0.104761532 0.000000000
v -0.031222163 -0.106575692 0.000000000
v -0.048900422 -0.096520259 0.000000000
v -0.033068276 -0.104682966 0.000000000
v -0.031143967 -0.106559885 0.000000000
v -0.048850933 -0.096464181 0.000000000
v -0.033050524 -0.104605188 0.000000000
v -0.031066655 -0.106540199 0.000000000
v -0.048804301 -0.096405707 0.000000000
v -0.033028916 -0.104528392 0.000000000
v -0.030990421 -0.106516684 0.000000000
v -0.048760642 -0.096344980 0.000000000
v -0.033003508 -0.104452768 0.000000000
v -0.030915454 -0.106489398 0.000000000
v -0.048720064 -0.096282153 0.000000000
v -0.032974362 -0.104378504 0.000000000
v -0.030841941 -0.106458409 0.000000000
v -0.032941550 -0.104305786 0.000000000
v -0.048682668 -0.096217381 0.000000000
v -0.030770063 -0.106423795 0.000000000
v -0.032905155 -0.104234794 0.000000000
v -0.048648547 -0.096150826 0.000000000
v -0.030700000 -0.106385641 0.000000000
v -0.048617786 -0.096082652 0.000000000
v -0.032865265 -0.104165704 0.000000000
v -0.030631926 -0.106344041 0.000000000
v -0.048590461 -0.096013030 0.000000000
v -0.032821982 -0.104098688 0.000000000
v -0.048566641 -0.095942133 0.000000000
v -0.030566010 -0.106299101 0.000000000
v -0.032775412 -0.104033913 0.000000000
v -0.048546384 -0.095870136 0.000000000
v -0.030502416 -0.106250930 0.000000000
v -0.032725671 -0.103971540 0.000000000
v -0.048529741 -0.095797219 0.000000000
v -0.030441303 -0.106199650 0.000000000
v -0.048516754 -0.095723563 0.000000000
v -0.032672883 -0.103911724 0.000000000
v -0.030382821 -0.106145387 0.000000000
v -0.048507454 -0.095649352 0.000000000
v -0.032617179 -0.103854613 0.000000000
v -0.030327117 -0.106088276 0.000000000
v -0.032558697 -0.103800350 0.000000000
v -0.048501865 -0.095574769 0.000000000
v -0.032497584 -0.103749070 0.000000000
v -0.048500000 -0.095500000 0.000000000
v -0.048501865 -0.095425231 0.000000000
v -0.032433990 -0.103700899 0.000000000
v -0.048507454 -0.095350648 0.000000000
v -0.032368074 -0.103655959 0.000000000
v -0.048516754 -0.095276437 0.000000000
v -0.032300000 -0.103614359 0.000000000
v -0.032229937 -0.103576205 0.000000000
v -0.048529741 -0.095202781 0.000000000
v -0.048546384 -0.095129864 0.000000000
v -0.032158059 -0.103541591 0.000000000
v -0.048566641 -0.095057867 0.000000000
v -0.032084546 -0.103510602 0.000000000
v -0.048590461 -0.094986970 0.000000000
v -0.032009579 -0.103483316 0.000000000
v -0.048617786 -0.094917348 0.000000000
v -0.031933345 -0.103459801 0.000000000
v -0.048648547 -0.094849174 0.000000000
v -0.031856033 -0.103440115 0.000000000
v -0.048682668 -0.094782619 0.000000000
v -0.031777837 -0.103424308 0.000000000
v -0.048720064 -0.094717847 0.000000000
v -0.031698950 -0.103412417 0.000000000
v -0.048760642 -0.094655020 0.000000000
v -0.031619568 -0.103404474 0.000000000
v -0.048804301 -0.094594293 0.000000000
v -0.031539889 -0.103400497 0.000000000
v -0.048850933 -0.094535819 0.000000000
v -0.031460111 -0.103400497 0.000000000
v -0.048900422 -0.094479741 0.000000000
v -0.031380432 -0.103404474 0.000000000
v -0.048952645 -0.094426200 0.000000000
v -0.031301050 -0.103412417 0.000000000
v -0.031222163 -0.103424308 0.000000000
v -0.049007471 -0.094375328 0.000000000
v -0.031143967 -0.103440115 0.000000000
v -0.051099578 -0.038520259 0.000000000
v -0.051047355 -0.038573800 0.000000000
v -0.050992529 -0.038624672 0.000000000
v -0.051149067 -0.038464181 0.000000000
v -0.050935235 -0.038672747 0.000000000
v -0.051195699 -0.038405707 0.000000000
v -0.050875616 -0.038717907 0.000000000
v -0.051239358 -0.038344980 0.000000000
v -0.050813819 -0.038760039 0.000000000
v -0.051279936 -0.038282153 0.000000000
v -0.050750000 -0.038799038 0.000000000
v -0.050684316 -0.094165192 0.000000000
v -0.051317332 -0.038217381 0.000000000
v -0.050684316 -0.038834808 0.000000000
v -0.051351453 -0.038150826 0.000000000
v -0.050616931 -0.038867259 0.000000000
v -0.050616931 -0.094132741 0.000000000
v -0.051382214 -0.038082652 0.000000000
v -0.050548012 -0.038896311 0.000000000
v -0.050548012 -0.094103689 0.000000000
v -0.050477730 -0.094078109 0.000000000
v -0.051409539 -0.038013030 0.000000000
v -0.050477730 -0.038921891 0.000000000
v -0.051433359 -0.037942133 0.000000000
v -0.050406261 -0.038943936 0.000000000
v -0.050406261 -0.094056064 0.000000000
v -0.051453616 -0.037870136 0.000000000
v -0.050333781 -0.038962392 0.000000000
v -0.050333781 -0.094037608 0.000000000
v -0.051470259 -0.037797219 0.000000000
v -0.050260472 -0.094022788 0.000000000
v -0.050260472 -0.038977212 0.000000000
v -0.050186516 -0.094011641 0.000000000
v -0.051483246 -0.037723563 0.000000000
v -0.050186516 -0.038988359 0.000000000
v -0.051492546 -0.037649352 0.000000000
v -0.050112095 -0.038995806 0.000000000
v -0.050112095 -0.094004194 0.000000000
v -0.051498135 -0.037574769 0.000000000
v -0.050037396 -0.038999534 0.000000000
v -0.050037396 -0.094000466 0.000000000
v -0.051500000 -0.037500000 0.000000000
v -0.049962604 -0.038999534 0.000000000
v -0.049962604 -0.094000466 0.000000000
v -0.049887905 -0.038995806 0.000000000
v -0.049887905 -0.094004194 0.000000000
v -0.049813484 -0.094011641 0.000000000
v -0.049813484 -0.038988359 0.000000000
v -0.049739528 -0.038977212 0.000000000
v -0.049739528 -0.094022788 0.000000000
v -0.049666219 -0.038962392 0.000000000
v -0.049666219 -0.094037608 0.000000000
v -0.049593739 -0.038943936 0.000000000
v -0.049593739 -0.094056064 0.000000000
v -0.049522270 -0.038921891 0.000000000
v -0.049522270 -0.094078109 0.000000000
v -0.049451988 -0.094103689 0.000000000
v -0.049451988 -0.038896311 0.000000000
v -0.049383069 -0.038867259 0.000000000
v -0.049383069 -0.094132741 0.000000000
v -0.049315684 -0.038834808 0.000000000
v -0.049315684 -0.094165192 0.000000000
v -0.049250000 -0.038799038 0.000000000
v -0.049250000 -0.094200962 0.000000000
v -0.049186181 -0.038760039 0.000000000
v -0.049186181 -0.094239961 0.000000000
v -0.049124384 -0.094282093 0.000000000
v -0.049124384 -0.038717907 0.000000000
v -0.049064765 -0.094327253 0.000000000
v -0.049064765 -0.038672747 0.000000000
v -0.049007471 -0.038624672 0.000000000
v -0.048952645 -0.038573800 0.000000000
v -0.031066655 -0.103459801 0.000000000
v -0.048900422 -0.038520259 0.000000000
v -0.030990421 -0.103483316 0.000000000
v -0.048850933 -0.038464181 0.000000000
v -0.030915454 -0.103510602 0.000000000
v -0.048804301 -0.038405707 0.000000000
v -0.030841941 -0.103541591 0.000000000
v -0.048760642 -0.038344980 0.000000000
v -0.030770063 -0.103576205 0.000000000
v -0.048720064 -0.038282153 0.000000000
v -0.030700000 -0.103614359 0.000000000
v -0.048682668 -0.038217381 0.000000000
v -0.030631926 -0.103655959 0.000000000
v -0.029901989 -0.104920247 0.000000000
v -0.029900000 -0.105000000 0.000000000
v -0.029907951 -0.104840691 0.000000000
v -0.029917871 -0.104761532 0.000000000
v -0.029931724 -0.104682966 0.000000000
v -0.029949476 -0.104605188 0.000000000
v -0.029971084 -0.104528392 0.000000000
v -0.030274329 -0.106028460 0.000000000
v -0.030224588 -0.105966087 0.000000000
v -0.030178018 -0.105901312 0.000000000
v -0.030134735 -0.105834296 0.000000000
v -0.030094845 -0.105765206 0.000000000
v -0.030058450 -0.105694214 0.000000000
v -0.030025638 -0.105621496 0.000000000
v -0.029996492 -0.105547232 0.000000000
v -0.029971084 -0.105471608 0.000000000
v -0.029949476 -0.105394812 0.000000000
v -0.029931724 -0.105317034 0.000000000
v -0.029917871 -0.105238468 0.000000000
v -0.029907951 -0.105159309 0.000000000
v -0.029901989 -0.105079753 0.000000000
v -0.049887905 -0.036004194 0.000000000
v -0.044245592 -0.024289667 0.000000000
v -0.049813484 -0.036011641 0.000000000
v -0.049962604 -0.036000466 0.000000000
v -0.044332630 -0.024200432 0.000000000
v -0.049739528 -0.036022788 0.000000000
v -0.044154215 -0.024374453 0.000000000
v -0.049666219 -0.036037608 0.000000000
v -0.044415111 -0.024106969 0.000000000
v -0.050037396 -0.036000466 0.000000000
v -0.044058725 -0.024454579 0.000000000
v -0.049593739 -0.036056064 0.000000000
v -0.044492831 -0.024009511 0.000000000
v -0.050112095 -0.036004194 0.000000000
v -0.043959359 -0.024529845 0.000000000
v -0.049522270 -0.036078109 0.000000000
v -0.044565597 -0.023908300 0.000000000
v -0.050186516 -0.036011641 0.000000000
v -0.043856366 -0.024600065 0.000000000
v -0.049451988 -0.036103689 0.000000000
v -0.044633227 -0.023803588 0.000000000
v -0.050260472 -0.036022788 0.000000000
v -0.043750000 -0.024665064 0.000000000
v -0.049383069 -0.036132741 0.000000000
v -0.044695554 -0.023695635 0.000000000
v -0.050333781 -0.036037608 0.000000000
v -0.043640527 -0.024724680 0.000000000
v -0.049315684 -0.036165192 0.000000000
v -0.044752422 -0.023584709 0.000000000
v -0.050406261 -0.036056064 0.000000000
v -0.043528218 -0.024778765 0.000000000
v -0.049250000 -0.036200962 0.000000000
v -0.050548012 -0.036103689 0.000000000
v -0.044803691 -0.023471087 0.000000000
v -0.050477730 -0.036078109 0.000000000
v -0.043413353 -0.024827184 0.000000000
v -0.049186181 -0.036239961 0.000000000
v -0.050616931 -0.036132741 0.000000000
v -0.044849232 -0.023355050 0.000000000
v -0.043296217 -0.024869818 0.000000000
v -0.049124384 -0.036282093 0.000000000
v -0.049064765 -0.036327253 0.000000000
v -0.050684316 -0.036165192 0.000000000
v -0.044888932 -0.023236888 0.000000000
v -0.043177101 -0.024906561 0.000000000
v -0.049007471 -0.036375328 0.000000000
v -0.050750000 -0.036200962 0.000000000
v -0.044922693 -0.023116893 0.000000000
v -0.043056302 -0.024937320 0.000000000
v -0.048952645 -0.036426200 0.000000000
v -0.050813819 -0.036239961 0.000000000
v -0.044950431 -0.022995365 0.000000000
v -0.042934120 -0.024962019 0.000000000
v -0.048900422 -0.036479741 0.000000000
v -0.050875616 -0.036282093 0.000000000
v -0.044972077 -0.022872606 0.000000000
v -0.042810859 -0.024980598 0.000000000
v -0.048850933 -0.036535819 0.000000000
v -0.050935235 -0.036327253 0.000000000
v -0.044987577 -0.022748920 0.000000000
v -0.042686825 -0.024993009 0.000000000
v -0.048804301 -0.036594293 0.000000000
v -0.050992529 -0.036375328 0.000000000
v -0.044996892 -0.022624615 0.000000000
v -0.042562327 -0.024999223 0.000000000
v -0.048760642 -0.036655020 0.000000000
v -0.051047355 -0.036426200 0.000000000
v -0.045000000 -0.022500000 0.000000000
v -0.051099578 -0.036479741 0.000000000
v -0.051149067 -0.036535819 0.000000000
v -0.051195699 -0.036594293 0.000000000
v -0.051239358 -0.036655020 0.000000000
v -0.051279936 -0.036717847 0.000000000
v -0.042437673 -0.024999223 0.000000000
v -0.048720064 -0.036717847 0.000000000
v -0.042313175 -0.024993009 0.000000000
v -0.048682668 -0.036782619 0.000000000
v -0.048648547 -0.036849174 0.000000000
v -0.042189141 -0.024980598 0.000000000
v -0.048617786 -0.036917348 0.000000000
v -0.042065880 -0.024962019 0.000000000
v -0.048590461 -0.036986970 0.000000000
v -0.041943698 -0.024937320 0.000000000
v -0.048566641 -0.037057867 0.000000000
v -0.041822899 -0.024906561 0.000000000
v -0.048546384 -0.037129864 0.000000000
v -0.041703783 -0.024869818 0.000000000
v -0.048529741 -0.037202781 0.000000000
v -0.041586647 -0.024827184 0.000000000
v -0.048516754 -0.037276437 0.000000000
v -0.041471782 -0.024778765 0.000000000
v -0.048507454 -0.037350648 0.000000000
v -0.041359473 -0.024724680 0.000000000
v -0.048501865 -0.037425231 0.000000000
v -0.041250000 -0.024665064 0.000000000
v -0.048500000 -0.037500000 0.000000000
v -0.041143634 -0.024600065 0.000000000
v -0.048501865 -0.037574769 0.000000000
v -0.041040641 -0.024529845 0.000000000
v -0.048507454 -0.037649352 0.000000000
v -0.040941275 -0.024454579 0.000000000
v -0.048516754 -0.037723563 0.000000000
v -0.040845785 -0.024374453 0.000000000
v -0.048529741 -0.037797219 0.000000000
v -0.040754408 -0.024289667 0.000000000
v -0.048546384 -0.037870136 0.000000000
v -0.040667370 -0.024200432 0.000000000
v -0.048566641 -0.037942133 0.000000000
v -0.040584889 -0.024106969 0.000000000
v -0.048590461 -0.038013030 0.000000000
v 0.040900422 -0.096520259 0.000000000
v 0.040952645 -0.096573800 0.000000000
v 0.041007471 -0.096624672 0.000000000
v 0.040850933 -0.096464181 0.000000000
v 0.041064765 -0.096672747 0.000000000
v 0.040804301 -0.096405707 0.000000000
v 0.041124384 -0.096717907 0.000000000
v 0.040760642 -0.096344980 0.000000000
v 0.041186181 -0.096760039 0.000000000
v 0.040720064 -0.096282153 0.000000000
v 0.041250000 -0.096799038 0.000000000
v 0.040682668 -0.096217381 0.000000000
v 0.041315684 -0.096834808 0.000000000
v 0.040648547 -0.096150826 0.000000000
v 0.041383069 -0.096867259 0.000000000
v 0.040617786 -0.096082652 0.000000000
v 0.041451988 -0.096896311 0.000000000
v 0.040590461 -0.096013030 0.000000000
v 0.041522270 -0.096921891 0.000000000
v 0.040566641 -0.095942133 0.000000000
v 0.041593739 -0.096943936 0.000000000
v 0.040546384 -0.095870136 0.000000000
v 0.041666219 -0.096962392 0.000000000
v 0.040529741 -0.095797219 0.000000000
v 0.041739528 -0.096977212 0.000000000
v 0.040516754 -0.095723563 0.000000000
v 0.041813484 -0.096988359 0.000000000
v 0.040507454 -0.095649352 0.000000000
v 0.041887905 -0.096995806 0.000000000
v 0.040501865 -0.095574769 0.000000000
v 0.041962604 -0.096999534 0.000000000
v 0.040500000 -0.095500000 0.000000000
v 0.042037396 -0.096999534 0.000000000
v 0.040501865 -0.095425231 0.000000000
v -0.029996492 -0.104452768 0.000000000
v 0.042112095 -0.096995806 0.000000000
v 0.040507454 -0.095350648 0.000000000
v -0.030025638 -0.104378504 0.000000000
v 0.042186516 -0.096988359 0.000000000
v -0.030058450 -0.104305786 0.000000000
v 0.040516754 -0.095276437 0.000000000
v 0.042260472 -0.096977212 0.000000000
v -0.030094845 -0.104234794 0.000000000
v 0.040529741 -0.095202781 0.000000000
v 0.042333781 -0.096962392 0.000000000
v 0.040546384 -0.095129864 0.000000000
v -0.030134735 -0.104165704 0.000000000
v 0.042406261 -0.096943936 0.000000000
v -0.030178018 -0.104098688 0.000000000
v 0.040566641 -0.095057867 0.000000000
v 0.042477730 -0.096921891 0.000000000
v 0.040590461 -0.094986970 0.000000000
v -0.030224588 -0.104033913 0.000000000
v 0.042548012 -0.096896311 0.000000000
v 0.040617786 -0.094917348 0.000000000
v -0.030274329 -0.103971540 0.000000000
v 0.042616931 -0.096867259 0.000000000
v -0.030327117 -0.103911724 0.000000000
v 0.040648547 -0.094849174 0.000000000
v 0.042684316 -0.096834808 0.000000000
v 0.040682668 -0.094782619 0.000000000
v -0.030382821 -0.103854613 0.000000000
v 0.042750000 -0.096799038 0.000000000
v 0.040720064 -0.094717847 0.000000000
v -0.030441303 -0.103800350 0.000000000
v 0.040760642 -0.094655020 0.000000000
v 0.043279936 -0.096282153 0.000000000
v 0.060000000 -0.097500000 0.000000000
v 0.043239358 -0.096344980 0.000000000
v 0.043317332 -0.096217381 0.000000000
v 0.043351453 -0.096150826 0.000000000
v 0.043382214 -0.096082652 0.000000000
v 0.043409539 -0.096013030 0.000000000
v 0.043433359 -0.095942133 0.000000000
v 0.043453616 -0.095870136 0.000000000
v 0.043470259 -0.095797219 0.000000000
v 0.043483246 -0.095723563 0.000000000
v 0.043492546 -0.095649352 0.000000000
v 0.043498135 -0.095574769 0.000000000
v 0.043500000 -0.095500000 0.000000000
v 0.043498135 -0.095425231 0.000000000
v 0.043492546 -0.095350648 0.000000000
v 0.043483246 -0.095276437 0.000000000
v 0.042813819 -0.096760039 0.000000000
v 0.042875616 -0.096717907 0.000000000
v 0.042935235 -0.096672747 0.000000000
v 0.042992529 -0.096624672 0.000000000
v 0.043047355 -0.096573800 0.000000000
v 0.043099578 -0.096520259 0.000000000
v 0.043149067 -0.096464181 0.000000000
v 0.043195699 -0.096405707 0.000000000
v 0.042750000 -0.094200962 0.000000000
v 0.049882821 -0.085145387 0.000000000
v 0.042813819 -0.094239961 0.000000000
v 0.042684316 -0.094165192 0.000000000
v 0.049827117 -0.085088276 0.000000000
v 0.049941303 -0.085199650 0.000000000
v 0.042875616 -0.094282093 0.000000000
v 0.042616931 -0.094132741 0.000000000
v 0.049774329 -0.085028460 0.000000000
v 0.050002416 -0.085250930 0.000000000
v 0.042935235 -0.094327253 0.000000000
v 0.042548012 -0.094103689 0.000000000
v 0.049724588 -0.084966087 0.000000000
v 0.050066010 -0.085299101 0.000000000
v 0.042992529 -0.094375328 0.000000000
v 0.049678018 -0.084901312 0.000000000
v 0.042477730 -0.094078109 0.000000000
v 0.050131926 -0.085344041 0.000000000
v 0.043047355 -0.094426200 0.000000000
v 0.042406261 -0.094056064 0.000000000
v 0.049634735 -0.084834296 0.000000000
v 0.050200000 -0.085385641 0.000000000
v 0.043099578 -0.094479741 0.000000000
v 0.049594845 -0.084765206 0.000000000
v 0.042333781 -0.094037608 0.000000000
v 0.050270063 -0.085423795 0.000000000
v 0.043149067 -0.094535819 0.000000000
v 0.042260472 -0.094022788 0.000000000
v 0.049558450 -0.084694214 0.000000000
v 0.050341941 -0.085458409 0.000000000
v 0.043195699 -0.094594293 0.000000000
v 0.042186516 -0.094011641 0.000000000
v 0.049525638 -0.084621496 0.000000000
v 0.050415454 -0.085489398 0.000000000
v 0.043239358 -0.094655020 0.000000000
v 0.042112095 -0.094004194 0.000000000
v 0.049496492 -0.084547232 0.000000000
v 0.050490421 -0.085516684 0.000000000
v 0.043279936 -0.094717847 0.000000000
v 0.042037396 -0.094000466 0.000000000
v 0.049471084 -0.084471608 0.000000000
v 0.050566655 -0.085540199 0.000000000
v 0.043317332 -0.094782619 0.000000000
v 0.041962604 -0.094000466 0.000000000
v 0.049449476 -0.084394812 0.000000000
v 0.050643967 -0.085559885 0.000000000
v 0.043351453 -0.094849174 0.000000000
v 0.041887905 -0.094004194 0.000000000
v 0.049431724 -0.084317034 0.000000000
v 0.050722163 -0.085575692 0.000000000
v 0.043382214 -0.094917348 0.000000000
v 0.041813484 -0.094011641 0.000000000
v 0.049417871 -0.084238468 0.000000000
v 0.050801050 -0.085587583 0.000000000
v 0.043409539 -0.094986970 0.000000000
v 0.049407951 -0.084159309 0.000000000
v 0.041739528 -0.094022788 0.000000000
v 0.050880432 -0.085595526 0.000000000
v 0.043433359 -0.095057867 0.000000000
v 0.049401989 -0.084079753 0.000000000
v 0.041666219 -0.094037608 0.000000000
v 0.050960111 -0.085599503 0.000000000
v 0.043453616 -0.095129864 0.000000000
v 0.041593739 -0.094056064 0.000000000
v 0.049400000 -0.084000000 0.000000000
v 0.051039889 -0.085599503 0.000000000
v 0.043470259 -0.095202781 0.000000000
v 0.041522270 -0.094078109 0.000000000
v 0.049401989 -0.083920247 0.000000000
v 0.051119568 -0.085595526 0.000000000
v 0.041451988 -0.094103689 0.000000000
v 0.049407951 -0.083840691 0.000000000
v 0.051198950 -0.085587583 0.000000000
v 0.041383069 -0.094132741 0.000000000
v 0.049417871 -0.083761532 0.000000000
v 0.051277837 -0.085575692 0.000000000
v 0.041315684 -0.094165192 0.000000000
v 0.049431724 -0.083682966 0.000000000
v 0.051356033 -0.085559885 0.000000000
v 0.041250000 -0.094200962 0.000000000
v 0.049449476 -0.083605188 0.000000000
v 0.051433345 -0.085540199 0.000000000
v 0.041186181 -0.094239961 0.000000000
v 0.049471084 -0.083528392 0.000000000
v 0.051509579 -0.085516684 0.000000000
v 0.041124384 -0.094282093 0.000000000
v 0.049496492 -0.083452768 0.000000000
v 0.051584546 -0.085489398 0.000000000
v 0.041064765 -0.094327253 0.000000000
v 0.049525638 -0.083378504 0.000000000
v 0.051658059 -0.085458409 0.000000000
v 0.041007471 -0.094375328 0.000000000
v 0.049558450 -0.083305786 0.000000000
v 0.051729937 -0.085423795 0.000000000
v 0.051800000 -0.085385641 0.000000000
v 0.051868074 -0.085344041 0.000000000
v 0.051933990 -0.085299101 0.000000000
v 0.051997584 -0.085250930 0.000000000
v 0.052058697 -0.085199650 0.000000000
v 0.052117179 -0.085145387 0.000000000
v 0.052172883 -0.085088276 0.000000000
v 0.052225671 -0.085028460 0.000000000
v 0.052275412 -0.084966087 0.000000000
v 0.052321982 -0.084901312 0.000000000
v -0.051317332 -0.036782619 0.000000000
v -0.045000000 0.012500000 0.000000000
v -0.051351453 -0.036849174 0.000000000
v -0.051382214 -0.036917348 0.000000000
v -0.051409539 -0.036986970 0.000000000
v 0.052365265 -0.084834296 0.000000000
v 0.052405155 -0.084765206 0.000000000
v 0.052441550 -0.084694214 0.000000000
v 0.052474362 -0.084621496 0.000000000
v 0.052503508 -0.084547232 0.000000000
v 0.052528916 -0.084471608 0.000000000
v 0.052550524 -0.084394812 0.000000000
v 0.052568276 -0.084317034 0.000000000
v 0.052582129 -0.084238468 0.000000000
v 0.052592049 -0.084159309 0.000000000
v 0.052598011 -0.084079753 0.000000000
v 0.052600000 -0.084000000 0.000000000
v 0.052598011 -0.083920247 0.000000000
v 0.052592049 -0.083840691 0.000000000
v 0.052582129 -0.083761532 0.000000000
v 0.052568276 -0.083682966 0.000000000
v 0.052550524 -0.083605188 0.000000000
v 0.052528916 -0.083528392 0.000000000
v 0.052503508 -0.083452768 0.000000000
v 0.052474362 -0.083378504 0.000000000
v -0.031789667 0.003254408 0.000000000
v -0.031700432 0.003167370 0.000000000
v -0.040000000 -0.022500000 0.000000000
v -0.031606969 0.003084889 0.000000000
v -0.031509511 0.003007169 0.000000000
v -0.031408300 0.002934403 0.000000000
v -0.031303588 0.002866773 0.000000000
v -0.031195635 0.002804446 0.000000000
v -0.031084709 0.002747578 0.000000000
v -0.030971087 0.002696309 0.000000000
v -0.030855050 0.002650768 0.000000000
v -0.030736888 0.002611068 0.000000000
v -0.030616893 0.002577307 0.000000000
v -0.030495365 0.002549569 0.000000000
v -0.030372606 0.002527923 0.000000000
v -0.030248920 0.002512423 0.000000000
v -0.030124615 0.002503108 0.000000000
v -0.032493009 0.004813175 0.000000000
v -0.040000000 0.012500000 0.000000000
v -0.032499223 0.004937673 0.000000000
v -0.032480598 0.004689141 0.000000000
v -0.032462019 0.004565880 0.000000000
v -0.030000000 0.002500000 0.000000000
v -0.040003108 -0.022624615 0.000000000
v -0.032499223 0.005062327 0.000000000
v -0.032493009 0.005186825 0.000000000
v -0.032480598 0.005310859 0.000000000
v -0.032462019 0.005434120 0.000000000
v -0.032437320 0.005556302 0.000000000
v -0.032406561 0.005677101 0.000000000
v -0.032369818 0.005796217 0.000000000
v -0.032327184 0.005913353 0.000000000
v -0.032278765 0.006028218 0.000000000
v -0.032224680 0.006140527 0.000000000
v -0.032165064 0.006250000 0.000000000
v -0.032100065 0.006356366 0.000000000
v -0.032029845 0.006459359 0.000000000
v -0.031954579 0.006558725 0.000000000
v -0.031874453 0.006654215 0.000000000
v -0.031789667 0.006745592 0.000000000
v -0.031700432 0.006832630 0.000000000
v -0.031606969 0.006915111 0.000000000
v -0.031509511 0.006992831 0.000000000
v -0.031408300 0.007065597 0.000000000
v -0.031303588 0.007133227 0.000000000
v -0.031195635 0.007195554 0.000000000
v -0.031084709 0.007252422 0.000000000
v -0.040003108 0.012624615 0.000000000
v -0.030971087 0.007303691 0.000000000
v -0.040304446 0.013695635 0.000000000
v -0.032234358 0.019709226 0.000000000
v -0.040247578 0.013584709 0.000000000
v -0.032345766 0.019823447 0.000000000
v -0.040366773 0.013803588 0.000000000
v -0.032117395 0.019600700 0.000000000
v -0.040196309 0.013471087 0.000000000
v -0.032451342 0.019943080 0.000000000
v -0.040507169 0.014009511 0.000000000
v -0.040434403 0.013908300 0.000000000
v -0.031995167 0.019498139 0.000000000
v -0.040150768 0.013355050 0.000000000
v -0.032550824 0.020067826 0.000000000
v -0.040584889 0.014106969 0.000000000
v -0.031867980 0.019401798 0.000000000
v -0.040111068 0.013236888 0.000000000
v -0.032643964 0.020197376 0.000000000
v -0.040667370 0.014200432 0.000000000
v -0.031736148 0.019311917 0.000000000
v -0.040077307 0.013116893 0.000000000
v -0.032730531 0.020331407 0.000000000
v -0.040754408 0.014289667 0.000000000
v -0.031600000 0.019228719 0.000000000
v -0.040049569 0.012995365 0.000000000
v -0.032810309 0.020469587 0.000000000
v -0.040845785 0.014374453 0.000000000
v -0.031459874 0.019152410 0.000000000
v -0.040027923 0.012872606 0.000000000
v -0.032883100 0.020611572 0.000000000
v -0.040941275 0.014454579 0.000000000
v -0.031316119 0.019083181 0.000000000
v -0.040012423 0.012748920 0.000000000
v -0.041040641 0.014529845 0.000000000
v -0.032948724 0.020757009 0.000000000
v -0.031169091 0.019021204 0.000000000
v -0.033007016 0.020905536 0.000000000
v -0.041143634 0.014600065 0.000000000
v -0.031019157 0.018966632 0.000000000
v -0.030855050 0.007349232 0.000000000
v -0.033057833 0.021056783 0.000000000
v -0.041250000 0.014665064 0.000000000
v -0.030866689 0.018919602 0.000000000
v -0.030736888 0.007388932 0.000000000
v -0.030616893 0.007422693 0.000000000
v -0.033101047 0.021210376 0.000000000
v -0.041359473 0.014724680 0.000000000
v -0.030712067 0.018880231 0.000000000
v -0.030495365 0.007450431 0.000000000
v -0.041471782 0.014778765 0.000000000
v -0.033136552 0.021365932 0.000000000
v -0.030555674 0.018848615 0.000000000
v -0.030372606 0.007472077 0.000000000
v -0.033164259 0.021523065 0.000000000
v -0.041586647 0.014827184 0.000000000
v -0.030397900 0.018824835 0.000000000
v -0.030248920 0.007487577 0.000000000
v -0.033184098 0.021681383 0.000000000
v -0.041822899 0.014906561 0.000000000
v -0.041703783 0.014869818 0.000000000
v -0.030239136 0.018808948 0.000000000
v -0.030124615 0.007496892 0.000000000
v -0.041943698 0.014937320 0.000000000
v -0.033196022 0.021840493 0.000000000
v -0.030079778 0.018800995 0.000000000
v -0.030000000 0.007500000 0.000000000
v -0.033200000 0.022000000 0.000000000
v -0.042065880 0.014962019 0.000000000
v -0.029920222 0.018800995 0.000000000
v -0.042189141 0.014980598 0.000000000
v -0.033196022 0.022159507 0.000000000
v -0.029760864 0.018808948 0.000000000
v -0.033184098 0.022318617 0.000000000
v -0.042313175 0.014993009 0.000000000
v -0.029602100 0.018824835 0.000000000
v -0.042437673 0.014999223 0.000000000
v -0.033164259 0.022476935 0.000000000
v -0.029444326 0.018848615 0.000000000
v -0.042562327 0.014999223 0.000000000
v -0.033136552 0.022634068 0.000000000
v -0.029287933 0.018880231 0.000000000
v -0.033101047 0.022789624 0.000000000
v -0.042686825 0.014993009 0.000000000
v -0.029133311 0.018919602 0.000000000
v -0.033057833 0.022943217 0.000000000
v -0.042810859 0.014980598 0.000000000
v -0.028980843 0.018966632 0.000000000
v -0.033007016 0.023094464 0.000000000
v -0.042934120 0.014962019 0.000000000
v -0.028830909 0.019021204 0.000000000
v -0.043056302 0.014937320 0.000000000
v -0.032948724 0.023242991 0.000000000
v -0.028683881 0.019083181 0.000000000
v -0.043177101 0.014906561 0.000000000
v -0.032883100 0.023388428 0.000000000
v -0.028540126 0.019152410 0.000000000
v -0.028400000 0.019228719 0.000000000
v -0.028263852 0.019311917 0.000000000
v -0.028132020 0.019401798 0.000000000
v -0.028004833 0.019498139 0.000000000
v -0.027882605 0.019600700 0.000000000
v -0.027765642 0.019709226 0.000000000
v -0.027654234 0.019823447 0.000000000
v -0.027548658 0.019943080 0.000000000
v -0.027449176 0.020067826 0.000000000
v -0.027356036 0.020197376 0.000000000
v -0.027269469 0.020331407 0.000000000
v -0.027189691 0.020469587 0.000000000
v -0.027116900 0.020611572 0.000000000
v -0.051433359 -0.037057867 0.000000000
v -0.051453616 -0.037129864 0.000000000
v -0.051470259 -0.037202781 0.000000000
v -0.051483246 -0.037276437 0.000000000
v -0.051492546 -0.037350648 0.000000000
v -0.044996892 0.012624615 0.000000000
v -0.044987577 0.012748920 0.000000000
v -0.044972077 0.012872606 0.000000000
v -0.044950431 0.012995365 0.000000000
v -0.044922693 0.013116893 0.000000000
v -0.044888932 0.013236888 0.000000000
v -0.044849232 0.013355050 0.000000000
v -0.044803691 0.013471087 0.000000000
v -0.044752422 0.013584709 0.000000000
v -0.044695554 0.013695635 0.000000000
v -0.044633227 0.013803588 0.000000000
v -0.044565597 0.013908300 0.000000000
v -0.044492831 0.014009511 0.000000000
v -0.044415111 0.014106969 0.000000000
v -0.044332630 0.014200432 0.000000000
v -0.044245592 0.014289667 0.000000000
v -0.044154215 0.014374453 0.000000000
v -0.044058725 0.014454579 0.000000000
v -0.043959359 0.014529845 0.000000000
v 0.040900422 -0.094479741 0.000000000
v 0.040900422 -0.038520259 0.000000000
v 0.040952645 -0.094426200 0.000000000
v 0.040952645 -0.038573800 0.000000000
v 0.041007471 -0.038624672 0.000000000
v 0.049594845 -0.083234794 0.000000000
v 0.040850933 -0.038464181 0.000000000
v 0.040850933 -0.094535819 0.000000000
v 0.041064765 -0.038672747 0.000000000
v 0.049634735 -0.083165704 0.000000000
v 0.040804301 -0.038405707 0.000000000
v 0.040804301 -0.094594293 0.000000000
v 0.041124384 -0.038717907 0.000000000
v 0.049678018 -0.083098688 0.000000000
v 0.040760642 -0.038344980 0.000000000
v -0.030502416 -0.103749070 0.000000000
v 0.041186181 -0.038760039 0.000000000
v 0.049724588 -0.083033913 0.000000000
v 0.040720064 -0.038282153 0.000000000
v -0.030566010 -0.103700899 0.000000000
v 0.041250000 -0.038799038 0.000000000
v 0.049774329 -0.082971540 0.000000000
v 0.040682668 -0.038217381 0.000000000
v -0.048648547 -0.038150826 0.000000000
v 0.041315684 -0.038834808 0.000000000
v 0.049827117 -0.082911724 0.000000000
v 0.040648547 -0.038150826 0.000000000
v -0.048617786 -0.038082652 0.000000000
v 0.041383069 -0.038867259 0.000000000
v 0.049882821 -0.082854613 0.000000000
v 0.040617786 -0.038082652 0.000000000
v 0.041451988 -0.038896311 0.000000000
v 0.049941303 -0.082800350 0.000000000
v 0.040590461 -0.038013030 0.000000000
v -0.040507169 -0.024009511 0.000000000
v 0.041522270 -0.038921891 0.000000000
v 0.050002416 -0.082749070 0.000000000
v -0.040434403 -0.023908300 0.000000000
v 0.040566641 -0.037942133 0.000000000
v 0.041593739 -0.038943936 0.000000000
v 0.050066010 -0.082700899 0.000000000
v 0.040546384 -0.037870136 0.000000000
v -0.040366773 -0.023803588 0.000000000
v 0.041666219 -0.038962392 0.000000000
v 0.050131926 -0.082655959 0.000000000
v -0.040304446 -0.023695635 0.000000000
v 0.040529741 -0.037797219 0.000000000
v 0.041739528 -0.038977212 0.000000000
v 0.050200000 -0.082614359 0.000000000
v -0.040247578 -0.023584709 0.000000000
v 0.040516754 -0.037723563 0.000000000
v 0.041813484 -0.038988359 0.000000000
v 0.050270063 -0.082576205 0.000000000
v 0.040507454 -0.037649352 0.000000000
v -0.040196309 -0.023471087 0.000000000
v 0.041887905 -0.038995806 0.000000000
v 0.050341941 -0.082541591 0.000000000
v 0.040501865 -0.037574769 0.000000000
v -0.040150768 -0.023355050 0.000000000
v 0.041962604 -0.038999534 0.000000000
v 0.050415454 -0.082510602 0.000000000
v 0.040500000 -0.037500000 0.000000000
v -0.040111068 -0.023236888 0.000000000
v 0.042037396 -0.038999534 0.000000000
v 0.050490421 -0.082483316 0.000000000
v 0.040501865 -0.037425231 0.000000000
v -0.040077307 -0.023116893 0.000000000
v 0.042112095 -0.038995806 0.000000000
v 0.050566655 -0.082459801 0.000000000
v 0.040507454 -0.037350648 0.000000000
v 0.042186516 -0.038988359 0.000000000
v 0.050643967 -0.082440115 0.000000000
v -0.040049569 -0.022995365 0.000000000
v 0.040516754 -0.037276437 0.000000000
v 0.042260472 -0.038977212 0.000000000
v 0.050722163 -0.082424308 0.000000000
v 0.040529741 -0.037202781 0.000000000
v -0.040027923 -0.022872606 0.000000000
v 0.042333781 -0.038962392 0.000000000
v 0.050801050 -0.082412417 0.000000000
v -0.040012423 -0.022748920 0.000000000
v 0.040546384 -0.037129864 0.000000000
v 0.042406261 -0.038943936 0.000000000
v 0.050880432 -0.082404474 0.000000000
v -0.032345766 0.024176553 0.000000000
v -0.032345766 0.035823447 0.000000000
v -0.032234358 0.024290774 0.000000000
v -0.032234358 0.035709226 0.000000000
v -0.032117395 0.035600700 0.000000000
v -0.032117395 0.024399300 0.000000000
v -0.032451342 0.035943080 0.000000000
v -0.032451342 0.024056920 0.000000000
v -0.031995167 0.024501861 0.000000000
v -0.031995167 0.035498139 0.000000000
v -0.031867980 0.024598202 0.000000000
v 0.040566641 -0.037057867 0.000000000
v -0.032550824 0.023932174 0.000000000
v -0.032550824 0.036067826 0.000000000
v -0.031867980 0.035401798 0.000000000
v -0.031736148 0.024688083 0.000000000
v -0.032643964 0.023802624 0.000000000
v -0.032643964 0.036197376 0.000000000
v 0.042477730 -0.038921891 0.000000000
v 0.050960111 -0.082400497 0.000000000
v -0.031736148 0.035311917 0.000000000
v -0.032730531 0.036331407 0.000000000
v -0.032730531 0.023668593 0.000000000
v -0.032810309 0.023530413 0.000000000
v 0.040590461 -0.036986970 0.000000000
v -0.031600000 0.035228719 0.000000000
v -0.031600000 0.024771281 0.000000000
v -0.031459874 0.024847590 0.000000000
v 0.042548012 -0.038896311 0.000000000
v 0.051039889 -0.082400497 0.000000000
v -0.032810309 0.036469587 0.000000000
v -0.031459874 0.035152410 0.000000000
v 0.040617786 -0.036917348 0.000000000
v -0.032883100 0.036611572 0.000000000
v 0.042616931 -0.038867259 0.000000000
v 0.051119568 -0.082404474 0.000000000
v -0.031316119 0.024916819 0.000000000
v -0.031316119 0.035083181 0.000000000
v -0.031169091 0.024978796 0.000000000
v 0.040648547 -0.036849174 0.000000000
v -0.043296217 0.014869818 0.000000000
v -0.032948724 0.036757009 0.000000000
v 0.042684316 -0.038834808 0.000000000
v 0.051198950 -0.082412417 0.000000000
v -0.031169091 0.035021204 0.000000000
v -0.031019157 0.025033368 0.000000000
v -0.043413353 0.014827184 0.000000000
v -0.033007016 0.036905536 0.000000000
v 0.040682668 -0.036782619 0.000000000
v -0.031019157 0.034966632 0.000000000
v 0.042750000 -0.038799038 0.000000000
v 0.051277837 -0.082424308 0.000000000
v -0.043528218 0.014778765 0.000000000
v -0.033057833 0.037056783 0.000000000
v -0.030866689 0.034919602 0.000000000
v -0.030866689 0.025080398 0.000000000
v -0.030712067 0.025119769 0.000000000
v 0.042813819 -0.038760039 0.000000000
v 0.051356033 -0.082440115 0.000000000
v -0.043640527 0.014724680 0.000000000
v -0.033101047 0.037210376 0.000000000
v 0.042875616 -0.038717907 0.000000000
v 0.051433345 -0.082459801 0.000000000
v -0.030712067 0.034880231 0.000000000
v -0.033136552 0.037365932 0.000000000
v -0.043750000 0.014665064 0.000000000
v 0.042935235 -0.038672747 0.000000000
v 0.051509579 -0.082483316 0.000000000
v -0.030555674 0.025151385 0.000000000
v -0.030555674 0.034848615 0.000000000
v -0.030397900 0.025175165 0.000000000
v -0.033164259 0.037523065 0.000000000
v -0.043856366 0.014600065 0.000000000
v 0.042992529 -0.038624672 0.000000000
v 0.051584546 -0.082510602 0.000000000
v -0.030397900 0.034824835 0.000000000
v 0.043047355 -0.038573800 0.000000000
v 0.051658059 -0.082541591 0.000000000
v -0.033184098 0.037681383 0.000000000
v -0.030239136 0.034808948 0.000000000
v -0.030239136 0.025191052 0.000000000
v 0.043099578 -0.038520259 0.000000000
v 0.051729937 -0.082576205 0.000000000
v -0.033196022 0.037840493 0.000000000
v 0.043149067 -0.038464181 0.000000000
v 0.051800000 -0.082614359 0.000000000
v -0.030079778 0.034800995 0.000000000
v -0.030079778 0.025199005 0.000000000
v 0.043195699 -0.038405707 0.000000000
v 0.051868074 -0.082655959 0.000000000
v -0.033200000 0.038000000 0.000000000
v -0.029920222 0.034800995 0.000000000
v -0.029920222 0.025199005 0.000000000
v 0.043239358 -0.038344980 0.000000000
v 0.051933990 -0.082700899 0.000000000
v -0.033196022 0.038159507 0.000000000
v 0.043279936 -0.038282153 0.000000000
v 0.051997584 -0.082749070 0.000000000
v -0.029760864 0.034808948 0.000000000
v -0.029760864 0.025191052 0.000000000
v 0.043317332 -0.038217381 0.000000000
v 0.052058697 -0.082800350 0.000000000
v -0.033184098 0.038318617 0.000000000
v 0.043351453 -0.038150826 0.000000000
v 0.052117179 -0.082854613 0.000000000
v -0.029602100 0.034824835 0.000000000
v -0.029602100 0.025175165 0.000000000
v 0.043382214 -0.038082652 0.000000000
v 0.052172883 -0.082911724 0.000000000
v -0.033164259 0.038476935 0.000000000
v 0.043409539 -0.038013030 0.000000000
v 0.052225671 -0.082971540 0.000000000
v -0.029444326 0.025151385 0.000000000
v -0.029444326 0.034848615 0.000000000
v -0.029287933 0.025119769 0.000000000
v 0.043433359 -0.037942133 0.000000000
v 0.052275412 -0.083033913 0.000000000
v -0.033136552 0.038634068 0.000000000
v 0.043453616 -0.037870136 0.000000000
v 0.052321982 -0.083098688 0.000000000
v -0.029287933 0.034880231 0.000000000
v 0.043470259 -0.037797219 0.000000000
v 0.052365265 -0.083165704 0.000000000
v -0.033101047 0.038789624 0.000000000
v 0.043483246 -0.037723563 0.000000000
v 0.052405155 -0.083234794 0.000000000
v -0.029133311 0.034919602 0.000000000
v -0.029133311 0.025080398 0.000000000
v 0.043492546 -0.037649352 0.000000000
v 0.052441550 -0.083305786 0.000000000
v -0.033057833 0.038943217 0.000000000
v 0.043498135 -0.037574769 0.000000000
v -0.028980843 0.034966632 0.000000000
v -0.028980843 0.025033368 0.000000000
v -0.033007016 0.039094464 0.000000000
v -0.028830909 0.035021204 0.000000000
v -0.028830909 0.024978796 0.000000000
v -0.028683881 0.024916819 0.000000000
v -0.028683881 0.035083181 0.000000000
v -0.028540126 0.024847590 0.000000000
v -0.028540126 0.035152410 0.000000000
v -0.028400000 0.024771281 0.000000000
v -0.028400000 0.035228719 0.000000000
v -0.028263852 0.024688083 0.000000000
v -0.028263852 0.035311917 0.000000000
v -0.028132020 0.024598202 0.000000000
v -0.028132020 0.035401798 0.000000000
v -0.028004833 0.035498139 0.000000000
v -0.028004833 0.024501861 0.000000000
v -0.027882605 0.035600700 0.000000000
v -0.027882605 0.024399300 0.000000000
v -0.027765642 0.035709226 0.000000000
v -0.027765642 0.024290774 0.000000000
v -0.027654234 0.024176553 0.000000000
v -0.027654234 0.035823447 0.000000000
v -0.027548658 0.035943080 0.000000000
v -0.027548658 0.024056920 0.000000000
v -0.027449176 0.036067826 0.000000000
v -0.027449176 0.023932174 0.000000000
v -0.027356036 0.036197376 0.000000000
v -0.027356036 0.023802624 0.000000000
v -0.027269469 0.036331407 0.000000000
v -0.027269469 0.023668593 0.000000000
v -0.027189691 0.036469587 0.000000000
v -0.027189691 0.023530413 0.000000000
v -0.027116900 0.036611572 0.000000000
v -0.027116900 0.023388428 0.000000000
v -0.027051276 0.023242991 0.000000000
v -0.027051276 0.036757009 0.000000000
v -0.026992984 0.036905536 0.000000000
v -0.026992984 0.023094464 0.000000000
v -0.026942167 0.022943217 0.000000000
v -0.026942167 0.037056783 0.000000000
v -0.026898953 0.022789624 0.000000000
v -0.026898953 0.037210376 0.000000000
v -0.032810309 0.039530413 0.000000000
v -0.035117179 0.055354613 0.000000000
v -0.032730531 0.039668593 0.000000000
v -0.035172883 0.055411724 0.000000000
v -0.032883100 0.039388428 0.000000000
v -0.035058697 0.055300350 0.000000000
v -0.032643964 0.039802624 0.000000000
v -0.035225671 0.055471540 0.000000000
v -0.032948724 0.039242991 0.000000000
v -0.034997584 0.055249070 0.000000000
v -0.035275412 0.055533913 0.000000000
v -0.034933990 0.055200899 0.000000000
v -0.032550824 0.039932174 0.000000000
v -0.035321982 0.055598688 0.000000000
v -0.034868074 0.055155959 0.000000000
v -0.032451342 0.040056920 0.000000000
v -0.035365265 0.055665704 0.000000000
v -0.034800000 0.055114359 0.000000000
v -0.032345766 0.040176553 0.000000000
v -0.035405155 0.055734794 0.000000000
v -0.034729937 0.055076205 0.000000000
v -0.032234358 0.040290774 0.000000000
v -0.035441550 0.055805786 0.000000000
v -0.034658059 0.055041591 0.000000000
v -0.032117395 0.040399300 0.000000000
v -0.035474362 0.055878504 0.000000000
v -0.034584546 0.055010602 0.000000000
v -0.031995167 0.040501861 0.000000000
v -0.035503508 0.055952768 0.000000000
v -0.034509579 0.054983316 0.000000000
v -0.031867980 0.040598202 0.000000000
v -0.035528916 0.056028392 0.000000000
v -0.034433345 0.054959801 0.000000000
v -0.035550524 0.056105188 0.000000000
v -0.034356033 0.054940115 0.000000000
v -0.031736148 0.040688083 0.000000000
v -0.035568276 0.056182966 0.000000000
v -0.034277837 0.054924308 0.000000000
v -0.031600000 0.040771281 0.000000000
v -0.035582129 0.056261532 0.000000000
v -0.034198950 0.054912417 0.000000000
v -0.031459874 0.040847590 0.000000000
v -0.035592049 0.056340691 0.000000000
v -0.034119568 0.054904474 0.000000000
v -0.031316119 0.040916819 0.000000000
v -0.035598011 0.056420247 0.000000000
v -0.034039889 0.054900497 0.000000000
v -0.031169091 0.040978796 0.000000000
v -0.035600000 0.056500000 0.000000000
v -0.033960111 0.054900497 0.000000000
v -0.035598011 0.056579753 0.000000000
v -0.033880432 0.054904474 0.000000000
v -0.031019157 0.041033368 0.000000000
v -0.035592049 0.056659309 0.000000000
v -0.033801050 0.054912417 0.000000000
v -0.030866689 0.041080398 0.000000000
v -0.035582129 0.056738468 0.000000000
v -0.033722163 0.054924308 0.000000000
v -0.030712067 0.041119769 0.000000000
v -0.035568276 0.056817034 0.000000000
v -0.033643967 0.054940115 0.000000000
v -0.030555674 0.041151385 0.000000000
v -0.035550524 0.056894812 0.000000000
v -0.033566655 0.054959801 0.000000000
v -0.030397900 0.041175165 0.000000000
v -0.035528916 0.056971608 0.000000000
v -0.033490421 0.054983316 0.000000000
v -0.030239136 0.041191052 0.000000000
v -0.035503508 0.057047232 0.000000000
v -0.033415454 0.055010602 0.000000000
v -0.035474362 0.057121496 0.000000000
v -0.033341941 0.055041591 0.000000000
v -0.030079778 0.041199005 0.000000000
v -0.035441550 0.057194214 0.000000000
v -0.033270063 0.055076205 0.000000000
v -0.029920222 0.041199005 0.000000000
v -0.035405155 0.057265206 0.000000000
v -0.033200000 0.055114359 0.000000000
v -0.029760864 0.041191052 0.000000000
v -0.035365265 0.057334296 0.000000000
v -0.033131926 0.055155959 0.000000000
v -0.029602100 0.041175165 0.000000000
v -0.035321982 0.057401312 0.000000000
v -0.033066010 0.055200899 0.000000000
v -0.029444326 0.041151385 0.000000000
v -0.035275412 0.057466087 0.000000000
v -0.033002416 0.055249070 0.000000000
v -0.035225671 0.057528460 0.000000000
v -0.032941303 0.055300350 0.000000000
v -0.029287933 0.041119769 0.000000000
v -0.035172883 0.057588276 0.000000000
v -0.032882821 0.055354613 0.000000000
v -0.029133311 0.041080398 0.000000000
v -0.035117179 0.057645387 0.000000000
v -0.032827117 0.055411724 0.000000000
v -0.028980843 0.041033368 0.000000000
v -0.032774329 0.055471540 0.000000000
v -0.028830909 0.040978796 0.000000000
v -0.032724588 0.055533913 0.000000000
v -0.028683881 0.040916819 0.000000000
v -0.032678018 0.055598688 0.000000000
v -0.028540126 0.040847590 0.000000000
v -0.032634735 0.055665704 0.000000000
v -0.028400000 0.040771281 0.000000000
v -0.032594845 0.055734794 0.000000000
v -0.032558450 0.055805786 0.000000000
v -0.028263852 0.040688083 0.000000000
v -0.032525638 0.055878504 0.000000000
v -0.028132020 0.040598202 0.000000000
v -0.032496492 0.055952768 0.000000000
v -0.028004833 0.040501861 0.000000000
v -0.032471084 0.056028392 0.000000000
v -0.027882605 0.040399300 0.000000000
v -0.032449476 0.056105188 0.000000000
v -0.027765642 0.040290774 0.000000000
v -0.032431724 0.056182966 0.000000000
v -0.027654234 0.040176553 0.000000000
v -0.032417871 0.056261532 0.000000000
v -0.027548658 0.040056920 0.000000000
v -0.032407951 0.056340691 0.000000000
v -0.027449176 0.039932174 0.000000000
v -0.032401989 0.056420247 0.000000000
v -0.027356036 0.039802624 0.000000000
v -0.032400000 0.056500000 0.000000000
v -0.027269469 0.039668593 0.000000000
v -0.032941303 0.057699650 0.000000000
v -0.045000000 0.085500000 0.000000000
v -0.032882821 0.057645387 0.000000000
v -0.033002416 0.057750930 0.000000000
v -0.033066010 0.057799101 0.000000000
v -0.033131926 0.057844041 0.000000000
v -0.033200000 0.057885641 0.000000000
v -0.033270063 0.057923795 0.000000000
v -0.033341941 0.057958409 0.000000000
v -0.033415454 0.057989398 0.000000000
v -0.033490421 0.058016684 0.000000000
v -0.033566655 0.058040199 0.000000000
v -0.033643967 0.058059885 0.000000000
v -0.033722163 0.058075692 0.000000000
v -0.033801050 0.058087583 0.000000000
v -0.033880432 0.058095526 0.000000000
v -0.033960111 0.058099503 0.000000000
v -0.034039889 0.058099503 0.000000000
v -0.034119568 0.058095526 0.000000000
v -0.034198950 0.058087583 0.000000000
v -0.034277837 0.058075692 0.000000000
v -0.034356033 0.058059885 0.000000000
v -0.034433345 0.058040199 0.000000000
v -0.034509579 0.058016684 0.000000000
v -0.034584546 0.057989398 0.000000000
v -0.034658059 0.057958409 0.000000000
v -0.034729937 0.057923795 0.000000000
v -0.034800000 0.057885641 0.000000000
v -0.034868074 0.057844041 0.000000000
v -0.034933990 0.057799101 0.000000000
v -0.034997584 0.057750930 0.000000000
v -0.035058697 0.057699650 0.000000000
v 0.041813484 -0.036011641 0.000000000
v 0.040000000 0.002500000 0.000000000
v 0.041887905 -0.036004194 0.000000000
v 0.041739528 -0.036022788 0.000000000
v 0.041666219 -0.036037608 0.000000000
v 0.041593739 -0.036056064 0.000000000
v 0.041522270 -0.036078109 0.000000000
v 0.041451988 -0.036103689 0.000000000
v 0.041383069 -0.036132741 0.000000000
v 0.041315684 -0.036165192 0.000000000
v 0.041250000 -0.036200962 0.000000000
v 0.041186181 -0.036239961 0.000000000
v 0.041124384 -0.036282093 0.000000000
v 0.041064765 -0.036327253 0.000000000
v 0.041007471 -0.036375328 0.000000000
v 0.040952645 -0.036426200 0.000000000
v 0.040900422 -0.036479741 0.000000000
v 0.040850933 -0.036535819 0.000000000
v 0.040804301 -0.036594293 0.000000000
v 0.040760642 -0.036655020 0.000000000
v 0.040720064 -0.036717847 0.000000000
v 0.040124615 0.002503108 0.000000000
v 0.041962604 -0.036000466 0.000000000
v 0.040248920 0.002512423 0.000000000
v 0.042037396 -0.036000466 0.000000000
v 0.040372606 0.002527923 0.000000000
v 0.042112095 -0.036004194 0.000000000
v 0.040495365 0.002549569 0.000000000
v 0.042186516 -0.036011641 0.000000000
v 0.040616893 0.002577307 0.000000000
v 0.042260472 -0.036022788 0.000000000
v 0.040736888 0.002611068 0.000000000
v 0.042333781 -0.036037608 0.000000000
v 0.040855050 0.002650768 0.000000000
v 0.042406261 -0.036056064 0.000000000
v 0.040971087 0.002696309 0.000000000
v 0.042477730 -0.036078109 0.000000000
v 0.041084709 0.002747578 0.000000000
v 0.042548012 -0.036103689 0.000000000
v 0.042616931 -0.036132741 0.000000000
v 0.041195635 0.002804446 0.000000000
v 0.042684316 -0.036165192 0.000000000
v 0.041303588 0.002866773 0.000000000
v 0.042750000 -0.036200962 0.000000000
v 0.041408300 0.002934403 0.000000000
v 0.042813819 -0.036239961 0.000000000
v 0.041509511 0.003007169 0.000000000
v 0.042875616 -0.036282093 0.000000000
v 0.041606969 0.003084889 0.000000000
v 0.042935235 -0.036327253 0.000000000
v 0.041700432 0.003167370 0.000000000
v 0.042992529 -0.036375328 0.000000000
v 0.027189691 0.020469587 0.000000000
v 0.027269469 0.020331407 0.000000000
v 0.027116900 0.020611572 0.000000000
v -0.027051276 0.020757009 0.000000000
v 0.027051276 0.020757009 0.000000000
v -0.026992984 0.020905536 0.000000000
v 0.026992984 0.020905536 0.000000000
v -0.026942167 0.021056783 0.000000000
v 0.026942167 0.021056783 0.000000000
v 0.026898953 0.021210376 0.000000000
v -0.026898953 0.021210376 0.000000000
v -0.026863448 0.021365932 0.000000000
v 0.026863448 0.021365932 0.000000000
v 0.029287933 0.018880231 0.000000000
v 0.029444326 0.018848615 0.000000000
v 0.040000000 0.007500000 0.000000000
v -0.026835741 0.021523065 0.000000000
v 0.026835741 0.021523065 0.000000000
v -0.026815902 0.021681383 0.000000000
v 0.029602100 0.018824835 0.000000000
v 0.026815902 0.021681383 0.000000000
v 0.029760864 0.018808948 0.000000000
v -0.026803978 0.021840493 0.000000000
v 0.026803978 0.021840493 0.000000000
v 0.029920222 0.018800995 0.000000000
v -0.026800000 0.022000000 0.000000000
v 0.026800000 0.022000000 0.000000000
v -0.026803978 0.022159507 0.000000000
v 0.030079778 0.018800995 0.000000000
v 0.026803978 0.022159507 0.000000000
v 0.030239136 0.018808948 0.000000000
v 0.026815902 0.022318617 0.000000000
v -0.026815902 0.022318617 0.000000000
v 0.030397900 0.018824835 0.000000000
v -0.026835741 0.022476935 0.000000000
v 0.026835741 0.022476935 0.000000000
v 0.030555674 0.018848615 0.000000000
v 0.026863448 0.022634068 0.000000000
v -0.026863448 0.022634068 0.000000000
v 0.030712067 0.018880231 0.000000000
v 0.026898953 0.022789624 0.000000000
v 0.030866689 0.018919602 0.000000000
v 0.031019157 0.018966632 0.000000000
v 0.031169091 0.019021204 0.000000000
v 0.031316119 0.019083181 0.000000000
v 0.031459874 0.019152410 0.000000000
v 0.031600000 0.019228719 0.000000000
v 0.031736148 0.019311917 0.000000000
v 0.031867980 0.019401798 0.000000000
v 0.031995167 0.019498139 0.000000000
v 0.032117395 0.019600700 0.000000000
v 0.032234358 0.019709226 0.000000000
v 0.032345766 0.019823447 0.000000000
v 0.032451342 0.019943080 0.000000000
v 0.032550824 0.020067826 0.000000000
v 0.032643964 0.020197376 0.000000000
v 0.032730531 0.020331407 0.000000000
v 0.032810309 0.020469587 0.000000000
v 0.040124615 0.007496892 0.000000000
v 0.032883100 0.020611572 0.000000000
v 0.040248920 0.007487577 0.000000000
v 0.040372606 0.007472077 0.000000000
v 0.032948724 0.020757009 0.000000000
v 0.040495365 0.007450431 0.000000000
v 0.033007016 0.020905536 0.000000000
v 0.040616893 0.007422693 0.000000000
v 0.033057833 0.021056783 0.000000000
v 0.040736888 0.007388932 0.000000000
v 0.033101047 0.021210376 0.000000000
v 0.040855050 0.007349232 0.000000000
v 0.027765642 0.024290774 0.000000000
v 0.027654234 0.035823447 0.000000000
v 0.027765642 0.035709226 0.000000000
v 0.027654234 0.024176553 0.000000000
v 0.027882605 0.035600700 0.000000000
v 0.027882605 0.024399300 0.000000000
v 0.027548658 0.024056920 0.000000000
v 0.027548658 0.035943080 0.000000000
v 0.028004833 0.035498139 0.000000000
v 0.028004833 0.024501861 0.000000000
v 0.027449176 0.036067826 0.000000000
v 0.027449176 0.023932174 0.000000000
v 0.028132020 0.035401798 0.000000000
v 0.028132020 0.024598202 0.000000000
v 0.027356036 0.036197376 0.000000000
v 0.027356036 0.023802624 0.000000000
v 0.027269469 0.023668593 0.000000000
v 0.028263852 0.035311917 0.000000000
v 0.028263852 0.024688083 0.000000000
v 0.027269469 0.036331407 0.000000000
v 0.028400000 0.035228719 0.000000000
v 0.028400000 0.024771281 0.000000000
v 0.027189691 0.023530413 0.000000000
v 0.027189691 0.036469587 0.000000000
v 0.028540126 0.035152410 0.000000000
v 0.028540126 0.024847590 0.000000000
v 0.027116900 0.036611572 0.000000000
v 0.027116900 0.023388428 0.000000000
v 0.028683881 0.035083181 0.000000000
v 0.028683881 0.024916819 0.000000000
v 0.028830909 0.024978796 0.000000000
v 0.027051276 0.036757009 0.000000000
v 0.027051276 0.023242991 0.000000000
v 0.026992984 0.023094464 0.000000000
v 0.028830909 0.035021204 0.000000000
v 0.026992984 0.036905536 0.000000000
v 0.026942167 0.022943217 0.000000000
v 0.028980843 0.034966632 0.000000000
v 0.028980843 0.025033368 0.000000000
v 0.026942167 0.037056783 0.000000000
v 0.029133311 0.025080398 0.000000000
v 0.029133311 0.034919602 0.000000000
v 0.029287933 0.025119769 0.000000000
v 0.026898953 0.037210376 0.000000000
v 0.029287933 0.034880231 0.000000000
v -0.026863448 0.037365932 0.000000000
v 0.026863448 0.037365932 0.000000000
v 0.029444326 0.034848615 0.000000000
v 0.029444326 0.025151385 0.000000000
v 0.029602100 0.025175165 0.000000000
v -0.026835741 0.037523065 0.000000000
v 0.026835741 0.037523065 0.000000000
v -0.026815902 0.037681383 0.000000000
v 0.029602100 0.034824835 0.000000000
v 0.026815902 0.037681383 0.000000000
v 0.029760864 0.034808948 0.000000000
v 0.029760864 0.025191052 0.000000000
v 0.029920222 0.025199005 0.000000000
v 0.026803978 0.037840493 0.000000000
v -0.026803978 0.037840493 0.000000000
v 0.029920222 0.034800995 0.000000000
v -0.026803978 0.038159507 0.000000000
v 0.026800000 0.038000000 0.000000000
v -0.026800000 0.038000000 0.000000000
v 0.030079778 0.034800995 0.000000000
v 0.030079778 0.025199005 0.000000000
v -0.026815902 0.038318617 0.000000000
v 0.026803978 0.038159507 0.000000000
v 0.030239136 0.034808948 0.000000000
v 0.030239136 0.025191052 0.000000000
v 0.026815902 0.038318617 0.000000000
v 0.030397900 0.034824835 0.000000000
v 0.030397900 0.025175165 0.000000000
v -0.026835741 0.038476935 0.000000000
v 0.026835741 0.038476935 0.000000000
v 0.030555674 0.025151385 0.000000000
v 0.030555674 0.034848615 0.000000000
v 0.030712067 0.025119769 0.000000000
v -0.026863448 0.038634068 0.000000000
v 0.026863448 0.038634068 0.000000000
v -0.026898953 0.038789624 0.000000000
v 0.030712067 0.034880231 0.000000000
v 0.026898953 0.038789624 0.000000000
v 0.030866689 0.034919602 0.000000000
v 0.030866689 0.025080398 0.000000000
v -0.026942167 0.038943217 0.000000000
v 0.026942167 0.038943217 0.000000000
v -0.026992984 0.039094464 0.000000000
v 0.031019157 0.025033368 0.000000000
v 0.031019157 0.034966632 0.000000000
v 0.031169091 0.024978796 0.000000000
v 0.026992984 0.039094464 0.000000000
v 0.031169091 0.035021204 0.000000000
v 0.031316119 0.024916819 0.000000000
v 0.042493009 0.005186825 0.000000000
v 0.055382821 0.010854613 0.000000000
v 0.042499223 0.005062327 0.000000000
v 0.042480598 0.005310859 0.000000000
v 0.055327117 0.010911724 0.000000000
v 0.055441303 0.010800350 0.000000000
v 0.042499223 0.004937673 0.000000000
v 0.042462019 0.005434120 0.000000000
v 0.055274329 0.010971540 0.000000000
v 0.055502416 0.010749070 0.000000000
v 0.042493009 0.004813175 0.000000000
v 0.042437320 0.005556302 0.000000000
v 0.055224588 0.011033913 0.000000000
v 0.055566010 0.010700899 0.000000000
v 0.042480598 0.004689141 0.000000000
v 0.055178018 0.011098688 0.000000000
v 0.055631926 0.010655959 0.000000000
v 0.042462019 0.004565880 0.000000000
v -0.027051276 0.039242991 0.000000000
v 0.027051276 0.039242991 0.000000000
v 0.055134735 0.011165704 0.000000000
v 0.042406561 0.005677101 0.000000000
v 0.055700000 0.010614359 0.000000000
v 0.042437320 0.004443698 0.000000000
v 0.042369818 0.005796217 0.000000000
v 0.055094845 0.011234794 0.000000000
v 0.055770063 0.010576205 0.000000000
v 0.042406561 0.004322899 0.000000000
v 0.055058450 0.011305786 0.000000000
v 0.042327184 0.005913353 0.000000000
v 0.055841941 0.010541591 0.000000000
v 0.042369818 0.004203783 0.000000000
v 0.031316119 0.035083181 0.000000000
v 0.055025638 0.011378504 0.000000000
v 0.042278765 0.006028218 0.000000000
v 0.055915454 0.010510602 0.000000000
v 0.054996492 0.011452768 0.000000000
v 0.042224680 0.006140527 0.000000000
v 0.055990421 0.010483316 0.000000000
v 0.042327184 0.004086647 0.000000000
v 0.054971084 0.011528392 0.000000000
v 0.042165064 0.006250000 0.000000000
v -0.027116900 0.039388428 0.000000000
v 0.027116900 0.039388428 0.000000000
v -0.027189691 0.039530413 0.000000000
v 0.056066655 0.010459801 0.000000000
v 0.042278765 0.003971782 0.000000000
v 0.054949476 0.011605188 0.000000000
v 0.042100065 0.006356366 0.000000000
v 0.056143967 0.010440115 0.000000000
v 0.042224680 0.003859473 0.000000000
v 0.031459874 0.024847590 0.000000000
v 0.031459874 0.035152410 0.000000000
v 0.031600000 0.024771281 0.000000000
v 0.054931724 0.011682966 0.000000000
v 0.042029845 0.006459359 0.000000000
v 0.056222163 0.010424308 0.000000000
v 0.042165064 0.003750000 0.000000000
v 0.054917871 0.011761532 0.000000000
v 0.041954579 0.006558725 0.000000000
v 0.056301050 0.010412417 0.000000000
v 0.042100065 0.003643634 0.000000000
v 0.027189691 0.039530413 0.000000000
v 0.054907951 0.011840691 0.000000000
v 0.056380432 0.010404474 0.000000000
v 0.042029845 0.003540641 0.000000000
v 0.054901989 0.011920247 0.000000000
v 0.041874453 0.006654215 0.000000000
v 0.031600000 0.035228719 0.000000000
v 0.031736148 0.024688083 0.000000000
v 0.056460111 0.010400497 0.000000000
v 0.041954579 0.003441275 0.000000000
v 0.054900000 0.012000000 0.000000000
v 0.041789667 0.006745592 0.000000000
v 0.027269469 0.039668593 0.000000000
v 0.056539889 0.010400497 0.000000000
v 0.041874453 0.003345785 0.000000000
v 0.054901989 0.012079753 0.000000000
v 0.041700432 0.006832630 0.000000000
v 0.056619568 0.010404474 0.000000000
v 0.041789667 0.003254408 0.000000000
v 0.031736148 0.035311917 0.000000000
v 0.054907951 0.012159309 0.000000000
v 0.041606969 0.006915111 0.000000000
v 0.056698950 0.010412417 0.000000000
v 0.054917871 0.012238468 0.000000000
v 0.041509511 0.006992831 0.000000000
v -0.032401989 0.056579753 0.000000000
v 0.027356036 0.039802624 0.000000000
v -0.032407951 0.056659309 0.000000000
v 0.056777837 0.010424308 0.000000000
v 0.043047355 -0.036426200 0.000000000
v 0.054931724 0.012317034 0.000000000
v 0.041408300 0.007065597 0.000000000
v 0.031867980 0.035401798 0.000000000
v 0.031867980 0.024598202 0.000000000
v 0.056856033 0.010440115 0.000000000
v 0.043099578 -0.036479741 0.000000000
v 0.041303588 0.007133227 0.000000000
v 0.054949476 0.012394812 0.000000000
v 0.027449176 0.039932174 0.000000000
v -0.032417871 0.056738468 0.000000000
v 0.056933345 0.010459801 0.000000000
v 0.043149067 -0.036535819 0.000000000
v 0.054971084 0.012471608 0.000000000
v 0.041195635 0.007195554 0.000000000
v 0.057009579 0.010483316 0.000000000
v 0.043195699 -0.036594293 0.000000000
v 0.031995167 0.035498139 0.000000000
v 0.031995167 0.024501861 0.000000000
v 0.032117395 0.024399300 0.000000000
v 0.054996492 0.012547232 0.000000000
v 0.041084709 0.007252422 0.000000000
v 0.057084546 0.010510602 0.000000000
v 0.043239358 -0.036655020 0.000000000
v 0.027548658 0.040056920 0.000000000
v -0.032431724 0.056817034 0.000000000
v 0.055025638 0.012621496 0.000000000
v 0.040971087 0.007303691 0.000000000
v 0.057158059 0.010541591 0.000000000
v 0.043279936 -0.036717847 0.000000000
v 0.032117395 0.035600700 0.000000000
v 0.055058450 0.012694214 0.000000000
v 0.057229937 0.010576205 0.000000000
v 0.043317332 -0.036782619 0.000000000
v -0.032449476 0.056894812 0.000000000
v 0.027654234 0.040176553 0.000000000
v 0.055094845 0.012765206 0.000000000
v 0.033136552 0.021365932 0.000000000
v 0.057300000 0.010614359 0.000000000
v 0.043351453 -0.036849174 0.000000000
v 0.032234358 0.035709226 0.000000000
v 0.032234358 0.024290774 0.000000000
v 0.033164259 0.021523065 0.000000000
v 0.055134735 0.012834296 0.000000000
v 0.057368074 0.010655959 0.000000000
v 0.043382214 -0.036917348 0.000000000
v -0.032471084 0.056971608 0.000000000
v 0.027765642 0.040290774 0.000000000
v 0.055178018 0.012901312 0.000000000
v 0.057433990 0.010700899 0.000000000
v 0.043409539 -0.036986970 0.000000000
v 0.032345766 0.035823447 0.000000000
v 0.032345766 0.024176553 0.000000000
v 0.055224588 0.012966087 0.000000000
v 0.033184098 0.021681383 0.000000000
v 0.057497584 0.010749070 0.000000000
v 0.043433359 -0.037057867 0.000000000
v 0.027882605 0.040399300 0.000000000
v -0.032496492 0.057047232 0.000000000
v 0.033196022 0.021840493 0.000000000
v 0.055274329 0.013028460 0.000000000
v 0.057558697 0.010800350 0.000000000
v 0.043453616 -0.037129864 0.000000000
v 0.032451342 0.024056920 0.000000000
v 0.032451342 0.035943080 0.000000000
v 0.032550824 0.023932174 0.000000000
v 0.055327117 0.013088276 0.000000000
v 0.033200000 0.022000000 0.000000000
v 0.057617179 0.010854613 0.000000000
v 0.043470259 -0.037202781 0.000000000
v 0.028004833 0.040501861 0.000000000
v -0.032525638 0.057121496 0.000000000
v 0.033196022 0.022159507 0.000000000
v 0.055382821 0.013145387 0.000000000
v 0.057672883 0.010911724 0.000000000
v 0.043483246 -0.037276437 0.000000000
v 0.032550824 0.036067826 0.000000000
v 0.055441303 0.013199650 0.000000000
v 0.033184098 0.022318617 0.000000000
v 0.057725671 0.010971540 0.000000000
v 0.043492546 -0.037350648 0.000000000
v 0.028132020 0.040598202 0.000000000
v -0.032558450 0.057194214 0.000000000
v 0.033164259 0.022476935 0.000000000
v 0.055502416 0.013250930 0.000000000
v 0.057775412 0.011033913 0.000000000
v 0.043498135 -0.037425231 0.000000000
v 0.032643964 0.036197376 0.000000000
v 0.032643964 0.023802624 0.000000000
v 0.032730531 0.023668593 0.000000000
v 0.033136552 0.022634068 0.000000000
v 0.055566010 0.013299101 0.000000000
v 0.057821982 0.011098688 0.000000000
v 0.043500000 -0.037500000 0.000000000
v 0.028263852 0.040688083 0.000000000
v 0.033101047 0.022789624 0.000000000
v 0.055631926 0.013344041 0.000000000
v 0.057865265 0.011165704 0.000000000
v 0.032730531 0.036331407 0.000000000
v 0.032810309 0.023530413 0.000000000
v 0.033057833 0.022943217 0.000000000
v 0.055700000 0.013385641 0.000000000
v 0.057905155 0.011234794 0.000000000
v 0.033007016 0.023094464 0.000000000
v 0.055770063 0.013423795 0.000000000
v 0.057941550 0.011305786 0.000000000
v 0.032810309 0.036469587 0.000000000
v 0.055841941 0.013458409 0.000000000
v 0.057974362 0.011378504 0.000000000
v 0.032948724 0.023242991 0.000000000
v 0.055915454 0.013489398 0.000000000
v 0.058003508 0.011452768 0.000000000
v 0.032883100 0.023388428 0.000000000
v 0.032883100 0.036611572 0.000000000
v 0.058028916 0.011528392 0.000000000
v 0.058050524 0.011605188 0.000000000
v 0.032948724 0.036757009 0.000000000
v 0.058068276 0.011682966 0.000000000
v 0.033007016 0.036905536 0.000000000
v 0.055990421 0.013516684 0.000000000
v 0.033057833 0.037056783 0.000000000
v 0.056066655 0.013540199 0.000000000
v 0.056143967 0.013559885 0.000000000
v 0.033101047 0.037210376 0.000000000
v 0.056222163 0.013575692 0.000000000
v 0.033136552 0.037365932 0.000000000
v 0.056301050 0.013587583 0.000000000
v 0.033164259 0.037523065 0.000000000
v 0.056380432 0.013595526 0.000000000
v 0.033184098 0.037681383 0.000000000
v 0.056460111 0.013599503 0.000000000
v 0.033196022 0.037840493 0.000000000
v 0.056539889 0.013599503 0.000000000
v -0.045000000 0.102500000 0.000000000
v -0.035000000 0.112500000 0.000000000
v -0.032827117 0.057588276 0.000000000
v -0.032774329 0.057528460 0.000000000
v 0.057821982 0.012901312 0.000000000
v 0.060000000 0.060500000 0.000000000
v 0.057865265 0.012834296 0.000000000
v 0.057775412 0.012966087 0.000000000
v 0.057725671 0.013028460 0.000000000
v 0.057672883 0.013088276 0.000000000
v 0.057617179 0.013145387 0.000000000
v 0.057558697 0.013199650 0.000000000
v 0.057497584 0.013250930 0.000000000
v 0.057433990 0.013299101 0.000000000
v 0.057368074 0.013344041 0.000000000
v 0.057300000 0.013385641 0.000000000
v 0.057229937 0.013423795 0.000000000
v 0.057158059 0.013458409 0.000000000
v 0.057084546 0.013489398 0.000000000
v 0.057009579 0.013516684 0.000000000
v 0.056933345 0.013540199 0.000000000
v 0.056856033 0.013559885 0.000000000
v 0.056777837 0.013575692 0.000000000
v 0.056698950 0.013587583 0.000000000
v 0.056619568 0.013595526 0.000000000
v 0.033196022 0.038159507 0.000000000
v 0.033200000 0.038000000 0.000000000
v 0.033184098 0.038318617 0.000000000
v 0.033164259 0.038476935 0.000000000
v 0.033136552 0.038634068 0.000000000
v 0.033101047 0.038789624 0.000000000
v 0.033057833 0.038943217 0.000000000
v 0.033007016 0.039094464 0.000000000
v 0.032948724 0.039242991 0.000000000
v 0.032883100 0.039388428 0.000000000
v 0.032810309 0.039530413 0.000000000
v 0.032730531 0.039668593 0.000000000
v 0.032643964 0.039802624 0.000000000
v 0.032550824 0.039932174 0.000000000
v 0.032451342 0.040056920 0.000000000
v 0.032345766 0.040176553 0.000000000
v 0.032234358 0.040290774 0.000000000
v 0.032117395 0.040399300 0.000000000
v 0.031995167 0.040501861 0.000000000
v 0.031867980 0.040598202 0.000000000
v 0.031736148 0.040688083 0.000000000
v 0.031600000 0.040771281 0.000000000
v 0.031459874 0.040847590 0.000000000
v 0.031316119 0.040916819 0.000000000
v 0.031169091 0.040978796 0.000000000
v 0.031019157 0.041033368 0.000000000
v 0.030866689 0.041080398 0.000000000
v 0.058092049 0.012159309 0.000000000
v 0.058098011 0.012079753 0.000000000
v 0.058082129 0.012238468 0.000000000
v 0.058068276 0.012317034 0.000000000
v 0.058050524 0.012394812 0.000000000
v 0.058028916 0.012471608 0.000000000
v 0.058003508 0.012547232 0.000000000
v 0.057974362 0.012621496 0.000000000
v 0.057941550 0.012694214 0.000000000
v 0.057905155 0.012765206 0.000000000
v 0.045000000 0.085500000 0.000000000
v -0.032594845 0.057265206 0.000000000
v -0.032634735 0.057334296 0.000000000
v -0.032678018 0.057401312 0.000000000
v -0.032724588 0.057466087 0.000000000
v 0.030712067 0.041119769 0.000000000
v 0.030555674 0.041151385 0.000000000
v 0.030397900 0.041175165 0.000000000
v 0.030239136 0.041191052 0.000000000
v 0.030079778 0.041199005 0.000000000
v 0.029920222 0.041199005 0.000000000
v 0.029760864 0.041191052 0.000000000
v 0.029602100 0.041175165 0.000000000
v 0.029444326 0.041151385 0.000000000
v 0.029287933 0.041119769 0.000000000
v 0.029133311 0.041080398 0.000000000
v 0.028980843 0.041033368 0.000000000
v 0.028830909 0.040978796 0.000000000
v 0.028683881 0.040916819 0.000000000
v 0.028540126 0.040847590 0.000000000
v 0.028400000 0.040771281 0.000000000
v 0.035000000 0.112500000 0.000000000
v 0.045000000 0.102500000 0.000000000
v 0.058100000 0.012000000 0.000000000
v 0.058098011 0.011920247 0.000000000
v 0.058092049 0.011840691 0.000000000
v 0.058082129 0.011761532 0.000000000
v -0.051498135 -0.037425231 0.000000000
v -0.032437320 0.004443698 0.000000000
v -0.032406561 0.004322899 0.000000000
v -0.032369818 0.004203783 0.000000000
v -0.032327184 0.004086647 0.000000000
v -0.032278765 0.003971782 0.000000000
v -0.032224680 0.003859473 0.000000000
v -0.032165064 0.003750000 0.000000000
v -0.032100065 0.003643634 0.000000000
v -0.032029845 0.003540641 0.000000000
v -0.031954579 0.003441275 0.000000000
v -0.031874453 0.003345785 0.000000000
v 0.029133311 0.018919602 0.000000000
v 0.028980843 0.018966632 0.000000000
v 0.028830909 0.019021204 0.000000000
v 0.028683881 0.019083181 0.000000000
v 0.028540126 0.019152410 0.000000000
v 0.028400000 0.019228719 0.000000000
v 0.028263852 0.019311917 0.000000000
v 0.028132020 0.019401798 0.000000000
v 0.028004833 0.019498139 0.000000000
v 0.027882605 0.019600700 0.000000000
v 0.027765642 0.019709226 0.000000000
v 0.027654234 0.019823447 0.000000000
v 0.027548658 0.019943080 0.000000000
v 0.027449176 0.020067826 0.000000000
v 0.027356036 0.020197376 0.000000000
v -0.051099578 -0.096520259 0.005000000
v -0.051047355 -0.096573800 0.005000000
v -0.050992529 -0.096624672 0.005000000
v -0.051149067 -0.096464181 0.005000000
v -0.050935235 -0.096672747 0.005000000
v -0.051195699 -0.096405707 0.005000000
v -0.050875616 -0.096717907 0.005000000
v -0.051239358 -0.096344980 0.005000000
v -0.050813819 -0.096760039 0.005000000
v -0.051279936 -0.096282153 0.005000000
v -0.050750000 -0.096799038 0.005000000
v -0.051317332 -0.096217381 0.005000000
v -0.050684316 -0.096834808 0.005000000
v -0.051351453 -0.096150826 0.005000000
v -0.050616931 -0.096867259 0.005000000
v -0.051382214 -0.096082652 0.005000000
v -0.050548012 -0.096896311 0.005000000
v -0.051409539 -0.096013030 0.005000000
v -0.050477730 -0.096921891 0.005000000
v -0.051433359 -0.095942133 0.005000000
v -0.050406261 -0.096943936 0.005000000
v -0.051453616 -0.095870136 0.005000000
v -0.050333781 -0.096962392 0.005000000
v -0.051470259 -0.095797219 0.005000000
v -0.050260472 -0.096977212 0.005000000
v -0.051483246 -0.095723563 0.005000000
v -0.050186516 -0.096988359 0.005000000
v -0.051492546 -0.095649352 0.005000000
v -0.050112095 -0.096995806 0.005000000
v -0.051498135 -0.095574769 0.005000000
v -0.050037396 -0.096999534 0.005000000
v -0.051500000 -0.095500000 0.005000000
v -0.049962604 -0.096999534 0.005000000
v -0.051498135 -0.095425231 0.005000000
v -0.049887905 -0.096995806 0.005000000
v -0.051492546 -0.095350648 0.005000000
v -0.049813484 -0.096988359 0.005000000
v -0.051483246 -0.095276437 0.005000000
v -0.049739528 -0.096977212 0.005000000
v -0.051470259 -0.095202781 0.005000000
v -0.049666219 -0.096962392 0.005000000
v -0.051453616 -0.095129864 0.005000000
v -0.049593739 -0.096943936 0.005000000
v -0.051433359 -0.095057867 0.005000000
v -0.049522270 -0.096921891 0.005000000
v -0.051409539 -0.094986970 0.005000000
v -0.049451988 -0.096896311 0.005000000
v -0.051382214 -0.094917348 0.005000000
v -0.049383069 -0.096867259 0.005000000
v -0.051351453 -0.094849174 0.005000000
v -0.049315684 -0.096834808 0.005000000
v -0.051317332 -0.094782619 0.005000000
v -0.049250000 -0.096799038 0.005000000
v -0.051279936 -0.094717847 0.005000000
v -0.051239358 -0.094655020 0.005000000
v -0.051195699 -0.094594293 0.005000000
v -0.051149067 -0.094535819 0.005000000
v -0.051099578 -0.094479741 0.005000000
v -0.051047355 -0.094426200 0.005000000
v -0.050992529 -0.094375328 0.005000000
v -0.050935235 -0.094327253 0.005000000
v -0.050875616 -0.094282093 0.005000000
v -0.050813819 -0.094239961 0.005000000
v -0.050750000 -0.094200962 0.005000000
v -0.032672883 -0.106088276 0.005000000
v -0.032617179 -0.106145387 0.005000000
v -0.032558697 -0.106199650 0.005000000
v -0.032725671 -0.106028460 0.005000000
v -0.032497584 -0.106250930 0.005000000
v -0.032775412 -0.105966087 0.005000000
v -0.032433990 -0.106299101 0.005000000
v -0.032821982 -0.105901312 0.005000000
v -0.032368074 -0.106344041 0.005000000
v -0.032865265 -0.105834296 0.005000000
v -0.032300000 -0.106385641 0.005000000
v -0.032905155 -0.105765206 0.005000000
v -0.032229937 -0.106423795 0.005000000
v -0.032941550 -0.105694214 0.005000000
v -0.032158059 -0.106458409 0.005000000
v -0.032974362 -0.105621496 0.005000000
v -0.032084546 -0.106489398 0.005000000
v -0.033003508 -0.105547232 0.005000000
v -0.032009579 -0.106516684 0.005000000
v -0.033028916 -0.105471608 0.005000000
v -0.031933345 -0.106540199 0.005000000
v -0.033050524 -0.105394812 0.005000000
v -0.031856033 -0.106559885 0.005000000
v -0.033068276 -0.105317034 0.005000000
v -0.031777837 -0.106575692 0.005000000
v -0.033082129 -0.105238468 0.005000000
v -0.031698950 -0.106587583 0.005000000
v -0.033092049 -0.105159309 0.005000000
v -0.031619568 -0.106595526 0.005000000
v -0.033098011 -0.105079753 0.005000000
v -0.049186181 -0.096760039 0.005000000
v -0.031539889 -0.106599503 0.005000000
v -0.033100000 -0.105000000 0.005000000
v -0.049124384 -0.096717907 0.005000000
v -0.031460111 -0.106599503 0.005000000
v -0.033098011 -0.104920247 0.005000000
v -0.049064765 -0.096672747 0.005000000
v -0.031380432 -0.106595526 0.005000000
v -0.033092049 -0.104840691 0.005000000
v -0.049007471 -0.096624672 0.005000000
v -0.031301050 -0.106587583 0.005000000
v -0.033082129 -0.104761532 0.005000000
v -0.048952645 -0.096573800 0.005000000
v -0.031222163 -0.106575692 0.005000000
v -0.033068276 -0.104682966 0.005000000
v -0.048900422 -0.096520259 0.005000000
v -0.031143967 -0.106559885 0.005000000
v -0.033050524 -0.104605188 0.005000000
v -0.048850933 -0.096464181 0.005000000
v -0.031066655 -0.106540199 0.005000000
v -0.033028916 -0.104528392 0.005000000
v -0.048804301 -0.096405707 0.005000000
v -0.030990421 -0.106516684 0.005000000
v -0.033003508 -0.104452768 0.005000000
v -0.048760642 -0.096344980 0.005000000
v -0.030915454 -0.106489398 0.005000000
v -0.032974362 -0.104378504 0.005000000
v -0.048720064 -0.096282153 0.005000000
v -0.030841941 -0.106458409 0.005000000
v -0.032941550 -0.104305786 0.005000000
v -0.048682668 -0.096217381 0.005000000
v -0.030770063 -0.106423795 0.005000000
v -0.032905155 -0.104234794 0.005000000
v -0.048648547 -0.096150826 0.005000000
v -0.030700000 -0.106385641 0.005000000
v -0.032865265 -0.104165704 0.005000000
v -0.048617786 -0.096082652 0.005000000
v -0.030631926 -0.106344041 0.005000000
v -0.032821982 -0.104098688 0.005000000
v -0.048590461 -0.096013030 0.005000000
v -0.048566641 -0.095942133 0.005000000
v -0.030566010 -0.106299101 0.005000000
v -0.032775412 -0.104033913 0.005000000
v -0.048546384 -0.095870136 0.005000000
v -0.030502416 -0.106250930 0.005000000
v -0.032725671 -0.103971540 0.005000000
v -0.048529741 -0.095797219 0.005000000
v -0.030441303 -0.106199650 0.005000000
v -0.032672883 -0.103911724 0.005000000
v -0.048516754 -0.095723563 0.005000000
v -0.030382821 -0.106145387 0.005000000
v -0.032617179 -0.103854613 0.005000000
v -0.048507454 -0.095649352 0.005000000
v -0.030327117 -0.106088276 0.005000000
v -0.032558697 -0.103800350 0.005000000
v -0.048501865 -0.095574769 0.005000000
v -0.032497584 -0.103749070 0.005000000
v -0.048500000 -0.095500000 0.005000000
v -0.032433990 -0.103700899 0.005000000
v -0.048501865 -0.095425231 0.005000000
v -0.032368074 -0.103655959 0.005000000
v -0.048507454 -0.095350648 0.005000000
v -0.032300000 -0.103614359 0.005000000
v -0.048516754 -0.095276437 0.005000000
v -0.032229937 -0.103576205 0.005000000
v -0.048529741 -0.095202781 0.005000000
v -0.032158059 -0.103541591 0.005000000
v -0.048546384 -0.095129864 0.005000000
v -0.032084546 -0.103510602 0.005000000
v -0.048566641 -0.095057867 0.005000000
v -0.032009579 -0.103483316 0.005000000
v -0.048590461 -0.094986970 0.005000000
v -0.031933345 -0.103459801 0.005000000
v -0.048617786 -0.094917348 0.005000000
v -0.031856033 -0.103440115 0.005000000
v -0.048648547 -0.094849174 0.005000000
v -0.031777837 -0.103424308 0.005000000
v -0.048682668 -0.094782619 0.005000000
v -0.031698950 -0.103412417 0.005000000
v -0.048720064 -0.094717847 0.005000000
v -0.031619568 -0.103404474 0.005000000
v -0.048760642 -0.094655020 0.005000000
v -0.031539889 -0.103400497 0.005000000
v -0.048804301 -0.094594293 0.005000000
v -0.031460111 -0.103400497 0.005000000
v -0.048850933 -0.094535819 0.005000000
v -0.031380432 -0.103404474 0.005000000
v -0.048900422 -0.094479741 0.005000000
v -0.031301050 -0.103412417 0.005000000
v -0.048952645 -0.094426200 0.005000000
v -0.031222163 -0.103424308 0.005000000
v -0.049007471 -0.094375328 0.005000000
v -0.031143967 -0.103440115 0.005000000
v -0.051099578 -0.038520259 0.005000000
v -0.051047355 -0.038573800 0.005000000
v -0.050992529 -0.038624672 0.005000000
v -0.051149067 -0.038464181 0.005000000
v -0.050935235 -0.038672747 0.005000000
v -0.051195699 -0.038405707 0.005000000
v -0.050875616 -0.038717907 0.005000000
v -0.051239358 -0.038344980 0.005000000
v -0.050813819 -0.038760039 0.005000000
v -0.051279936 -0.038282153 0.005000000
v -0.050750000 -0.038799038 0.005000000
v -0.050684316 -0.094165192 0.005000000
v -0.051317332 -0.038217381 0.005000000
v -0.050684316 -0.038834808 0.005000000
v -0.051351453 -0.038150826 0.005000000
v -0.050616931 -0.038867259 0.005000000
v -0.050616931 -0.094132741 0.005000000
v -0.051382214 -0.038082652 0.005000000
v -0.050548012 -0.038896311 0.005000000
v -0.050548012 -0.094103689 0.005000000
v -0.050477730 -0.094078109 0.005000000
v -0.051409539 -0.038013030 0.005000000
v -0.050477730 -0.038921891 0.005000000
v -0.051433359 -0.037942133 0.005000000
v -0.050406261 -0.038943936 0.005000000
v -0.050406261 -0.094056064 0.005000000
v -0.051453616 -0.037870136 0.005000000
v -0.050333781 -0.038962392 0.005000000
v -0.050333781 -0.094037608 0.005000000
v -0.051470259 -0.037797219 0.005000000
v -0.050260472 -0.038977212 0.005000000
v -0.050260472 -0.094022788 0.005000000
v -0.050186516 -0.094011641 0.005000000
v -0.051483246 -0.037723563 0.005000000
v -0.050186516 -0.038988359 0.005000000
v -0.051492546 -0.037649352 0.005000000
v -0.050112095 -0.038995806 0.005000000
v -0.050112095 -0.094004194 0.005000000
v -0.051498135 -0.037574769 0.005000000
v -0.050037396 -0.038999534 0.005000000
v -0.050037396 -0.094000466 0.005000000
v -0.051500000 -0.037500000 0.005000000
v -0.049962604 -0.038999534 0.005000000
v -0.049962604 -0.094000466 0.005000000
v -0.049887905 -0.038995806 0.005000000
v -0.049887905 -0.094004194 0.005000000
v -0.049813484 -0.094011641 0.005000000
v -0.049813484 -0.038988359 0.005000000
v -0.049739528 -0.038977212 0.005000000
v -0.049739528 -0.094022788 0.005000000
v -0.049666219 -0.038962392 0.005000000
v -0.049666219 -0.094037608 0.005000000
v -0.049593739 -0.038943936 0.005000000
v -0.049593739 -0.094056064 0.005000000
v -0.049522270 -0.038921891 0.005000000
v -0.049522270 -0.094078109 0.005000000
v -0.049451988 -0.094103689 0.005000000
v -0.049451988 -0.038896311 0.005000000
v -0.049383069 -0.038867259 0.005000000
v -0.049383069 -0.094132741 0.005000000
v -0.049315684 -0.038834808 0.005000000
v -0.049315684 -0.094165192 0.005000000
v -0.049250000 -0.038799038 0.005000000
v -0.049250000 -0.094200962 0.005000000
v -0.049186181 -0.038760039 0.005000000
v -0.049186181 -0.094239961 0.005000000
v -0.049124384 -0.094282093 0.005000000
v -0.049124384 -0.038717907 0.005000000
v -0.049064765 -0.094327253 0.005000000
v -0.049064765 -0.038672747 0.005000000
v -0.049007471 -0.038624672 0.005000000
v -0.048952645 -0.038573800 0.005000000
v -0.031066655 -0.103459801 0.005000000
v -0.048900422 -0.038520259 0.005000000
v -0.030990421 -0.103483316 0.005000000
v -0.048850933 -0.038464181 0.005000000
v -0.030915454 -0.103510602 0.005000000
v -0.048804301 -0.038405707 0.005000000
v -0.030841941 -0.103541591 0.005000000
v -0.048760642 -0.038344980 0.005000000
v -0.030770063 -0.103576205 0.005000000
v -0.048720064 -0.038282153 0.005000000
v -0.030700000 -0.103614359 0.005000000
v -0.048682668 -0.038217381 0.005000000
v -0.030631926 -0.103655959 0.005000000
v -0.029901989 -0.104920247 0.005000000
v -0.029900000 -0.105000000 0.005000000
v -0.029907951 -0.104840691 0.005000000
v -0.029917871 -0.104761532 0.005000000
v -0.029931724 -0.104682966 0.005000000
v -0.029949476 -0.104605188 0.005000000
v -0.029971084 -0.104528392 0.005000000
v -0.030274329 -0.106028460 0.005000000
v -0.030224588 -0.105966087 0.005000000
v -0.030178018 -0.105901312 0.005000000
v -0.030134735 -0.105834296 0.005000000
v -0.030094845 -0.105765206 0.005000000
v -0.030058450 -0.105694214 0.005000000
v -0.030025638 -0.105621496 0.005000000
v -0.029996492 -0.105547232 0.005000000
v -0.029971084 -0.105471608 0.005000000
v -0.029949476 -0.105394812 0.005000000
v -0.029931724 -0.105317034 0.005000000
v -0.029917871 -0.105238468 0.005000000
v -0.029907951 -0.105159309 0.005000000
v -0.029901989 -0.105079753 0.005000000
v -0.044245592 -0.024289667 0.005000000
v -0.049887905 -0.036004194 0.005000000
v -0.049813484 -0.036011641 0.005000000
v -0.044332630 -0.024200432 0.005000000
v -0.049962604 -0.036000466 0.005000000
v -0.044154215 -0.024374453 0.005000000
v -0.049739528 -0.036022788 0.005000000
v -0.049666219 -0.036037608 0.005000000
v -0.044415111 -0.024106969 0.005000000
v -0.050037396 -0.036000466 0.005000000
v -0.044058725 -0.024454579 0.005000000
v -0.049593739 -0.036056064 0.005000000
v -0.044492831 -0.024009511 0.005000000
v -0.050112095 -0.036004194 0.005000000
v -0.043959359 -0.024529845 0.005000000
v -0.049522270 -0.036078109 0.005000000
v -0.044565597 -0.023908300 0.005000000
v -0.050186516 -0.036011641 0.005000000
v -0.043856366 -0.024600065 0.005000000
v -0.049451988 -0.036103689 0.005000000
v -0.044633227 -0.023803588 0.005000000
v -0.050260472 -0.036022788 0.005000000
v -0.043750000 -0.024665064 0.005000000
v -0.049383069 -0.036132741 0.005000000
v -0.044695554 -0.023695635 0.005000000
v -0.050333781 -0.036037608 0.005000000
v -0.043640527 -0.024724680 0.005000000
v -0.049315684 -0.036165192 0.005000000
v -0.044752422 -0.023584709 0.005000000
v -0.050406261 -0.036056064 0.005000000
v -0.043528218 -0.024778765 0.005000000
v -0.049250000 -0.036200962 0.005000000
v -0.044803691 -0.023471087 0.005000000
v -0.050548012 -0.036103689 0.005000000
v -0.050477730 -0.036078109 0.005000000
v -0.043413353 -0.024827184 0.005000000
v -0.049186181 -0.036239961 0.005000000
v -0.044849232 -0.023355050 0.005000000
v -0.050616931 -0.036132741 0.005000000
v -0.043296217 -0.024869818 0.005000000
v -0.049124384 -0.036282093 0.005000000
v -0.049064765 -0.036327253 0.005000000
v -0.044888932 -0.023236888 0.005000000
v -0.050684316 -0.036165192 0.005000000
v -0.043177101 -0.024906561 0.005000000
v -0.049007471 -0.036375328 0.005000000
v -0.044922693 -0.023116893 0.005000000
v -0.050750000 -0.036200962 0.005000000
v -0.043056302 -0.024937320 0.005000000
v -0.048952645 -0.036426200 0.005000000
v -0.044950431 -0.022995365 0.005000000
v -0.050813819 -0.036239961 0.005000000
v -0.042934120 -0.024962019 0.005000000
v -0.048900422 -0.036479741 0.005000000
v -0.044972077 -0.022872606 0.005000000
v -0.050875616 -0.036282093 0.005000000
v -0.042810859 -0.024980598 0.005000000
v -0.048850933 -0.036535819 0.005000000
v -0.044987577 -0.022748920 0.005000000
v -0.050935235 -0.036327253 0.005000000
v -0.042686825 -0.024993009 0.005000000
v -0.048804301 -0.036594293 0.005000000
v -0.044996892 -0.022624615 0.005000000
v -0.050992529 -0.036375328 0.005000000
v -0.042562327 -0.024999223 0.005000000
v -0.048760642 -0.036655020 0.005000000
v -0.045000000 -0.022500000 0.005000000
v -0.051047355 -0.036426200 0.005000000
v -0.051099578 -0.036479741 0.005000000
v -0.051149067 -0.036535819 0.005000000
v -0.051195699 -0.036594293 0.005000000
v -0.051239358 -0.036655020 0.005000000
v -0.051279936 -0.036717847 0.005000000
v -0.042437673 -0.024999223 0.005000000
v -0.048720064 -0.036717847 0.005000000
v -0.042313175 -0.024993009 0.005000000
v -0.048682668 -0.036782619 0.005000000
v -0.042189141 -0.024980598 0.005000000
v -0.048648547 -0.036849174 0.005000000
v -0.048617786 -0.036917348 0.005000000
v -0.042065880 -0.024962019 0.005000000
v -0.048590461 -0.036986970 0.005000000
v -0.041943698 -0.024937320 0.005000000
v -0.048566641 -0.037057867 0.005000000
v -0.041822899 -0.024906561 0.005000000
v -0.048546384 -0.037129864 0.005000000
v -0.041703783 -0.024869818 0.005000000
v -0.048529741 -0.037202781 0.005000000
v -0.041586647 -0.024827184 0.005000000
v -0.048516754 -0.037276437 0.005000000
v -0.041471782 -0.024778765 0.005000000
v -0.048507454 -0.037350648 0.005000000
v -0.041359473 -0.024724680 0.005000000
v -0.048501865 -0.037425231 0.005000000
v -0.041250000 -0.024665064 0.005000000
v -0.048500000 -0.037500000 0.005000000
v -0.041143634 -0.024600065 0.005000000
v -0.048501865 -0.037574769 0.005000000
v -0.041040641 -0.024529845 0.005000000
v -0.048507454 -0.037649352 0.005000000
v -0.040941275 -0.024454579 0.005000000
v -0.048516754 -0.037723563 0.005000000
v -0.040845785 -0.024374453 0.005000000
v -0.048529741 -0.037797219 0.005000000
v -0.040754408 -0.024289667 0.005000000
v -0.048546384 -0.037870136 0.005000000
v -0.040667370 -0.024200432 0.005000000
v -0.048566641 -0.037942133 0.005000000
v -0.040584889 -0.024106969 0.005000000
v -0.048590461 -0.038013030 0.005000000
v 0.040900422 -0.096520259 0.005000000
v 0.040952645 -0.096573800 0.005000000
v 0.041007471 -0.096624672 0.005000000
v 0.040850933 -0.096464181 0.005000000
v 0.041064765 -0.096672747 0.005000000
v 0.040804301 -0.096405707 0.005000000
v 0.041124384 -0.096717907 0.005000000
v 0.040760642 -0.096344980 0.005000000
v 0.041186181 -0.096760039 0.005000000
v 0.040720064 -0.096282153 0.005000000
v 0.041250000 -0.096799038 0.005000000
v 0.040682668 -0.096217381 0.005000000
v 0.041315684 -0.096834808 0.005000000
v 0.040648547 -0.096150826 0.005000000
v 0.041383069 -0.096867259 0.005000000
v 0.040617786 -0.096082652 0.005000000
v 0.041451988 -0.096896311 0.005000000
v 0.040590461 -0.096013030 0.005000000
v 0.041522270 -0.096921891 0.005000000
v 0.040566641 -0.095942133 0.005000000
v 0.041593739 -0.096943936 0.005000000
v 0.040546384 -0.095870136 0.005000000
v 0.041666219 -0.096962392 0.005000000
v 0.040529741 -0.095797219 0.005000000
v 0.041739528 -0.096977212 0.005000000
v 0.040516754 -0.095723563 0.005000000
v 0.041813484 -0.096988359 0.005000000
v 0.040507454 -0.095649352 0.005000000
v 0.041887905 -0.096995806 0.005000000
v 0.040501865 -0.095574769 0.005000000
v 0.041962604 -0.096999534 0.005000000
v 0.040500000 -0.095500000 0.005000000
v 0.042037396 -0.096999534 0.005000000
v 0.040501865 -0.095425231 0.005000000
v -0.029996492 -0.104452768 0.005000000
v 0.042112095 -0.096995806 0.005000000
v 0.040507454 -0.095350648 0.005000000
v -0.030025638 -0.104378504 0.005000000
v 0.042186516 -0.096988359 0.005000000
v 0.040516754 -0.095276437 0.005000000
v -0.030058450 -0.104305786 0.005000000
v 0.042260472 -0.096977212 0.005000000
v 0.040529741 -0.095202781 0.005000000
v -0.030094845 -0.104234794 0.005000000
v 0.042333781 -0.096962392 0.005000000
v 0.040546384 -0.095129864 0.005000000
v -0.030134735 -0.104165704 0.005000000
v 0.042406261 -0.096943936 0.005000000
v 0.040566641 -0.095057867 0.005000000
v -0.030178018 -0.104098688 0.005000000
v 0.042477730 -0.096921891 0.005000000
v 0.040590461 -0.094986970 0.005000000
v -0.030224588 -0.104033913 0.005000000
v 0.042548012 -0.096896311 0.005000000
v 0.040617786 -0.094917348 0.005000000
v -0.030274329 -0.103971540 0.005000000
v 0.042616931 -0.096867259 0.005000000
v 0.040648547 -0.094849174 0.005000000
v -0.030327117 -0.103911724 0.005000000
v 0.042684316 -0.096834808 0.005000000
v 0.040682668 -0.094782619 0.005000000
v -0.030382821 -0.103854613 0.005000000
v 0.042750000 -0.096799038 0.005000000
v 0.040720064 -0.094717847 0.005000000
v -0.030441303 -0.103800350 0.005000000
v 0.040760642 -0.094655020 0.005000000
v 0.060000000 -0.097500000 0.005000000
v 0.043279936 -0.096282153 0.005000000
v 0.043239358 -0.096344980 0.005000000
v 0.043317332 -0.096217381 0.005000000
v 0.043351453 -0.096150826 0.005000000
v 0.043382214 -0.096082652 0.005000000
v 0.043409539 -0.096013030 0.005000000
v 0.043433359 -0.095942133 0.005000000
v 0.043453616 -0.095870136 0.005000000
v 0.043470259 -0.095797219 0.005000000
v 0.043483246 -0.095723563 0.005000000
v 0.043492546 -0.095649352 0.005000000
v 0.043498135 -0.095574769 0.005000000
v 0.043500000 -0.095500000 0.005000000
v 0.043498135 -0.095425231 0.005000000
v 0.043492546 -0.095350648 0.005000000
v 0.043483246 -0.095276437 0.005000000
v 0.042813819 -0.096760039 0.005000000
v 0.042875616 -0.096717907 0.005000000
v 0.042935235 -0.096672747 0.005000000
v 0.042992529 -0.096624672 0.005000000
v 0.043047355 -0.096573800 0.005000000
v 0.043099578 -0.096520259 0.005000000
v 0.043149067 -0.096464181 0.005000000
v 0.043195699 -0.096405707 0.005000000
v 0.049882821 -0.085145387 0.005000000
v 0.042750000 -0.094200962 0.005000000
v 0.042813819 -0.094239961 0.005000000
v 0.049827117 -0.085088276 0.005000000
v 0.042684316 -0.094165192 0.005000000
v 0.049941303 -0.085199650 0.005000000
v 0.042875616 -0.094282093 0.005000000
v 0.049774329 -0.085028460 0.005000000
v 0.042616931 -0.094132741 0.005000000
v 0.050002416 -0.085250930 0.005000000
v 0.042935235 -0.094327253 0.005000000
v 0.049724588 -0.084966087 0.005000000
v 0.042548012 -0.094103689 0.005000000
v 0.050066010 -0.085299101 0.005000000
v 0.042992529 -0.094375328 0.005000000
v 0.049678018 -0.084901312 0.005000000
v 0.042477730 -0.094078109 0.005000000
v 0.050131926 -0.085344041 0.005000000
v 0.043047355 -0.094426200 0.005000000
v 0.049634735 -0.084834296 0.005000000
v 0.042406261 -0.094056064 0.005000000
v 0.050200000 -0.085385641 0.005000000
v 0.043099578 -0.094479741 0.005000000
v 0.049594845 -0.084765206 0.005000000
v 0.042333781 -0.094037608 0.005000000
v 0.050270063 -0.085423795 0.005000000
v 0.043149067 -0.094535819 0.005000000
v 0.049558450 -0.084694214 0.005000000
v 0.042260472 -0.094022788 0.005000000
v 0.050341941 -0.085458409 0.005000000
v 0.043195699 -0.094594293 0.005000000
v 0.049525638 -0.084621496 0.005000000
v 0.042186516 -0.094011641 0.005000000
v 0.050415454 -0.085489398 0.005000000
v 0.043239358 -0.094655020 0.005000000
v 0.049496492 -0.084547232 0.005000000
v 0.042112095 -0.094004194 0.005000000
v 0.050490421 -0.085516684 0.005000000
v 0.043279936 -0.094717847 0.005000000
v 0.049471084 -0.084471608 0.005000000
v 0.042037396 -0.094000466 0.005000000
v 0.050566655 -0.085540199 0.005000000
v 0.043317332 -0.094782619 0.005000000
v 0.049449476 -0.084394812 0.005000000
v 0.041962604 -0.094000466 0.005000000
v 0.050643967 -0.085559885 0.005000000
v 0.043351453 -0.094849174 0.005000000
v 0.049431724 -0.084317034 0.005000000
v 0.041887905 -0.094004194 0.005000000
v 0.050722163 -0.085575692 0.005000000
v 0.043382214 -0.094917348 0.005000000
v 0.049417871 -0.084238468 0.005000000
v 0.041813484 -0.094011641 0.005000000
v 0.050801050 -0.085587583 0.005000000
v 0.043409539 -0.094986970 0.005000000
v 0.049407951 -0.084159309 0.005000000
v 0.041739528 -0.094022788 0.005000000
v 0.050880432 -0.085595526 0.005000000
v 0.043433359 -0.095057867 0.005000000
v 0.049401989 -0.084079753 0.005000000
v 0.041666219 -0.094037608 0.005000000
v 0.050960111 -0.085599503 0.005000000
v 0.043453616 -0.095129864 0.005000000
v 0.049400000 -0.084000000 0.005000000
v 0.041593739 -0.094056064 0.005000000
v 0.051039889 -0.085599503 0.005000000
v 0.043470259 -0.095202781 0.005000000
v 0.049401989 -0.083920247 0.005000000
v 0.041522270 -0.094078109 0.005000000
v 0.051119568 -0.085595526 0.005000000
v 0.049407951 -0.083840691 0.005000000
v 0.041451988 -0.094103689 0.005000000
v 0.051198950 -0.085587583 0.005000000
v 0.049417871 -0.083761532 0.005000000
v 0.041383069 -0.094132741 0.005000000
v 0.051277837 -0.085575692 0.005000000
v 0.049431724 -0.083682966 0.005000000
v 0.041315684 -0.094165192 0.005000000
v 0.051356033 -0.085559885 0.005000000
v 0.049449476 -0.083605188 0.005000000
v 0.041250000 -0.094200962 0.005000000
v 0.051433345 -0.085540199 0.005000000
v 0.049471084 -0.083528392 0.005000000
v 0.041186181 -0.094239961 0.005000000
v 0.051509579 -0.085516684 0.005000000
v 0.049496492 -0.083452768 0.005000000
v 0.041124384 -0.094282093 0.005000000
v 0.051584546 -0.085489398 0.005000000
v 0.049525638 -0.083378504 0.005000000
v 0.041064765 -0.094327253 0.005000000
v 0.051658059 -0.085458409 0.005000000
v 0.049558450 -0.083305786 0.005000000
v 0.041007471 -0.094375328 0.005000000
v 0.051729937 -0.085423795 0.005000000
v 0.051800000 -0.085385641 0.005000000
v 0.051868074 -0.085344041 0.005000000
v 0.051933990 -0.085299101 0.005000000
v 0.051997584 -0.085250930 0.005000000
v 0.052058697 -0.085199650 0.005000000
v 0.052117179 -0.085145387 0.005000000
v 0.052172883 -0.085088276 0.005000000
v 0.052225671 -0.085028460 0.005000000
v 0.052275412 -0.084966087 0.005000000
v 0.052321982 -0.084901312 0.005000000
v -0.045000000 0.012500000 0.005000000
v -0.051317332 -0.036782619 0.005000000
v -0.051351453 -0.036849174 0.005000000
v -0.051382214 -0.036917348 0.005000000
v -0.051409539 -0.036986970 0.005000000
v 0.052365265 -0.084834296 0.005000000
v 0.052405155 -0.084765206 0.005000000
v 0.052441550 -0.084694214 0.005000000
v 0.052474362 -0.084621496 0.005000000
v 0.052503508 -0.084547232 0.005000000
v 0.052528916 -0.084471608 0.005000000
v 0.052550524 -0.084394812 0.005000000
v 0.052568276 -0.084317034 0.005000000
v 0.052582129 -0.084238468 0.005000000
v 0.052592049 -0.084159309 0.005000000
v 0.052598011 -0.084079753 0.005000000
v 0.052600000 -0.084000000 0.005000000
v 0.052598011 -0.083920247 0.005000000
v 0.052592049 -0.083840691 0.005000000
v 0.052582129 -0.083761532 0.005000000
v 0.052568276 -0.083682966 0.005000000
v 0.052550524 -0.083605188 0.005000000
v 0.052528916 -0.083528392 0.005000000
v 0.052503508 -0.083452768 0.005000000
v 0.052474362 -0.083378504 0.005000000
v -0.031700432 0.003167370 0.005000000
v -0.031789667 0.003254408 0.005000000
v -0.040000000 -0.022500000 0.005000000
v -0.031606969 0.003084889 0.005000000
v -0.031509511 0.003007169 0.005000000
v -0.031408300 0.002934403 0.005000000
v -0.031303588 0.002866773 0.005000000
v -0.031195635 0.002804446 0.005000000
v -0.031084709 0.002747578 0.005000000
v -0.030971087 0.002696309 0.005000000
v -0.030855050 0.002650768 0.005000000
v -0.030736888 0.002611068 0.005000000
v -0.030616893 0.002577307 0.005000000
v -0.030495365 0.002549569 0.005000000
v -0.030372606 0.002527923 0.005000000
v -0.030248920 0.002512423 0.005000000
v -0.030124615 0.002503108 0.005000000
v -0.040000000 0.012500000 0.005000000
v -0.032493009 0.004813175 0.005000000
v -0.032499223 0.004937673 0.005000000
v -0.032480598 0.004689141 0.005000000
v -0.032462019 0.004565880 0.005000000
v -0.030000000 0.002500000 0.005000000
v -0.040003108 -0.022624615 0.005000000
v -0.032499223 0.005062327 0.005000000
v -0.032493009 0.005186825 0.005000000
v -0.032480598 0.005310859 0.005000000
v -0.032462019 0.005434120 0.005000000
v -0.032437320 0.005556302 0.005000000
v -0.032406561 0.005677101 0.005000000
v -0.032369818 0.005796217 0.005000000
v -0.032327184 0.005913353 0.005000000
v -0.032278765 0.006028218 0.005000000
v -0.032224680 0.006140527 0.005000000
v -0.032165064 0.006250000 0.005000000
v -0.032100065 0.006356366 0.005000000
v -0.032029845 0.006459359 0.005000000
v -0.031954579 0.006558725 0.005000000
v -0.031874453 0.006654215 0.005000000
v -0.031789667 0.006745592 0.005000000
v -0.031700432 0.006832630 0.005000000
v -0.031606969 0.006915111 0.005000000
v -0.031509511 0.006992831 0.005000000
v -0.031408300 0.007065597 0.005000000
v -0.031303588 0.007133227 0.005000000
v -0.031195635 0.007195554 0.005000000
v -0.031084709 0.007252422 0.005000000
v -0.040003108 0.012624615 0.005000000
v -0.030971087 0.007303691 0.005000000
v -0.032234358 0.019709226 0.005000000
v -0.040304446 0.013695635 0.005000000
v -0.040247578 0.013584709 0.005000000
v -0.032345766 0.019823447 0.005000000
v -0.040366773 0.013803588 0.005000000
v -0.032117395 0.019600700 0.005000000
v -0.040196309 0.013471087 0.005000000
v -0.032451342 0.019943080 0.005000000
v -0.040507169 0.014009511 0.005000000
v -0.040434403 0.013908300 0.005000000
v -0.031995167 0.019498139 0.005000000
v -0.040150768 0.013355050 0.005000000
v -0.032550824 0.020067826 0.005000000
v -0.040584889 0.014106969 0.005000000
v -0.031867980 0.019401798 0.005000000
v -0.040111068 0.013236888 0.005000000
v -0.032643964 0.020197376 0.005000000
v -0.040667370 0.014200432 0.005000000
v -0.031736148 0.019311917 0.005000000
v -0.040077307 0.013116893 0.005000000
v -0.032730531 0.020331407 0.005000000
v -0.040754408 0.014289667 0.005000000
v -0.031600000 0.019228719 0.005000000
v -0.040049569 0.012995365 0.005000000
v -0.032810309 0.020469587 0.005000000
v -0.040845785 0.014374453 0.005000000
v -0.031459874 0.019152410 0.005000000
v -0.040027923 0.012872606 0.005000000
v -0.032883100 0.020611572 0.005000000
v -0.040941275 0.014454579 0.005000000
v -0.031316119 0.019083181 0.005000000
v -0.040012423 0.012748920 0.005000000
v -0.032948724 0.020757009 0.005000000
v -0.041040641 0.014529845 0.005000000
v -0.031169091 0.019021204 0.005000000
v -0.033007016 0.020905536 0.005000000
v -0.041143634 0.014600065 0.005000000
v -0.031019157 0.018966632 0.005000000
v -0.030855050 0.007349232 0.005000000
v -0.033057833 0.021056783 0.005000000
v -0.041250000 0.014665064 0.005000000
v -0.030866689 0.018919602 0.005000000
v -0.030736888 0.007388932 0.005000000
v -0.030616893 0.007422693 0.005000000
v -0.033101047 0.021210376 0.005000000
v -0.041359473 0.014724680 0.005000000
v -0.030712067 0.018880231 0.005000000
v -0.030495365 0.007450431 0.005000000
v -0.033136552 0.021365932 0.005000000
v -0.041471782 0.014778765 0.005000000
v -0.030555674 0.018848615 0.005000000
v -0.030372606 0.007472077 0.005000000
v -0.033164259 0.021523065 0.005000000
v -0.041586647 0.014827184 0.005000000
v -0.030397900 0.018824835 0.005000000
v -0.030248920 0.007487577 0.005000000
v -0.033184098 0.021681383 0.005000000
v -0.041822899 0.014906561 0.005000000
v -0.041703783 0.014869818 0.005000000
v -0.030239136 0.018808948 0.005000000
v -0.030124615 0.007496892 0.005000000
v -0.033196022 0.021840493 0.005000000
v -0.041943698 0.014937320 0.005000000
v -0.030079778 0.018800995 0.005000000
v -0.030000000 0.007500000 0.005000000
v -0.033200000 0.022000000 0.005000000
v -0.042065880 0.014962019 0.005000000
v -0.029920222 0.018800995 0.005000000
v -0.033196022 0.022159507 0.005000000
v -0.042189141 0.014980598 0.005000000
v -0.029760864 0.018808948 0.005000000
v -0.033184098 0.022318617 0.005000000
v -0.042313175 0.014993009 0.005000000
v -0.029602100 0.018824835 0.005000000
v -0.033164259 0.022476935 0.005000000
v -0.042437673 0.014999223 0.005000000
v -0.029444326 0.018848615 0.005000000
v -0.033136552 0.022634068 0.005000000
v -0.042562327 0.014999223 0.005000000
v -0.029287933 0.018880231 0.005000000
v -0.033101047 0.022789624 0.005000000
v -0.042686825 0.014993009 0.005000000
v -0.029133311 0.018919602 0.005000000
v -0.033057833 0.022943217 0.005000000
v -0.042810859 0.014980598 0.005000000
v -0.028980843 0.018966632 0.005000000
v -0.033007016 0.023094464 0.005000000
v -0.042934120 0.014962019 0.005000000
v -0.028830909 0.019021204 0.005000000
v -0.032948724 0.023242991 0.005000000
v -0.043056302 0.014937320 0.005000000
v -0.028683881 0.019083181 0.005000000
v -0.032883100 0.023388428 0.005000000
v -0.043177101 0.014906561 0.005000000
v -0.028540126 0.019152410 0.005000000
v -0.028400000 0.019228719 0.005000000
v -0.028263852 0.019311917 0.005000000
v -0.028132020 0.019401798 0.005000000
v -0.028004833 0.019498139 0.005000000
v -0.027882605 0.019600700 0.005000000
v -0.027765642 0.019709226 0.005000000
v -0.027654234 0.019823447 0.005000000
v -0.027548658 0.019943080 0.005000000
v -0.027449176 0.020067826 0.005000000
v -0.027356036 0.020197376 0.005000000
v -0.027269469 0.020331407 0.005000000
v -0.027189691 0.020469587 0.005000000
v -0.027116900 0.020611572 0.005000000
v -0.051433359 -0.037057867 0.005000000
v -0.051453616 -0.037129864 0.005000000
v -0.051470259 -0.037202781 0.005000000
v -0.051483246 -0.037276437 0.005000000
v -0.051492546 -0.037350648 0.005000000
v -0.044996892 0.012624615 0.005000000
v -0.044987577 0.012748920 0.005000000
v -0.044972077 0.012872606 0.005000000
v -0.044950431 0.012995365 0.005000000
v -0.044922693 0.013116893 0.005000000
v -0.044888932 0.013236888 0.005000000
v -0.044849232 0.013355050 0.005000000
v -0.044803691 0.013471087 0.005000000
v -0.044752422 0.013584709 0.005000000
v -0.044695554 0.013695635 0.005000000
v -0.044633227 0.013803588 0.005000000
v -0.044565597 0.013908300 0.005000000
v -0.044492831 0.014009511 0.005000000
v -0.044415111 0.014106969 0.005000000
v -0.044332630 0.014200432 0.005000000
v -0.044245592 0.014289667 0.005000000
v -0.044154215 0.014374453 0.005000000
v -0.044058725 0.014454579 0.005000000
v -0.043959359 0.014529845 0.005000000
v 0.040900422 -0.038520259 0.005000000
v 0.040900422 -0.094479741 0.005000000
v 0.040952645 -0.094426200 0.005000000
v 0.040952645 -0.038573800 0.005000000
v 0.041007471 -0.038624672 0.005000000
v 0.049594845 -0.083234794 0.005000000
v 0.040850933 -0.038464181 0.005000000
v 0.040850933 -0.094535819 0.005000000
v 0.041064765 -0.038672747 0.005000000
v 0.049634735 -0.083165704 0.005000000
v 0.040804301 -0.038405707 0.005000000
v 0.040804301 -0.094594293 0.005000000
v 0.041124384 -0.038717907 0.005000000
v 0.049678018 -0.083098688 0.005000000
v 0.040760642 -0.038344980 0.005000000
v -0.030502416 -0.103749070 0.005000000
v 0.041186181 -0.038760039 0.005000000
v 0.049724588 -0.083033913 0.005000000
v 0.040720064 -0.038282153 0.005000000
v -0.030566010 -0.103700899 0.005000000
v 0.041250000 -0.038799038 0.005000000
v 0.049774329 -0.082971540 0.005000000
v 0.040682668 -0.038217381 0.005000000
v -0.048648547 -0.038150826 0.005000000
v 0.041315684 -0.038834808 0.005000000
v 0.049827117 -0.082911724 0.005000000
v 0.040648547 -0.038150826 0.005000000
v -0.048617786 -0.038082652 0.005000000
v 0.041383069 -0.038867259 0.005000000
v 0.049882821 -0.082854613 0.005000000
v 0.040617786 -0.038082652 0.005000000
v 0.041451988 -0.038896311 0.005000000
v 0.049941303 -0.082800350 0.005000000
v 0.040590461 -0.038013030 0.005000000
v -0.040507169 -0.024009511 0.005000000
v 0.041522270 -0.038921891 0.005000000
v 0.050002416 -0.082749070 0.005000000
v 0.040566641 -0.037942133 0.005000000
v -0.040434403 -0.023908300 0.005000000
v 0.041593739 -0.038943936 0.005000000
v 0.050066010 -0.082700899 0.005000000
v 0.040546384 -0.037870136 0.005000000
v -0.040366773 -0.023803588 0.005000000
v 0.041666219 -0.038962392 0.005000000
v 0.050131926 -0.082655959 0.005000000
v 0.040529741 -0.037797219 0.005000000
v -0.040304446 -0.023695635 0.005000000
v 0.041739528 -0.038977212 0.005000000
v 0.050200000 -0.082614359 0.005000000
v 0.040516754 -0.037723563 0.005000000
v -0.040247578 -0.023584709 0.005000000
v 0.041813484 -0.038988359 0.005000000
v 0.050270063 -0.082576205 0.005000000
v 0.040507454 -0.037649352 0.005000000
v -0.040196309 -0.023471087 0.005000000
v 0.041887905 -0.038995806 0.005000000
v 0.050341941 -0.082541591 0.005000000
v 0.040501865 -0.037574769 0.005000000
v -0.040150768 -0.023355050 0.005000000
v 0.041962604 -0.038999534 0.005000000
v 0.050415454 -0.082510602 0.005000000
v 0.040500000 -0.037500000 0.005000000
v -0.040111068 -0.023236888 0.005000000
v 0.042037396 -0.038999534 0.005000000
v 0.050490421 -0.082483316 0.005000000
v 0.040501865 -0.037425231 0.005000000
v -0.040077307 -0.023116893 0.005000000
v 0.042112095 -0.038995806 0.005000000
v 0.050566655 -0.082459801 0.005000000
v 0.040507454 -0.037350648 0.005000000
v 0.042186516 -0.038988359 0.005000000
v 0.050643967 -0.082440115 0.005000000
v 0.040516754 -0.037276437 0.005000000
v -0.040049569 -0.022995365 0.005000000
v 0.042260472 -0.038977212 0.005000000
v 0.050722163 -0.082424308 0.005000000
v 0.040529741 -0.037202781 0.005000000
v -0.040027923 -0.022872606 0.005000000
v 0.042333781 -0.038962392 0.005000000
v 0.050801050 -0.082412417 0.005000000
v 0.040546384 -0.037129864 0.005000000
v -0.040012423 -0.022748920 0.005000000
v 0.042406261 -0.038943936 0.005000000
v 0.050880432 -0.082404474 0.005000000
v -0.032345766 0.035823447 0.005000000
v -0.032345766 0.024176553 0.005000000
v -0.032234358 0.024290774 0.005000000
v -0.032234358 0.035709226 0.005000000
v -0.032117395 0.035600700 0.005000000
v -0.032117395 0.024399300 0.005000000
v -0.032451342 0.035943080 0.005000000
v -0.032451342 0.024056920 0.005000000
v -0.031995167 0.035498139 0.005000000
v -0.031995167 0.024501861 0.005000000
v -0.031867980 0.024598202 0.005000000
v 0.040566641 -0.037057867 0.005000000
v -0.032550824 0.036067826 0.005000000
v -0.032550824 0.023932174 0.005000000
v -0.031867980 0.035401798 0.005000000
v -0.031736148 0.024688083 0.005000000
v -0.032643964 0.036197376 0.005000000
v -0.032643964 0.023802624 0.005000000
v 0.042477730 -0.038921891 0.005000000
v 0.050960111 -0.082400497 0.005000000
v -0.031736148 0.035311917 0.005000000
v -0.032730531 0.036331407 0.005000000
v -0.032730531 0.023668593 0.005000000
v -0.032810309 0.023530413 0.005000000
v 0.040590461 -0.036986970 0.005000000
v -0.031600000 0.035228719 0.005000000
v -0.031600000 0.024771281 0.005000000
v -0.031459874 0.024847590 0.005000000
v 0.042548012 -0.038896311 0.005000000
v 0.051039889 -0.082400497 0.005000000
v -0.032810309 0.036469587 0.005000000
v -0.031459874 0.035152410 0.005000000
v 0.040617786 -0.036917348 0.005000000
v -0.032883100 0.036611572 0.005000000
v 0.042616931 -0.038867259 0.005000000
v 0.051119568 -0.082404474 0.005000000
v -0.031316119 0.035083181 0.005000000
v -0.031316119 0.024916819 0.005000000
v -0.031169091 0.024978796 0.005000000
v 0.040648547 -0.036849174 0.005000000
v -0.032948724 0.036757009 0.005000000
v -0.043296217 0.014869818 0.005000000
v 0.042684316 -0.038834808 0.005000000
v 0.051198950 -0.082412417 0.005000000
v -0.031169091 0.035021204 0.005000000
v -0.031019157 0.025033368 0.005000000
v -0.033007016 0.036905536 0.005000000
v -0.043413353 0.014827184 0.005000000
v 0.040682668 -0.036782619 0.005000000
v -0.031019157 0.034966632 0.005000000
v 0.042750000 -0.038799038 0.005000000
v 0.051277837 -0.082424308 0.005000000
v -0.033057833 0.037056783 0.005000000
v -0.043528218 0.014778765 0.005000000
v -0.030866689 0.034919602 0.005000000
v -0.030866689 0.025080398 0.005000000
v -0.030712067 0.025119769 0.005000000
v 0.042813819 -0.038760039 0.005000000
v 0.051356033 -0.082440115 0.005000000
v -0.033101047 0.037210376 0.005000000
v -0.043640527 0.014724680 0.005000000
v 0.042875616 -0.038717907 0.005000000
v 0.051433345 -0.082459801 0.005000000
v -0.030712067 0.034880231 0.005000000
v -0.033136552 0.037365932 0.005000000
v -0.043750000 0.014665064 0.005000000
v 0.042935235 -0.038672747 0.005000000
v 0.051509579 -0.082483316 0.005000000
v -0.030555674 0.034848615 0.005000000
v -0.030555674 0.025151385 0.005000000
v -0.030397900 0.025175165 0.005000000
v -0.033164259 0.037523065 0.005000000
v -0.043856366 0.014600065 0.005000000
v 0.042992529 -0.038624672 0.005000000
v 0.051584546 -0.082510602 0.005000000
v -0.030397900 0.034824835 0.005000000
v 0.043047355 -0.038573800 0.005000000
v 0.051658059 -0.082541591 0.005000000
v -0.033184098 0.037681383 0.005000000
v -0.030239136 0.034808948 0.005000000
v -0.030239136 0.025191052 0.005000000
v 0.043099578 -0.038520259 0.005000000
v 0.051729937 -0.082576205 0.005000000
v -0.033196022 0.037840493 0.005000000
v 0.043149067 -0.038464181 0.005000000
v 0.051800000 -0.082614359 0.005000000
v -0.030079778 0.034800995 0.005000000
v -0.030079778 0.025199005 0.005000000
v 0.043195699 -0.038405707 0.005000000
v 0.051868074 -0.082655959 0.005000000
v -0.033200000 0.038000000 0.005000000
v -0.029920222 0.034800995 0.005000000
v -0.029920222 0.025199005 0.005000000
v 0.043239358 -0.038344980 0.005000000
v 0.051933990 -0.082700899 0.005000000
v -0.033196022 0.038159507 0.005000000
v 0.043279936 -0.038282153 0.005000000
v 0.051997584 -0.082749070 0.005000000
v -0.029760864 0.034808948 0.005000000
v -0.029760864 0.025191052 0.005000000
v 0.043317332 -0.038217381 0.005000000
v 0.052058697 -0.082800350 0.005000000
v -0.033184098 0.038318617 0.005000000
v 0.043351453 -0.038150826 0.005000000
v 0.052117179 -0.082854613 0.005000000
v -0.029602100 0.034824835 0.005000000
v -0.029602100 0.025175165 0.005000000
v 0.043382214 -0.038082652 0.005000000
v 0.052172883 -0.082911724 0.005000000
v -0.033164259 0.038476935 0.005000000
v 0.043409539 -0.038013030 0.005000000
v 0.052225671 -0.082971540 0.005000000
v -0.029444326 0.034848615 0.005000000
v -0.029444326 0.025151385 0.005000000
v -0.029287933 0.025119769 0.005000000
v 0.043433359 -0.037942133 0.005000000
v 0.052275412 -0.083033913 0.005000000
v -0.033136552 0.038634068 0.005000000
v 0.043453616 -0.037870136 0.005000000
v 0.052321982 -0.083098688 0.005000000
v -0.029287933 0.034880231 0.005000000
v 0.043470259 -0.037797219 0.005000000
v 0.052365265 -0.083165704 0.005000000
v -0.033101047 0.038789624 0.005000000
v 0.043483246 -0.037723563 0.005000000
v 0.052405155 -0.083234794 0.005000000
v -0.029133311 0.034919602 0.005000000
v -0.029133311 0.025080398 0.005000000
v 0.043492546 -0.037649352 0.005000000
v 0.052441550 -0.083305786 0.005000000
v -0.033057833 0.038943217 0.005000000
v 0.043498135 -0.037574769 0.005000000
v -0.028980843 0.034966632 0.005000000
v -0.028980843 0.025033368 0.005000000
v -0.033007016 0.039094464 0.005000000
v -0.028830909 0.035021204 0.005000000
v -0.028830909 0.024978796 0.005000000
v -0.028683881 0.035083181 0.005000000
v -0.028683881 0.024916819 0.005000000
v -0.028540126 0.024847590 0.005000000
v -0.028540126 0.035152410 0.005000000
v -0.028400000 0.035228719 0.005000000
v -0.028400000 0.024771281 0.005000000
v -0.028263852 0.024688083 0.005000000
v -0.028263852 0.035311917 0.005000000
v -0.028132020 0.024598202 0.005000000
v -0.028132020 0.035401798 0.005000000
v -0.028004833 0.035498139 0.005000000
v -0.028004833 0.024501861 0.005000000
v -0.027882605 0.035600700 0.005000000
v -0.027882605 0.024399300 0.005000000
v -0.027765642 0.035709226 0.005000000
v -0.027765642 0.024290774 0.005000000
v -0.027654234 0.024176553 0.005000000
v -0.027654234 0.035823447 0.005000000
v -0.027548658 0.035943080 0.005000000
v -0.027548658 0.024056920 0.005000000
v -0.027449176 0.036067826 0.005000000
v -0.027449176 0.023932174 0.005000000
v -0.027356036 0.036197376 0.005000000
v -0.027356036 0.023802624 0.005000000
v -0.027269469 0.036331407 0.005000000
v -0.027269469 0.023668593 0.005000000
v -0.027189691 0.036469587 0.005000000
v -0.027189691 0.023530413 0.005000000
v -0.027116900 0.036611572 0.005000000
v -0.027116900 0.023388428 0.005000000
v -0.027051276 0.023242991 0.005000000
v -0.027051276 0.036757009 0.005000000
v -0.026992984 0.036905536 0.005000000
v -0.026992984 0.023094464 0.005000000
v -0.026942167 0.022943217 0.005000000
v -0.026942167 0.037056783 0.005000000
v -0.026898953 0.022789624 0.005000000
v -0.026898953 0.037210376 0.005000000
v -0.035117179 0.055354613 0.005000000
v -0.032810309 0.039530413 0.005000000
v -0.032730531 0.039668593 0.005000000
v -0.035172883 0.055411724 0.005000000
v -0.032883100 0.039388428 0.005000000
v -0.035058697 0.055300350 0.005000000
v -0.032643964 0.039802624 0.005000000
v -0.035225671 0.055471540 0.005000000
v -0.032948724 0.039242991 0.005000000
v -0.034997584 0.055249070 0.005000000
v -0.035275412 0.055533913 0.005000000
v -0.034933990 0.055200899 0.005000000
v -0.032550824 0.039932174 0.005000000
v -0.035321982 0.055598688 0.005000000
v -0.034868074 0.055155959 0.005000000
v -0.032451342 0.040056920 0.005000000
v -0.035365265 0.055665704 0.005000000
v -0.034800000 0.055114359 0.005000000
v -0.032345766 0.040176553 0.005000000
v -0.035405155 0.055734794 0.005000000
v -0.034729937 0.055076205 0.005000000
v -0.032234358 0.040290774 0.005000000
v -0.035441550 0.055805786 0.005000000
v -0.034658059 0.055041591 0.005000000
v -0.032117395 0.040399300 0.005000000
v -0.035474362 0.055878504 0.005000000
v -0.034584546 0.055010602 0.005000000
v -0.031995167 0.040501861 0.005000000
v -0.035503508 0.055952768 0.005000000
v -0.034509579 0.054983316 0.005000000
v -0.031867980 0.040598202 0.005000000
v -0.035528916 0.056028392 0.005000000
v -0.034433345 0.054959801 0.005000000
v -0.035550524 0.056105188 0.005000000
v -0.034356033 0.054940115 0.005000000
v -0.031736148 0.040688083 0.005000000
v -0.035568276 0.056182966 0.005000000
v -0.034277837 0.054924308 0.005000000
v -0.031600000 0.040771281 0.005000000
v -0.035582129 0.056261532 0.005000000
v -0.034198950 0.054912417 0.005000000
v -0.031459874 0.040847590 0.005000000
v -0.035592049 0.056340691 0.005000000
v -0.034119568 0.054904474 0.005000000
v -0.031316119 0.040916819 0.005000000
v -0.035598011 0.056420247 0.005000000
v -0.034039889 0.054900497 0.005000000
v -0.031169091 0.040978796 0.005000000
v -0.035600000 0.056500000 0.005000000
v -0.033960111 0.054900497 0.005000000
v -0.035598011 0.056579753 0.005000000
v -0.033880432 0.054904474 0.005000000
v -0.031019157 0.041033368 0.005000000
v -0.035592049 0.056659309 0.005000000
v -0.033801050 0.054912417 0.005000000
v -0.030866689 0.041080398 0.005000000
v -0.035582129 0.056738468 0.005000000
v -0.033722163 0.054924308 0.005000000
v -0.030712067 0.041119769 0.005000000
v -0.035568276 0.056817034 0.005000000
v -0.033643967 0.054940115 0.005000000
v -0.030555674 0.041151385 0.005000000
v -0.035550524 0.056894812 0.005000000
v -0.033566655 0.054959801 0.005000000
v -0.030397900 0.041175165 0.005000000
v -0.035528916 0.056971608 0.005000000
v -0.033490421 0.054983316 0.005000000
v -0.030239136 0.041191052 0.005000000
v -0.035503508 0.057047232 0.005000000
v -0.033415454 0.055010602 0.005000000
v -0.035474362 0.057121496 0.005000000
v -0.033341941 0.055041591 0.005000000
v -0.030079778 0.041199005 0.005000000
v -0.035441550 0.057194214 0.005000000
v -0.033270063 0.055076205 0.005000000
v -0.029920222 0.041199005 0.005000000
v -0.035405155 0.057265206 0.005000000
v -0.033200000 0.055114359 0.005000000
v -0.029760864 0.041191052 0.005000000
v -0.035365265 0.057334296 0.005000000
v -0.033131926 0.055155959 0.005000000
v -0.029602100 0.041175165 0.005000000
v -0.035321982 0.057401312 0.005000000
v -0.033066010 0.055200899 0.005000000
v -0.029444326 0.041151385 0.005000000
v -0.035275412 0.057466087 0.005000000
v -0.033002416 0.055249070 0.005000000
v -0.035225671 0.057528460 0.005000000
v -0.032941303 0.055300350 0.005000000
v -0.029287933 0.041119769 0.005000000
v -0.035172883 0.057588276 0.005000000
v -0.032882821 0.055354613 0.005000000
v -0.029133311 0.041080398 0.005000000
v -0.035117179 0.057645387 0.005000000
v -0.032827117 0.055411724 0.005000000
v -0.028980843 0.041033368 0.005000000
v -0.032774329 0.055471540 0.005000000
v -0.028830909 0.040978796 0.005000000
v -0.032724588 0.055533913 0.005000000
v -0.028683881 0.040916819 0.005000000
v -0.032678018 0.055598688 0.005000000
v -0.028540126 0.040847590 0.005000000
v -0.032634735 0.055665704 0.005000000
v -0.028400000 0.040771281 0.005000000
v -0.032594845 0.055734794 0.005000000
v -0.032558450 0.055805786 0.005000000
v -0.028263852 0.040688083 0.005000000
v -0.032525638 0.055878504 0.005000000
v -0.028132020 0.040598202 0.005000000
v -0.032496492 0.055952768 0.005000000
v -0.028004833 0.040501861 0.005000000
v -0.032471084 0.056028392 0.005000000
v -0.027882605 0.040399300 0.005000000
v -0.032449476 0.056105188 0.005000000
v -0.027765642 0.040290774 0.005000000
v -0.032431724 0.056182966 0.005000000
v -0.027654234 0.040176553 0.005000000
v -0.032417871 0.056261532 0.005000000
v -0.027548658 0.040056920 0.005000000
v -0.032407951 0.056340691 0.005000000
v -0.027449176 0.039932174 0.005000000
v -0.032401989 0.056420247 0.005000000
v -0.027356036 0.039802624 0.005000000
v -0.032400000 0.056500000 0.005000000
v -0.027269469 0.039668593 0.005000000
v -0.045000000 0.085500000 0.005000000
v -0.032941303 0.057699650 0.005000000
v -0.032882821 0.057645387 0.005000000
v -0.033002416 0.057750930 0.005000000
v -0.033066010 0.057799101 0.005000000
v -0.033131926 0.057844041 0.005000000
v -0.033200000 0.057885641 0.005000000
v -0.033270063 0.057923795 0.005000000
v -0.033341941 0.057958409 0.005000000
v -0.033415454 0.057989398 0.005000000
v -0.033490421 0.058016684 0.005000000
v -0.033566655 0.058040199 0.005000000
v -0.033643967 0.058059885 0.005000000
v -0.033722163 0.058075692 0.005000000
v -0.033801050 0.058087583 0.005000000
v -0.033880432 0.058095526 0.005000000
v -0.033960111 0.058099503 0.005000000
v -0.034039889 0.058099503 0.005000000
v -0.034119568 0.058095526 0.005000000
v -0.034198950 0.058087583 0.005000000
v -0.034277837 0.058075692 0.005000000
v -0.034356033 0.058059885 0.005000000
v -0.034433345 0.058040199 0.005000000
v -0.034509579 0.058016684 0.005000000
v -0.034584546 0.057989398 0.005000000
v -0.034658059 0.057958409 0.005000000
v -0.034729937 0.057923795 0.005000000
v -0.034800000 0.057885641 0.005000000
v -0.034868074 0.057844041 0.005000000
v -0.034933990 0.057799101 0.005000000
v -0.034997584 0.057750930 0.005000000
v -0.035058697 0.057699650 0.005000000
v 0.040000000 0.002500000 0.005000000
v 0.041813484 -0.036011641 0.005000000
v 0.041887905 -0.036004194 0.005000000
v 0.041739528 -0.036022788 0.005000000
v 0.041666219 -0.036037608 0.005000000
v 0.041593739 -0.036056064 0.005000000
v 0.041522270 -0.036078109 0.005000000
v 0.041451988 -0.036103689 0.005000000
v 0.041383069 -0.036132741 0.005000000
v 0.041315684 -0.036165192 0.005000000
v 0.041250000 -0.036200962 0.005000000
v 0.041186181 -0.036239961 0.005000000
v 0.041124384 -0.036282093 0.005000000
v 0.041064765 -0.036327253 0.005000000
v 0.041007471 -0.036375328 0.005000000
v 0.040952645 -0.036426200 0.005000000
v 0.040900422 -0.036479741 0.005000000
v 0.040850933 -0.036535819 0.005000000
v 0.040804301 -0.036594293 0.005000000
v 0.040760642 -0.036655020 0.005000000
v 0.040720064 -0.036717847 0.005000000
v 0.040124615 0.002503108 0.005000000
v 0.041962604 -0.036000466 0.005000000
v 0.040248920 0.002512423 0.005000000
v 0.042037396 -0.036000466 0.005000000
v 0.040372606 0.002527923 0.005000000
v 0.042112095 -0.036004194 0.005000000
v 0.040495365 0.002549569 0.005000000
v 0.042186516 -0.036011641 0.005000000
v 0.040616893 0.002577307 0.005000000
v 0.042260472 -0.036022788 0.005000000
v 0.040736888 0.002611068 0.005000000
v 0.042333781 -0.036037608 0.005000000
v 0.040855050 0.002650768 0.005000000
v 0.042406261 -0.036056064 0.005000000
v 0.040971087 0.002696309 0.005000000
v 0.042477730 -0.036078109 0.005000000
v 0.041084709 0.002747578 0.005000000
v 0.042548012 -0.036103689 0.005000000
v 0.042616931 -0.036132741 0.005000000
v 0.041195635 0.002804446 0.005000000
v 0.042684316 -0.036165192 0.005000000
v 0.041303588 0.002866773 0.005000000
v 0.042750000 -0.036200962 0.005000000
v 0.041408300 0.002934403 0.005000000
v 0.042813819 -0.036239961 0.005000000
v 0.041509511 0.003007169 0.005000000
v 0.042875616 -0.036282093 0.005000000
v 0.041606969 0.003084889 0.005000000
v 0.042935235 -0.036327253 0.005000000
v 0.041700432 0.003167370 0.005000000
v 0.042992529 -0.036375328 0.005000000
v 0.027189691 0.020469587 0.005000000
v 0.027269469 0.020331407 0.005000000
v 0.027116900 0.020611572 0.005000000
v 0.027051276 0.020757009 0.005000000
v -0.027051276 0.020757009 0.005000000
v 0.026992984 0.020905536 0.005000000
v -0.026992984 0.020905536 0.005000000
v 0.026942167 0.021056783 0.005000000
v -0.026942167 0.021056783 0.005000000
v 0.026898953 0.021210376 0.005000000
v -0.026898953 0.021210376 0.005000000
v 0.026863448 0.021365932 0.005000000
v -0.026863448 0.021365932 0.005000000
v 0.029444326 0.018848615 0.005000000
v 0.029287933 0.018880231 0.005000000
v 0.040000000 0.007500000 0.005000000
v 0.026835741 0.021523065 0.005000000
v -0.026835741 0.021523065 0.005000000
v -0.026815902 0.021681383 0.005000000
v 0.029602100 0.018824835 0.005000000
v 0.026815902 0.021681383 0.005000000
v 0.029760864 0.018808948 0.005000000
v 0.026803978 0.021840493 0.005000000
v -0.026803978 0.021840493 0.005000000
v 0.029920222 0.018800995 0.005000000
v 0.026800000 0.022000000 0.005000000
v -0.026800000 0.022000000 0.005000000
v -0.026803978 0.022159507 0.005000000
v 0.030079778 0.018800995 0.005000000
v 0.026803978 0.022159507 0.005000000
v 0.030239136 0.018808948 0.005000000
v 0.026815902 0.022318617 0.005000000
v -0.026815902 0.022318617 0.005000000
v 0.030397900 0.018824835 0.005000000
v 0.026835741 0.022476935 0.005000000
v -0.026835741 0.022476935 0.005000000
v 0.030555674 0.018848615 0.005000000
v 0.026863448 0.022634068 0.005000000
v -0.026863448 0.022634068 0.005000000
v 0.030712067 0.018880231 0.005000000
v 0.026898953 0.022789624 0.005000000
v 0.030866689 0.018919602 0.005000000
v 0.031019157 0.018966632 0.005000000
v 0.031169091 0.019021204 0.005000000
v 0.031316119 0.019083181 0.005000000
v 0.031459874 0.019152410 0.005000000
v 0.031600000 0.019228719 0.005000000
v 0.031736148 0.019311917 0.005000000
v 0.031867980 0.019401798 0.005000000
v 0.031995167 0.019498139 0.005000000
v 0.032117395 0.019600700 0.005000000
v 0.032234358 0.019709226 0.005000000
v 0.032345766 0.019823447 0.005000000
v 0.032451342 0.019943080 0.005000000
v 0.032550824 0.020067826 0.005000000
v 0.032643964 0.020197376 0.005000000
v 0.032730531 0.020331407 0.005000000
v 0.032810309 0.020469587 0.005000000
v 0.040124615 0.007496892 0.005000000
v 0.032883100 0.020611572 0.005000000
v 0.040248920 0.007487577 0.005000000
v 0.040372606 0.007472077 0.005000000
v 0.032948724 0.020757009 0.005000000
v 0.040495365 0.007450431 0.005000000
v 0.033007016 0.020905536 0.005000000
v 0.040616893 0.007422693 0.005000000
v 0.033057833 0.021056783 0.005000000
v 0.040736888 0.007388932 0.005000000
v 0.033101047 0.021210376 0.005000000
v 0.040855050 0.007349232 0.005000000
v 0.027654234 0.035823447 0.005000000
v 0.027765642 0.024290774 0.005000000
v 0.027765642 0.035709226 0.005000000
v 0.027654234 0.024176553 0.005000000
v 0.027882605 0.035600700 0.005000000
v 0.027882605 0.024399300 0.005000000
v 0.027548658 0.035943080 0.005000000
v 0.027548658 0.024056920 0.005000000
v 0.028004833 0.035498139 0.005000000
v 0.028004833 0.024501861 0.005000000
v 0.027449176 0.036067826 0.005000000
v 0.027449176 0.023932174 0.005000000
v 0.028132020 0.035401798 0.005000000
v 0.028132020 0.024598202 0.005000000
v 0.027356036 0.036197376 0.005000000
v 0.027356036 0.023802624 0.005000000
v 0.027269469 0.023668593 0.005000000
v 0.028263852 0.035311917 0.005000000
v 0.028263852 0.024688083 0.005000000
v 0.027269469 0.036331407 0.005000000
v 0.028400000 0.035228719 0.005000000
v 0.028400000 0.024771281 0.005000000
v 0.027189691 0.036469587 0.005000000
v 0.027189691 0.023530413 0.005000000
v 0.028540126 0.035152410 0.005000000
v 0.028540126 0.024847590 0.005000000
v 0.027116900 0.036611572 0.005000000
v 0.027116900 0.023388428 0.005000000
v 0.028683881 0.035083181 0.005000000
v 0.028683881 0.024916819 0.005000000
v 0.028830909 0.024978796 0.005000000
v 0.027051276 0.036757009 0.005000000
v 0.027051276 0.023242991 0.005000000
v 0.026992984 0.023094464 0.005000000
v 0.028830909 0.035021204 0.005000000
v 0.026992984 0.036905536 0.005000000
v 0.026942167 0.022943217 0.005000000
v 0.028980843 0.034966632 0.005000000
v 0.028980843 0.025033368 0.005000000
v 0.026942167 0.037056783 0.005000000
v 0.029133311 0.034919602 0.005000000
v 0.029133311 0.025080398 0.005000000
v 0.029287933 0.025119769 0.005000000
v 0.026898953 0.037210376 0.005000000
v 0.029287933 0.034880231 0.005000000
v 0.026863448 0.037365932 0.005000000
v -0.026863448 0.037365932 0.005000000
v 0.029444326 0.034848615 0.005000000
v 0.029444326 0.025151385 0.005000000
v 0.029602100 0.025175165 0.005000000
v 0.026835741 0.037523065 0.005000000
v -0.026835741 0.037523065 0.005000000
v -0.026815902 0.037681383 0.005000000
v 0.029602100 0.034824835 0.005000000
v 0.026815902 0.037681383 0.005000000
v 0.029760864 0.034808948 0.005000000
v 0.029760864 0.025191052 0.005000000
v 0.029920222 0.025199005 0.005000000
v 0.026803978 0.037840493 0.005000000
v -0.026803978 0.037840493 0.005000000
v 0.029920222 0.034800995 0.005000000
v 0.026800000 0.038000000 0.005000000
v -0.026803978 0.038159507 0.005000000
v -0.026800000 0.038000000 0.005000000
v 0.030079778 0.034800995 0.005000000
v 0.030079778 0.025199005 0.005000000
v 0.026803978 0.038159507 0.005000000
v -0.026815902 0.038318617 0.005000000
v 0.030239136 0.034808948 0.005000000
v 0.030239136 0.025191052 0.005000000
v 0.026815902 0.038318617 0.005000000
v 0.030397900 0.034824835 0.005000000
v 0.030397900 0.025175165 0.005000000
v 0.026835741 0.038476935 0.005000000
v -0.026835741 0.038476935 0.005000000
v 0.030555674 0.034848615 0.005000000
v 0.030555674 0.025151385 0.005000000
v 0.030712067 0.025119769 0.005000000
v 0.026863448 0.038634068 0.005000000
v -0.026863448 0.038634068 0.005000000
v -0.026898953 0.038789624 0.005000000
v 0.030712067 0.034880231 0.005000000
v 0.026898953 0.038789624 0.005000000
v 0.030866689 0.034919602 0.005000000
v 0.030866689 0.025080398 0.005000000
v 0.026942167 0.038943217 0.005000000
v -0.026942167 0.038943217 0.005000000
v -0.026992984 0.039094464 0.005000000
v 0.031019157 0.034966632 0.005000000
v 0.031019157 0.025033368 0.005000000
v 0.031169091 0.024978796 0.005000000
v 0.026992984 0.039094464 0.005000000
v 0.031169091 0.035021204 0.005000000
v 0.031316119 0.024916819 0.005000000
v 0.055382821 0.010854613 0.005000000
v 0.042493009 0.005186825 0.005000000
v 0.042499223 0.005062327 0.005000000
v 0.055327117 0.010911724 0.005000000
v 0.042480598 0.005310859 0.005000000
v 0.055441303 0.010800350 0.005000000
v 0.042499223 0.004937673 0.005000000
v 0.055274329 0.010971540 0.005000000
v 0.042462019 0.005434120 0.005000000
v 0.055502416 0.010749070 0.005000000
v 0.042493009 0.004813175 0.005000000
v 0.055224588 0.011033913 0.005000000
v 0.042437320 0.005556302 0.005000000
v 0.055566010 0.010700899 0.005000000
v 0.042480598 0.004689141 0.005000000
v 0.055178018 0.011098688 0.005000000
v 0.055631926 0.010655959 0.005000000
v 0.042462019 0.004565880 0.005000000
v 0.027051276 0.039242991 0.005000000
v -0.027051276 0.039242991 0.005000000
v 0.055134735 0.011165704 0.005000000
v 0.042406561 0.005677101 0.005000000
v 0.055700000 0.010614359 0.005000000
v 0.042437320 0.004443698 0.005000000
v 0.055094845 0.011234794 0.005000000
v 0.042369818 0.005796217 0.005000000
v 0.055770063 0.010576205 0.005000000
v 0.042406561 0.004322899 0.005000000
v 0.055058450 0.011305786 0.005000000
v 0.042327184 0.005913353 0.005000000
v 0.055841941 0.010541591 0.005000000
v 0.042369818 0.004203783 0.005000000
v 0.031316119 0.035083181 0.005000000
v 0.055025638 0.011378504 0.005000000
v 0.042278765 0.006028218 0.005000000
v 0.055915454 0.010510602 0.005000000
v 0.054996492 0.011452768 0.005000000
v 0.042224680 0.006140527 0.005000000
v 0.055990421 0.010483316 0.005000000
v 0.042327184 0.004086647 0.005000000
v 0.054971084 0.011528392 0.005000000
v 0.042165064 0.006250000 0.005000000
v 0.027116900 0.039388428 0.005000000
v -0.027116900 0.039388428 0.005000000
v -0.027189691 0.039530413 0.005000000
v 0.056066655 0.010459801 0.005000000
v 0.042278765 0.003971782 0.005000000
v 0.054949476 0.011605188 0.005000000
v 0.042100065 0.006356366 0.005000000
v 0.056143967 0.010440115 0.005000000
v 0.042224680 0.003859473 0.005000000
v 0.031459874 0.035152410 0.005000000
v 0.031459874 0.024847590 0.005000000
v 0.031600000 0.024771281 0.005000000
v 0.054931724 0.011682966 0.005000000
v 0.042029845 0.006459359 0.005000000
v 0.056222163 0.010424308 0.005000000
v 0.042165064 0.003750000 0.005000000
v 0.054917871 0.011761532 0.005000000
v 0.041954579 0.006558725 0.005000000
v 0.056301050 0.010412417 0.005000000
v 0.042100065 0.003643634 0.005000000
v 0.027189691 0.039530413 0.005000000
v 0.054907951 0.011840691 0.005000000
v 0.056380432 0.010404474 0.005000000
v 0.042029845 0.003540641 0.005000000
v 0.054901989 0.011920247 0.005000000
v 0.041874453 0.006654215 0.005000000
v 0.031600000 0.035228719 0.005000000
v 0.031736148 0.024688083 0.005000000
v 0.056460111 0.010400497 0.005000000
v 0.041954579 0.003441275 0.005000000
v 0.054900000 0.012000000 0.005000000
v 0.041789667 0.006745592 0.005000000
v 0.027269469 0.039668593 0.005000000
v 0.056539889 0.010400497 0.005000000
v 0.041874453 0.003345785 0.005000000
v 0.054901989 0.012079753 0.005000000
v 0.041700432 0.006832630 0.005000000
v 0.056619568 0.010404474 0.005000000
v 0.041789667 0.003254408 0.005000000
v 0.031736148 0.035311917 0.005000000
v 0.054907951 0.012159309 0.005000000
v 0.041606969 0.006915111 0.005000000
v 0.056698950 0.010412417 0.005000000
v 0.054917871 0.012238468 0.005000000
v 0.041509511 0.006992831 0.005000000
v 0.027356036 0.039802624 0.005000000
v -0.032401989 0.056579753 0.005000000
v -0.032407951 0.056659309 0.005000000
v 0.056777837 0.010424308 0.005000000
v 0.043047355 -0.036426200 0.005000000
v 0.054931724 0.012317034 0.005000000
v 0.041408300 0.007065597 0.005000000
v 0.031867980 0.035401798 0.005000000
v 0.031867980 0.024598202 0.005000000
v 0.056856033 0.010440115 0.005000000
v 0.043099578 -0.036479741 0.005000000
v 0.054949476 0.012394812 0.005000000
v 0.041303588 0.007133227 0.005000000
v 0.027449176 0.039932174 0.005000000
v -0.032417871 0.056738468 0.005000000
v 0.056933345 0.010459801 0.005000000
v 0.043149067 -0.036535819 0.005000000
v 0.054971084 0.012471608 0.005000000
v 0.041195635 0.007195554 0.005000000
v 0.057009579 0.010483316 0.005000000
v 0.043195699 -0.036594293 0.005000000
v 0.031995167 0.035498139 0.005000000
v 0.031995167 0.024501861 0.005000000
v 0.032117395 0.024399300 0.005000000
v 0.054996492 0.012547232 0.005000000
v 0.041084709 0.007252422 0.005000000
v 0.057084546 0.010510602 0.005000000
v 0.043239358 -0.036655020 0.005000000
v 0.027548658 0.040056920 0.005000000
v -0.032431724 0.056817034 0.005000000
v 0.055025638 0.012621496 0.005000000
v 0.040971087 0.007303691 0.005000000
v 0.057158059 0.010541591 0.005000000
v 0.043279936 -0.036717847 0.005000000
v 0.032117395 0.035600700 0.005000000
v 0.055058450 0.012694214 0.005000000
v 0.057229937 0.010576205 0.005000000
v 0.043317332 -0.036782619 0.005000000
v 0.027654234 0.040176553 0.005000000
v -0.032449476 0.056894812 0.005000000
v 0.055094845 0.012765206 0.005000000
v 0.033136552 0.021365932 0.005000000
v 0.057300000 0.010614359 0.005000000
v 0.043351453 -0.036849174 0.005000000
v 0.032234358 0.035709226 0.005000000
v 0.032234358 0.024290774 0.005000000
v 0.055134735 0.012834296 0.005000000
v 0.033164259 0.021523065 0.005000000
v 0.057368074 0.010655959 0.005000000
v 0.043382214 -0.036917348 0.005000000
v 0.027765642 0.040290774 0.005000000
v -0.032471084 0.056971608 0.005000000
v 0.055178018 0.012901312 0.005000000
v 0.057433990 0.010700899 0.005000000
v 0.043409539 -0.036986970 0.005000000
v 0.032345766 0.035823447 0.005000000
v 0.032345766 0.024176553 0.005000000
v 0.055224588 0.012966087 0.005000000
v 0.033184098 0.021681383 0.005000000
v 0.057497584 0.010749070 0.005000000
v 0.043433359 -0.037057867 0.005000000
v 0.027882605 0.040399300 0.005000000
v -0.032496492 0.057047232 0.005000000
v 0.055274329 0.013028460 0.005000000
v 0.033196022 0.021840493 0.005000000
v 0.057558697 0.010800350 0.005000000
v 0.043453616 -0.037129864 0.005000000
v 0.032451342 0.035943080 0.005000000
v 0.032451342 0.024056920 0.005000000
v 0.032550824 0.023932174 0.005000000
v 0.055327117 0.013088276 0.005000000
v 0.033200000 0.022000000 0.005000000
v 0.057617179 0.010854613 0.005000000
v 0.043470259 -0.037202781 0.005000000
v 0.028004833 0.040501861 0.005000000
v -0.032525638 0.057121496 0.005000000
v 0.055382821 0.013145387 0.005000000
v 0.033196022 0.022159507 0.005000000
v 0.057672883 0.010911724 0.005000000
v 0.043483246 -0.037276437 0.005000000
v 0.032550824 0.036067826 0.005000000
v 0.055441303 0.013199650 0.005000000
v 0.033184098 0.022318617 0.005000000
v 0.057725671 0.010971540 0.005000000
v 0.043492546 -0.037350648 0.005000000
v 0.028132020 0.040598202 0.005000000
v -0.032558450 0.057194214 0.005000000
v 0.055502416 0.013250930 0.005000000
v 0.033164259 0.022476935 0.005000000
v 0.057775412 0.011033913 0.005000000
v 0.043498135 -0.037425231 0.005000000
v 0.032643964 0.036197376 0.005000000
v 0.032643964 0.023802624 0.005000000
v 0.032730531 0.023668593 0.005000000
v 0.055566010 0.013299101 0.005000000
v 0.033136552 0.022634068 0.005000000
v 0.057821982 0.011098688 0.005000000
v 0.043500000 -0.037500000 0.005000000
v 0.028263852 0.040688083 0.005000000
v 0.055631926 0.013344041 0.005000000
v 0.033101047 0.022789624 0.005000000
v 0.057865265 0.011165704 0.005000000
v 0.032730531 0.036331407 0.005000000
v 0.032810309 0.023530413 0.005000000
v 0.055700000 0.013385641 0.005000000
v 0.033057833 0.022943217 0.005000000
v 0.057905155 0.011234794 0.005000000
v 0.055770063 0.013423795 0.005000000
v 0.033007016 0.023094464 0.005000000
v 0.057941550 0.011305786 0.005000000
v 0.032810309 0.036469587 0.005000000
v 0.055841941 0.013458409 0.005000000
v 0.057974362 0.011378504 0.005000000
v 0.055915454 0.013489398 0.005000000
v 0.032948724 0.023242991 0.005000000
v 0.058003508 0.011452768 0.005000000
v 0.032883100 0.036611572 0.005000000
v 0.032883100 0.023388428 0.005000000
v 0.058028916 0.011528392 0.005000000
v 0.058050524 0.011605188 0.005000000
v 0.032948724 0.036757009 0.005000000
v 0.058068276 0.011682966 0.005000000
v 0.033007016 0.036905536 0.005000000
v 0.055990421 0.013516684 0.005000000
v 0.033057833 0.037056783 0.005000000
v 0.056066655 0.013540199 0.005000000
v 0.033101047 0.037210376 0.005000000
v 0.056143967 0.013559885 0.005000000
v 0.056222163 0.013575692 0.005000000
v 0.033136552 0.037365932 0.005000000
v 0.056301050 0.013587583 0.005000000
v 0.033164259 0.037523065 0.005000000
v 0.056380432 0.013595526 0.005000000
v 0.033184098 0.037681383 0.005000000
v 0.056460111 0.013599503 0.005000000
v 0.033196022 0.037840493 0.005000000
v 0.056539889 0.013599503 0.005000000
v -0.035000000 0.112500000 0.005000000
v -0.045000000 0.102500000 0.005000000
v -0.032827117 0.057588276 0.005000000
v -0.032774329 0.057528460 0.005000000
v 0.060000000 0.060500000 0.005000000
v 0.057821982 0.012901312 0.005000000
v 0.057865265 0.012834296 0.005000000
v 0.057775412 0.012966087 0.005000000
v 0.057725671 0.013028460 0.005000000
v 0.057672883 0.013088276 0.005000000
v 0.057617179 0.013145387 0.005000000
v 0.057558697 0.013199650 0.005000000
v 0.057497584 0.013250930 0.005000000
v 0.057433990 0.013299101 0.005000000
v 0.057368074 0.013344041 0.005000000
v 0.057300000 0.013385641 0.005000000
v 0.057229937 0.013423795 0.005000000
v 0.057158059 0.013458409 0.005000000
v 0.057084546 0.013489398 0.005000000
v 0.057009579 0.013516684 0.005000000
v 0.056933345 0.013540199 0.005000000
v 0.056856033 0.013559885 0.005000000
v 0.056777837 0.013575692 0.005000000
v 0.056698950 0.013587583 0.005000000
v 0.056619568 0.013595526 0.005000000
v 0.033196022 0.038159507 0.005000000
v 0.033200000 0.038000000 0.005000000
v 0.033184098 0.038318617 0.005000000
v 0.033164259 0.038476935 0.005000000
v 0.033136552 0.038634068 0.005000000
v 0.033101047 0.038789624 0.005000000
v 0.033057833 0.038943217 0.005000000
v 0.033007016 0.039094464 0.005000000
v 0.032948724 0.039242991 0.005000000
v 0.032883100 0.039388428 0.005000000
v 0.032810309 0.039530413 0.005000000
v 0.032730531 0.039668593 0.005000000
v 0.032643964 0.039802624 0.005000000
v 0.032550824 0.039932174 0.005000000
v 0.032451342 0.040056920 0.005000000
v 0.032345766 0.040176553 0.005000000
v 0.032234358 0.040290774 0.005000000
v 0.032117395 0.040399300 0.005000000
v 0.031995167 0.040501861 0.005000000
v 0.031867980 0.040598202 0.005000000
v 0.031736148 0.040688083 0.005000000
v 0.031600000 0.040771281 0.005000000
v 0.031459874 0.040847590 0.005000000
v 0.031316119 0.040916819 0.005000000
v 0.031169091 0.040978796 0.005000000
v 0.031019157 0.041033368 0.005000000
v 0.030866689 0.041080398 0.005000000
v 0.058092049 0.012159309 0.005000000
v 0.058098011 0.012079753 0.005000000
v 0.058082129 0.012238468 0.005000000
v 0.058068276 0.012317034 0.005000000
v 0.058050524 0.012394812 0.005000000
v 0.058028916 0.012471608 0.005000000
v 0.058003508 0.012547232 0.005000000
v 0.057974362 0.012621496 0.005000000
v 0.057941550 0.012694214 0.005000000
v 0.057905155 0.012765206 0.005000000
v 0.045000000 0.085500000 0.005000000
v -0.032594845 0.057265206 0.005000000
v -0.032634735 0.057334296 0.005000000
v -0.032678018 0.057401312 0.005000000
v -0.032724588 0.057466087 0.005000000
v 0.030712067 0.041119769 0.005000000
v 0.030555674 0.041151385 0.005000000
v 0.030397900 0.041175165 0.005000000
v 0.030239136 0.041191052 0.005000000
v 0.030079778 0.041199005 0.005000000
v 0.029920222 0.041199005 0.005000000
v 0.029760864 0.041191052 0.005000000
v 0.029602100 0.041175165 0.005000000
v 0.029444326 0.041151385 0.005000000
v 0.029287933 0.041119769 0.005000000
v 0.029133311 0.041080398 0.005000000
v 0.028980843 0.041033368 0.005000000
v 0.028830909 0.040978796 0.005000000
v 0.028683881 0.040916819 0.005000000
v 0.028540126 0.040847590 0.005000000
v 0.028400000 0.040771281 0.005000000
v 0.035000000 0.112500000 0.005000000
v 0.045000000 0.102500000 0.005000000
v 0.058100000 0.012000000 0.005000000
v 0.058098011 0.011920247 0.005000000
v 0.058092049 0.011840691 0.005000000
v 0.058082129 0.011761532 0.005000000
v -0.051498135 -0.037425231 0.005000000
v -0.032437320 0.004443698 0.005000000
v -0.032406561 0.004322899 0.005000000
v -0.032369818 0.004203783 0.005000000
v -0.032327184 0.004086647 0.005000000
v -0.032278765 0.003971782 0.005000000
v -0.032224680 0.003859473 0.005000000
v -0.032165064 0.003750000 0.005000000
v -0.032100065 0.003643634 0.005000000
v -0.032029845 0.003540641 0.005000000
v -0.031954579 0.003441275 0.005000000
v -0.031874453 0.003345785 0.005000000
v 0.029133311 0.018919602 0.005000000
v 0.028980843 0.018966632 0.005000000
v 0.028830909 0.019021204 0.005000000
v 0.028683881 0.019083181 0.005000000
v 0.028540126 0.019152410 0.005000000
v 0.028400000 0.019228719 0.005000000
v 0.028263852 0.019311917 0.005000000
v 0.028132020 0.019401798 0.005000000
v 0.028004833 0.019498139 0.005000000
v 0.027882605 0.019600700 0.005000000
v 0.027765642 0.019709226 0.005000000
v 0.027654234 0.019823447 0.005000000
v 0.027548658 0.019943080 0.005000000
v 0.027449176 0.020067826 0.005000000
v 0.027356036 0.020197376 0.005000000
f 1 2 3
f 3 2 4
f 5 1 6
f 6 1 3
f 2 7 4
f 4 7 8
f 1 9 10
f 10 11 1
f 1 12 9
f 11 13 1
f 1 14 12
f 13 15 1
f 1 16 14
f 15 17 1
f 1 18 16
f 17 19 1
f 1 20 18
f 19 21 1
f 1 22 20
f 21 23 1
f 1 24 22
f 23 25 1
f 1 26 24
f 25 27 1
f 1 28 26
f 27 29 1
f 1 30 28
f 29 31 1
f 1 32 30
f 1 33 2
f 31 33 1
f 1 34 32
f 33 35 2
f 1 36 34
f 35 37 2
f 1 38 36
f 37 39 2
f 1 40 38
f 39 41 2
f 1 42 40
f 41 43 2
f 1 44 42
f 43 45 2
f 1 46 44
f 45 47 2
f 1 48 46
f 47 49 2
f 1 50 48
f 49 51 2
f 1 52 50
f 51 53 2
f 1 54 52
f 53 55 2
f 1 56 54
f 55 57 2
f 1 58 56
f 57 59 2
f 1 60 58
f 59 61 2
f 1 62 60
f 1 63 62
f 1 64 63
f 1 65 64
f 1 66 65
f 1 67 66
f 1 68 67
f 1 69 68
f 1 70 69
f 1 71 70
f 1 72 71
f 2 73 74
f 74 75 2
f 2 76 73
f 75 77 2
f 2 78 76
f 77 79 2
f 2 80 78
f 79 81 2
f 2 82 80
f 81 83 2
f 2 84 82
f 83 85 2
f 2 86 84
f 85 87 2
f 2 88 86
f 87 89 2
f 2 90 88
f 89 91 2
f 2 92 90
f 91 93 2
f 2 94 92
f 93 95 2
f 2 96 94
f 95 97 2
f 2 98 96
f 97 99 2
f 2 100 98
f 61 100 2
f 99 101 2
f 102 103 61
f 61 103 100
f 101 104 2
f 105 106 102
f 102 106 103
f 104 107 2
f 108 109 105
f 105 109 106
f 107 110 2
f 108 111 109
f 112 111 108
f 110 113 2
f 114 115 112
f 112 115 111
f 113 116 2
f 117 118 114
f 114 118 115
f 116 119 2
f 120 121 117
f 117 121 118
f 119 122 2
f 123 124 120
f 120 124 121
f 122 125 2
f 126 127 123
f 123 127 124
f 125 128 2
f 129 130 126
f 126 130 127
f 128 131 2
f 129 132 130
f 133 132 129
f 131 134 2
f 133 135 132
f 136 135 133
f 134 137 2
f 138 139 136
f 136 139 135
f 137 140 2
f 141 142 138
f 143 142 141
f 138 142 139
f 140 144 2
f 143 145 142
f 146 145 143
f 144 147 2
f 146 148 145
f 149 148 146
f 147 150 2
f 151 152 149
f 149 152 148
f 150 153 2
f 154 155 151
f 151 155 152
f 153 156 2
f 154 157 155
f 158 157 154
f 158 159 157
f 160 159 158
f 161 162 160
f 160 162 159
f 163 164 161
f 161 164 162
f 165 166 163
f 163 166 164
f 165 167 166
f 168 167 165
f 169 170 168
f 168 170 167
f 171 172 169
f 169 172 170
f 173 174 171
f 171 174 172
f 175 176 173
f 173 176 174
f 177 178 175
f 175 178 176
f 179 180 177
f 177 180 178
f 181 182 179
f 179 182 180
f 183 184 181
f 181 184 182
f 185 186 183
f 183 186 184
f 187 188 185
f 185 188 186
f 189 190 187
f 187 190 188
f 191 192 189
f 189 192 190
f 191 193 192
f 194 193 191
f 194 195 193
f 1 196 197
f 197 198 1
f 1 199 196
f 198 200 1
f 1 201 199
f 200 202 1
f 1 203 201
f 202 204 1
f 1 205 203
f 1 206 72
f 204 206 1
f 72 206 207
f 1 208 205
f 206 209 207
f 1 210 208
f 209 211 207
f 207 211 212
f 1 213 210
f 211 214 212
f 215 214 216
f 212 214 215
f 1 217 213
f 214 218 216
f 1 219 217
f 216 220 221
f 218 220 216
f 1 222 219
f 221 223 224
f 220 223 221
f 1 225 222
f 226 227 228
f 224 227 226
f 223 227 224
f 1 229 225
f 227 230 228
f 1 231 229
f 228 232 233
f 230 232 228
f 1 234 231
f 233 235 236
f 232 235 233
f 1 237 234
f 235 238 236
f 236 238 239
f 238 240 239
f 241 240 242
f 239 240 241
f 240 243 242
f 243 244 242
f 242 244 245
f 244 246 245
f 245 246 247
f 246 248 247
f 247 248 249
f 248 250 249
f 251 250 252
f 249 250 251
f 250 253 252
f 252 254 255
f 253 254 252
f 254 256 255
f 255 256 257
f 257 258 259
f 256 258 257
f 258 260 259
f 261 260 262
f 259 260 261
f 262 263 264
f 260 263 262
f 263 265 264
f 194 266 195
f 264 266 194
f 265 266 264
f 195 267 268
f 266 267 195
f 268 269 270
f 267 269 268
f 270 271 272
f 269 271 270
f 272 273 274
f 271 273 272
f 274 275 276
f 273 275 274
f 275 277 276
f 276 277 278
f 277 279 278
f 278 279 280
f 281 7 282
f 283 7 281
f 284 7 283
f 285 7 284
f 286 7 285
f 287 7 286
f 156 7 2
f 288 7 156
f 289 7 288
f 290 7 289
f 291 7 290
f 292 7 291
f 293 7 292
f 294 7 293
f 295 7 294
f 296 7 295
f 297 7 296
f 298 7 297
f 299 7 298
f 300 7 299
f 301 7 300
f 282 7 301
f 302 303 304
f 305 306 302
f 302 306 303
f 307 308 309
f 304 308 307
f 303 308 304
f 305 310 306
f 311 310 305
f 308 312 309
f 309 312 313
f 311 314 310
f 315 314 311
f 312 316 313
f 313 316 317
f 315 318 314
f 319 318 315
f 316 320 317
f 317 320 321
f 319 322 318
f 323 322 319
f 320 324 321
f 321 324 325
f 323 326 322
f 327 326 323
f 324 328 325
f 325 328 329
f 327 330 326
f 331 330 327
f 328 332 329
f 329 332 333
f 334 335 336
f 331 335 330
f 336 335 331
f 332 337 333
f 333 337 338
f 339 340 334
f 334 340 335
f 337 341 338
f 342 341 343
f 338 341 342
f 344 345 339
f 339 345 340
f 343 346 347
f 341 346 343
f 348 349 344
f 344 349 345
f 347 350 351
f 346 350 347
f 352 353 348
f 348 353 349
f 350 354 351
f 351 354 355
f 356 357 352
f 352 357 353
f 354 358 355
f 355 358 359
f 360 361 356
f 356 361 357
f 359 362 363
f 358 362 359
f 364 365 360
f 360 365 361
f 362 366 363
f 363 366 367
f 368 369 364
f 370 369 368
f 371 369 370
f 372 369 371
f 373 369 372
f 374 369 373
f 364 369 365
f 366 375 367
f 367 375 376
f 375 377 376
f 376 377 378
f 379 380 381
f 378 380 379
f 377 380 378
f 380 382 381
f 381 382 383
f 383 384 385
f 382 384 383
f 385 386 387
f 384 386 385
f 386 388 387
f 387 388 389
f 388 390 389
f 389 390 391
f 390 392 391
f 391 392 393
f 393 394 395
f 392 394 393
f 394 396 395
f 395 396 397
f 397 398 399
f 396 398 397
f 398 400 399
f 399 400 401
f 400 402 401
f 401 402 403
f 402 404 403
f 403 404 405
f 404 406 405
f 405 406 407
f 406 408 407
f 407 408 409
f 408 410 409
f 409 410 411
f 7 412 413
f 413 414 7
f 7 415 412
f 414 416 7
f 7 417 415
f 416 418 7
f 7 419 417
f 418 420 7
f 7 421 419
f 420 422 7
f 7 423 421
f 422 424 7
f 7 425 423
f 424 426 7
f 7 427 425
f 426 428 7
f 7 429 427
f 428 430 7
f 7 431 429
f 430 432 7
f 7 433 431
f 432 434 7
f 7 435 433
f 434 436 7
f 7 437 435
f 436 438 7
f 7 439 437
f 438 440 7
f 7 441 439
f 440 442 7
f 7 443 441
f 442 444 7
f 7 445 443
f 446 445 287
f 287 445 7
f 444 447 7
f 446 448 445
f 449 448 446
f 447 450 7
f 451 452 449
f 449 452 448
f 450 453 7
f 454 455 451
f 451 455 452
f 453 456 7
f 454 457 455
f 458 457 454
f 456 459 7
f 460 461 458
f 458 461 457
f 459 462 7
f 460 463 461
f 464 463 460
f 462 465 7
f 464 466 463
f 467 466 464
f 465 468 7
f 469 470 467
f 467 470 466
f 468 471 7
f 469 472 470
f 473 472 469
f 471 474 7
f 473 475 472
f 476 475 473
f 476 477 475
f 478 479 480
f 481 479 478
f 482 479 481
f 483 479 482
f 484 479 483
f 485 479 484
f 486 479 485
f 487 479 486
f 488 479 487
f 489 479 488
f 490 479 489
f 491 479 490
f 474 479 7
f 492 479 491
f 493 479 492
f 494 479 493
f 495 479 474
f 496 479 495
f 497 479 496
f 498 479 497
f 499 479 498
f 500 479 499
f 501 479 500
f 502 479 501
f 480 479 502
f 503 504 505
f 506 507 503
f 503 507 504
f 505 508 509
f 504 508 505
f 510 511 506
f 506 511 507
f 509 512 513
f 508 512 509
f 514 515 510
f 510 515 511
f 513 516 517
f 512 516 513
f 514 518 515
f 519 518 514
f 517 520 521
f 516 520 517
f 522 523 519
f 519 523 518
f 521 524 525
f 520 524 521
f 522 526 523
f 527 526 522
f 525 528 529
f 524 528 525
f 530 531 527
f 527 531 526
f 529 532 533
f 528 532 529
f 534 535 530
f 530 535 531
f 532 536 533
f 533 536 537
f 538 539 534
f 534 539 535
f 536 540 537
f 537 540 541
f 542 543 538
f 538 543 539
f 540 544 541
f 541 544 545
f 546 547 542
f 542 547 543
f 544 548 545
f 545 548 549
f 550 551 546
f 546 551 547
f 548 552 549
f 549 552 553
f 554 555 550
f 550 555 551
f 552 556 553
f 553 556 557
f 554 558 555
f 559 558 554
f 556 560 557
f 557 560 561
f 559 562 558
f 563 562 559
f 560 564 561
f 561 564 565
f 566 567 563
f 563 567 562
f 564 568 565
f 565 568 569
f 570 571 566
f 566 571 567
f 568 572 569
f 569 572 494
f 573 574 570
f 570 574 571
f 494 575 479
f 572 575 494
f 576 577 573
f 573 577 574
f 575 578 479
f 579 580 576
f 576 580 577
f 578 581 479
f 582 583 579
f 579 583 580
f 581 584 479
f 585 586 582
f 582 586 583
f 584 587 479
f 588 589 585
f 585 589 586
f 587 590 479
f 591 592 588
f 588 592 589
f 590 593 479
f 594 595 591
f 591 595 592
f 593 596 479
f 596 597 479
f 597 598 479
f 598 599 479
f 599 600 479
f 600 601 479
f 601 602 479
f 602 603 479
f 603 604 479
f 604 605 479
f 605 606 479
f 607 608 374
f 609 608 607
f 610 608 609
f 611 608 610
f 374 608 369
f 606 612 479
f 612 613 479
f 613 614 479
f 614 615 479
f 615 616 479
f 616 617 479
f 617 618 479
f 618 619 479
f 619 620 479
f 620 621 479
f 621 622 479
f 622 623 479
f 623 624 479
f 624 625 479
f 625 626 479
f 626 627 479
f 627 628 479
f 628 629 479
f 629 630 479
f 630 631 479
f 632 633 634
f 633 635 634
f 635 636 634
f 636 637 634
f 637 638 634
f 638 639 634
f 639 640 634
f 640 641 634
f 641 642 634
f 642 643 634
f 643 644 634
f 644 645 634
f 645 646 634
f 646 647 634
f 647 648 634
f 649 650 651
f 652 650 649
f 653 650 652
f 648 654 634
f 634 654 655
f 650 656 651
f 650 657 656
f 650 658 657
f 650 659 658
f 650 660 659
f 650 661 660
f 650 662 661
f 650 663 662
f 650 664 663
f 650 665 664
f 650 666 665
f 650 667 666
f 650 668 667
f 650 669 668
f 650 670 669
f 650 671 670
f 650 672 671
f 650 673 672
f 650 674 673
f 650 675 674
f 650 676 675
f 650 677 676
f 650 678 677
f 679 678 650
f 679 680 678
f 681 682 683
f 681 684 682
f 685 684 681
f 682 686 683
f 683 686 687
f 685 688 684
f 689 688 690
f 690 688 685
f 686 691 687
f 687 691 692
f 689 693 688
f 694 693 689
f 691 695 692
f 692 695 696
f 694 697 693
f 698 697 694
f 695 699 696
f 696 699 700
f 698 701 697
f 702 701 698
f 699 703 700
f 700 703 704
f 702 705 701
f 706 705 702
f 703 707 704
f 704 707 708
f 706 709 705
f 710 709 706
f 707 711 708
f 708 711 712
f 713 714 710
f 710 714 709
f 711 715 712
f 712 715 679
f 679 715 680
f 713 716 714
f 717 716 713
f 715 718 680
f 680 718 719
f 717 720 716
f 721 720 717
f 718 722 719
f 723 722 724
f 719 722 723
f 721 725 720
f 726 725 721
f 722 727 724
f 724 727 728
f 729 730 726
f 726 730 725
f 727 731 728
f 728 731 732
f 729 733 730
f 734 733 729
f 731 735 732
f 732 735 736
f 734 737 733
f 738 737 739
f 739 737 734
f 735 740 736
f 736 740 741
f 742 743 738
f 738 743 737
f 740 744 741
f 741 744 745
f 742 746 743
f 747 746 742
f 744 748 745
f 749 750 747
f 747 750 746
f 748 751 745
f 749 752 750
f 753 752 749
f 751 754 745
f 755 756 753
f 753 756 752
f 754 757 745
f 758 759 755
f 755 759 756
f 757 760 745
f 758 761 759
f 762 761 758
f 760 763 745
f 762 764 761
f 765 764 762
f 763 766 745
f 765 767 764
f 768 767 765
f 766 769 745
f 770 771 768
f 768 771 767
f 769 772 745
f 773 774 770
f 770 774 771
f 772 775 745
f 775 776 745
f 776 777 745
f 777 778 745
f 778 779 745
f 779 780 745
f 780 781 745
f 781 782 745
f 782 783 745
f 783 784 745
f 784 785 745
f 785 786 745
f 786 787 745
f 787 788 745
f 789 5 611
f 790 5 789
f 791 5 790
f 792 5 791
f 793 5 792
f 608 5 794
f 794 5 795
f 795 5 796
f 796 5 797
f 797 5 798
f 798 5 799
f 799 5 800
f 800 5 801
f 801 5 802
f 802 5 803
f 803 5 804
f 804 5 805
f 805 5 806
f 806 5 807
f 807 5 808
f 808 5 809
f 809 5 810
f 810 5 811
f 811 5 812
f 611 5 608
f 813 814 815
f 815 814 816
f 815 817 594
f 816 817 815
f 595 817 818
f 594 817 595
f 813 819 814
f 820 819 813
f 817 821 818
f 818 821 822
f 820 823 819
f 824 823 820
f 822 825 826
f 821 825 822
f 824 827 823
f 477 827 824
f 476 827 477
f 828 827 476
f 826 829 830
f 825 829 826
f 828 831 827
f 832 831 828
f 830 833 834
f 829 833 830
f 279 835 280
f 280 835 832
f 832 835 831
f 836 835 279
f 834 837 838
f 833 837 834
f 836 839 835
f 840 839 836
f 838 841 842
f 837 841 838
f 840 843 839
f 841 844 842
f 842 844 845
f 410 846 411
f 840 846 843
f 847 846 410
f 411 846 840
f 845 848 849
f 844 848 845
f 850 851 847
f 847 851 846
f 849 852 853
f 848 852 849
f 850 854 851
f 855 854 850
f 853 856 857
f 852 856 853
f 858 859 855
f 855 859 854
f 857 860 861
f 856 860 857
f 862 863 858
f 858 863 859
f 860 864 861
f 861 864 865
f 862 866 863
f 867 866 862
f 864 868 865
f 865 868 869
f 867 870 866
f 871 870 867
f 868 872 869
f 869 872 873
f 871 874 870
f 875 874 871
f 872 876 873
f 873 876 877
f 875 878 874
f 879 878 875
f 877 880 881
f 876 880 877
f 879 882 878
f 881 883 884
f 880 883 881
f 885 886 879
f 879 886 882
f 884 887 888
f 883 887 884
f 885 889 886
f 890 889 885
f 888 891 892
f 887 891 888
f 893 894 890
f 890 894 889
f 891 895 892
f 892 895 896
f 897 898 899
f 899 898 900
f 899 901 902
f 900 901 899
f 897 903 898
f 904 903 897
f 905 906 907
f 902 906 905
f 901 906 902
f 893 908 894
f 655 908 893
f 654 908 655
f 909 910 904
f 904 910 903
f 906 911 907
f 907 911 912
f 913 914 909
f 909 914 910
f 896 915 916
f 895 915 896
f 911 917 912
f 913 918 914
f 919 918 913
f 920 918 919
f 654 921 908
f 917 922 912
f 923 922 924
f 912 922 923
f 916 925 926
f 915 925 916
f 920 927 918
f 922 928 924
f 654 929 921
f 774 930 920
f 920 930 927
f 773 930 774
f 926 931 932
f 925 931 926
f 933 934 935
f 924 934 933
f 928 934 924
f 654 936 929
f 937 938 773
f 773 938 930
f 932 939 940
f 931 939 932
f 935 941 942
f 934 941 935
f 943 944 937
f 937 944 938
f 654 945 936
f 941 946 942
f 939 947 940
f 940 947 948
f 949 950 943
f 943 950 944
f 946 951 942
f 952 951 953
f 942 951 952
f 947 954 948
f 948 954 955
f 956 957 949
f 949 957 950
f 954 958 955
f 955 958 959
f 951 960 953
f 956 961 957
f 962 961 956
f 958 963 959
f 959 963 964
f 965 966 967
f 953 966 965
f 960 966 953
f 962 968 961
f 969 968 962
f 964 970 971
f 963 970 964
f 966 972 967
f 970 973 971
f 971 973 974
f 5 975 812
f 969 975 968
f 812 975 969
f 972 976 967
f 967 976 977
f 974 978 979
f 973 978 974
f 5 980 975
f 978 981 979
f 979 981 982
f 977 983 984
f 976 983 977
f 981 985 982
f 982 985 986
f 5 987 980
f 983 988 984
f 984 988 989
f 986 990 991
f 985 990 986
f 5 992 987
f 991 993 994
f 990 993 991
f 988 995 989
f 989 995 996
f 994 997 998
f 993 997 994
f 5 999 992
f 998 1000 1001
f 997 1000 998
f 996 1002 1003
f 995 1002 996
f 1001 1004 1005
f 1000 1004 1001
f 5 1006 999
f 1005 1007 1008
f 1004 1007 1005
f 1009 1010 1011
f 1003 1010 1009
f 1002 1010 1003
f 1008 1012 1013
f 1007 1012 1008
f 5 1014 1006
f 1013 1015 1016
f 1012 1015 1013
f 1010 1017 1011
f 1016 1018 1019
f 1015 1018 1016
f 5 1020 1014
f 1019 1021 1022
f 1018 1021 1019
f 1011 1023 1024
f 1017 1023 1011
f 1021 1025 1022
f 1022 1025 1026
f 5 1027 1020
f 1026 1028 631
f 1025 1028 1026
f 1024 1029 1030
f 1023 1029 1024
f 5 1031 1027
f 1030 1032 1033
f 1029 1032 1030
f 1034 1035 1036
f 1033 1035 1034
f 1032 1035 1033
f 1035 1037 1036
f 1038 1039 1040
f 1036 1039 1038
f 1037 1039 1036
f 1040 1041 1042
f 1039 1041 1040
f 1041 1043 1042
f 1042 1044 1045
f 1043 1044 1042
f 1045 1046 1047
f 1044 1046 1045
f 1046 1048 1047
f 1049 1048 1050
f 1047 1048 1049
f 1048 1051 1050
f 1050 1052 1053
f 1051 1052 1050
f 1053 1054 1055
f 1052 1054 1053
f 1055 1056 1057
f 1054 1056 1055
f 1056 1058 1057
f 1057 1058 1059
f 1058 1060 1059
f 1059 1060 1061
f 1060 1062 1061
f 1063 1062 1064
f 1061 1062 1063
f 1062 1065 1064
f 1065 1066 1064
f 1067 1066 1068
f 1064 1066 1067
f 1066 1069 1068
f 1068 1069 1070
f 1069 1071 1070
f 1072 1073 1074
f 1072 1075 1073
f 1076 1075 1072
f 1073 1077 1074
f 1074 1077 1078
f 1076 1079 1075
f 1080 1079 1076
f 1077 1081 1078
f 1080 1082 1079
f 1031 1082 1080
f 1078 1083 1084
f 1081 1083 1078
f 5 1085 1031
f 1031 1085 1082
f 1084 1086 1087
f 1083 1086 1084
f 5 1088 1085
f 1086 1089 1087
f 1087 1089 1090
f 5 1091 1088
f 1090 1092 1093
f 1089 1092 1090
f 5 1094 1091
f 1093 1095 1096
f 1092 1095 1093
f 5 1097 1094
f 1096 1098 1099
f 1095 1098 1096
f 5 1100 1097
f 1098 1101 1099
f 1099 1101 1102
f 5 1103 1100
f 1101 1104 1102
f 5 1105 1103
f 1102 1106 1107
f 1104 1106 1102
f 5 1108 1105
f 1107 1109 1110
f 1106 1109 1107
f 5 1111 1108
f 1110 1112 1113
f 1109 1112 1110
f 5 1114 1111
f 1112 1115 1113
f 1113 1115 1116
f 5 1117 1114
f 1115 1118 1116
f 1116 1118 1119
f 5 1120 1117
f 1118 1121 1119
f 5 1122 1120
f 1121 1123 1119
f 1119 1123 1124
f 5 1125 1122
f 1123 1126 1124
f 1124 1126 1127
f 5 1128 1125
f 1126 1129 1127
f 1127 1129 1130
f 5 1131 1128
f 1130 1132 1133
f 1129 1132 1130
f 5 1134 1131
f 1133 1135 1136
f 1132 1135 1133
f 5 1137 1134
f 1135 1138 1136
f 1136 1138 1139
f 5 1140 1137
f 1138 1141 1139
f 5 1142 1140
f 1141 1143 1139
f 1139 1143 1144
f 5 1145 1142
f 1143 1146 1144
f 1144 1146 1147
f 5 1148 1145
f 1146 1149 1147
f 1147 1149 1150
f 5 1151 1148
f 1150 1152 1153
f 1149 1152 1150
f 5 1154 1151
f 1152 1155 1153
f 1153 1155 1156
f 5 1157 1154
f 1155 1158 1156
f 5 1159 1157
f 1156 1160 1161
f 1158 1160 1156
f 5 1162 1159
f 1161 1163 1164
f 1160 1163 1161
f 5 1165 1162
f 1163 1166 1164
f 1164 1166 1167
f 1167 1168 1169
f 1166 1168 1167
f 1169 1170 1171
f 1168 1170 1169
f 1171 1172 1173
f 1170 1172 1171
f 1173 1174 1175
f 1172 1174 1173
f 1174 1176 1175
f 1175 1177 1178
f 1176 1177 1175
f 1178 1179 1180
f 1177 1179 1178
f 1180 1181 1182
f 1179 1181 1180
f 1181 1183 1182
f 1182 1183 1184
f 1184 1185 1186
f 1183 1185 1184
f 1186 1187 1188
f 1185 1187 1186
f 1187 1189 1188
f 1188 1189 1190
f 1190 1191 1192
f 1189 1191 1190
f 1191 1193 1192
f 1192 1193 1194
f 1194 1195 1196
f 1193 1195 1194
f 1197 1198 1199
f 1200 1198 1197
f 1201 1198 1200
f 1202 1198 1201
f 1203 1198 1202
f 1204 1198 1203
f 1205 1198 1204
f 1206 1198 1205
f 1207 1198 1206
f 1208 1198 1207
f 1209 1198 1208
f 1210 1198 1209
f 1211 1198 1210
f 1212 1198 1211
f 1213 1198 1212
f 1214 1198 1213
f 1215 1198 1214
f 1216 1198 1215
f 1217 1198 1216
f 1218 1198 1217
f 1219 1198 1218
f 1220 1198 1219
f 1221 1198 1220
f 1222 1198 1221
f 1223 1198 1222
f 1224 1198 1223
f 1225 1198 1224
f 1226 1198 1225
f 1227 1198 1226
f 1228 1198 1227
f 1165 1198 1228
f 5 1198 1165
f 1229 1230 1231
f 1232 1230 1229
f 1233 1230 1232
f 1234 1230 1233
f 1235 1230 1234
f 1236 1230 1235
f 1237 1230 1236
f 1238 1230 1237
f 1239 1230 1238
f 1240 1230 1239
f 1241 1230 1240
f 1242 1230 1241
f 1243 1230 1242
f 1244 1230 1243
f 1245 1230 1244
f 1246 1230 1245
f 1247 1230 1246
f 1248 1230 1247
f 1249 1230 1248
f 945 1230 1249
f 654 1230 945
f 1231 1250 1251
f 1230 1250 1231
f 1250 1252 1251
f 1251 1252 1253
f 1252 1254 1253
f 1253 1254 1255
f 1254 1256 1255
f 1255 1256 1257
f 1256 1258 1257
f 1257 1258 1259
f 1258 1260 1259
f 1259 1260 1261
f 1260 1262 1261
f 1261 1262 1263
f 1262 1264 1263
f 1263 1264 1265
f 1264 1266 1265
f 1267 1266 1268
f 1265 1266 1267
f 1266 1269 1268
f 1268 1269 1270
f 1269 1271 1270
f 1270 1271 1272
f 1272 1273 1274
f 1271 1273 1272
f 1273 1275 1274
f 1274 1275 1276
f 1276 1277 1278
f 1275 1277 1276
f 1277 1279 1278
f 1278 1279 1280
f 745 1281 1282
f 745 1283 1281
f 788 1283 745
f 1284 1285 788
f 788 1285 1283
f 1286 1287 1284
f 1284 1287 1285
f 1288 1289 1286
f 1286 1289 1287
f 1288 1290 1289
f 1291 1290 1288
f 1292 1293 1291
f 1291 1293 1290
f 1294 1295 1296
f 1297 1298 1292
f 1299 1298 1297
f 1292 1298 1293
f 1295 1300 1296
f 1299 1301 1298
f 1300 1302 1296
f 1303 1304 1299
f 1299 1304 1301
f 1302 1305 1296
f 1306 1307 1303
f 1303 1307 1304
f 1308 1307 1306
f 1305 1309 1296
f 1308 1310 1307
f 1309 1311 1296
f 1308 1312 1310
f 1313 1312 1308
f 1311 1314 1296
f 1315 1316 1313
f 1313 1316 1312
f 1314 1317 1296
f 1315 1318 1316
f 1319 1318 1315
f 1070 1318 1319
f 1317 1320 1296
f 1070 1321 1318
f 1071 1321 1070
f 1320 1322 1296
f 1322 1323 1296
f 1323 1324 1296
f 1324 1325 1296
f 1325 1326 1296
f 1326 1327 1296
f 1327 1328 1296
f 1328 1329 1296
f 1329 1330 1296
f 1330 1331 1296
f 1331 1332 1296
f 1332 1333 1296
f 1333 1334 1296
f 1334 1335 1296
f 1335 1336 1296
f 1336 1337 1296
f 1337 1338 1296
f 1296 1338 1339
f 1338 1340 1339
f 1341 1340 1342
f 1339 1340 1341
f 1342 1343 1344
f 1340 1343 1342
f 1344 1345 1346
f 1343 1345 1344
f 1346 1347 1348
f 1345 1347 1346
f 1348 1349 1350
f 1347 1349 1348
f 1351 1352 1353
f 1354 1352 1351
f 1353 1355 1351
f 1351 1355 1356
f 1357 1358 1354
f 1354 1358 1352
f 1355 1359 1356
f 1356 1359 1360
f 1357 1361 1358
f 1362 1361 1357
f 1360 1363 1364
f 1359 1363 1360
f 1362 1365 1361
f 1366 1365 1362
f 1367 1365 1366
f 1363 1368 1364
f 1364 1368 1369
f 1367 1370 1365
f 1368 1371 1369
f 1369 1371 1372
f 1373 1374 1367
f 1367 1374 1370
f 1371 1375 1372
f 1372 1375 1376
f 1373 1377 1374
f 1378 1377 1373
f 1375 1379 1376
f 1380 1379 1381
f 1376 1379 1380
f 1378 1382 1377
f 1383 1382 1378
f 1384 1382 1383
f 1379 1385 1381
f 1384 1386 1382
f 1387 1386 1384
f 1381 1388 1389
f 1385 1388 1381
f 1387 1390 1386
f 1321 1390 1387
f 1391 1392 1393
f 1389 1392 1391
f 1388 1392 1389
f 1321 1394 1390
f 1071 1394 1321
f 1392 1395 1393
f 1396 1397 1071
f 1071 1397 1394
f 1395 1398 1393
f 1399 1398 1400
f 1393 1398 1399
f 1401 1402 1396
f 1403 1402 1401
f 1396 1402 1397
f 1398 1404 1400
f 1403 1405 1402
f 1404 1406 1400
f 1407 1406 1408
f 1400 1406 1407
f 1403 1409 1405
f 1410 1409 1403
f 1406 1411 1408
f 1412 1413 1414
f 1414 1413 1410
f 1410 1413 1409
f 1411 1415 1408
f 1408 1415 1416
f 1417 1418 1412
f 1412 1418 1413
f 1415 1419 1416
f 1416 1419 1420
f 1417 1421 1418
f 1419 1422 1420
f 1420 1422 1423
f 1424 1425 1417
f 1417 1425 1421
f 1426 1427 1428
f 1423 1427 1426
f 1422 1427 1423
f 1429 1430 1424
f 1431 1430 1429
f 1424 1430 1425
f 1427 1432 1428
f 1431 1433 1430
f 1432 1434 1428
f 1428 1434 1435
f 1436 1437 1431
f 1438 1437 1436
f 1431 1437 1433
f 1439 1440 1441
f 1435 1440 1439
f 1434 1440 1435
f 1438 1442 1437
f 1441 1443 1444
f 1440 1443 1441
f 1445 1446 1447
f 1448 1449 1445
f 1445 1449 1446
f 1446 1450 1447
f 1447 1450 1451
f 1452 1453 1448
f 1448 1453 1449
f 1451 1454 1455
f 1450 1454 1451
f 1456 1457 1452
f 1452 1457 1453
f 1455 1458 1459
f 1454 1458 1455
f 1456 1460 1457
f 1458 1461 1459
f 1459 1461 1462
f 1463 1464 1438
f 1438 1464 1442
f 1456 1465 1460
f 1466 1465 1456
f 1461 1467 1462
f 1462 1467 1468
f 1469 1470 1466
f 1466 1470 1465
f 1467 1471 1468
f 1468 1471 1472
f 1469 1473 1470
f 1474 1473 1469
f 1472 1475 1476
f 1471 1475 1472
f 1443 1477 1444
f 1474 1478 1473
f 1479 1478 1474
f 1475 1480 1476
f 1479 1481 1478
f 1482 1481 1479
f 1476 1483 1484
f 1480 1483 1476
f 1482 1485 1481
f 1486 1485 1482
f 1487 1488 1463
f 1489 1488 1487
f 1463 1488 1464
f 1483 1490 1484
f 1484 1490 1491
f 1486 1492 1485
f 1493 1492 1486
f 1490 1494 1491
f 1491 1494 1495
f 1496 1497 1498
f 1444 1497 1496
f 1477 1497 1444
f 1493 1499 1492
f 1500 1499 1493
f 1494 1501 1495
f 1495 1501 1502
f 1500 1503 1499
f 1504 1503 1500
f 1502 1505 1506
f 1501 1505 1502
f 1196 1507 1489
f 1489 1507 1488
f 1504 1508 1503
f 1505 1509 1506
f 1506 1509 1510
f 1504 1511 1508
f 1512 1511 1504
f 1498 1513 1514
f 1497 1513 1498
f 1510 1515 1516
f 1509 1515 1510
f 1512 1517 1511
f 1518 1517 1512
f 1195 1519 1196
f 1196 1519 1507
f 1515 1520 1516
f 1516 1520 1521
f 1518 1522 1517
f 1523 1522 1518
f 1521 1524 1525
f 1520 1524 1521
f 1513 1526 1514
f 1523 1527 1522
f 1528 1527 1523
f 1524 1529 1525
f 1279 1529 1280
f 1525 1529 1279
f 1528 1530 1527
f 1531 1530 1528
f 1532 1533 1195
f 1534 1533 1532
f 1195 1533 1519
f 1280 1535 1536
f 1529 1535 1280
f 1531 1537 1530
f 1538 1537 1531
f 1526 1539 1514
f 1514 1539 1540
f 1535 1541 1536
f 1536 1541 1542
f 1543 1544 1538
f 1538 1544 1537
f 1534 1545 1533
f 1546 1545 1534
f 1541 1547 1542
f 1542 1547 1548
f 1543 1549 1544
f 1550 1549 1543
f 1547 1551 1548
f 1548 1551 1552
f 1539 1553 1540
f 1554 1553 1555
f 1540 1553 1554
f 1550 1556 1549
f 1557 1556 1550
f 1551 1558 1552
f 1552 1558 1559
f 1546 1560 1545
f 1561 1560 1546
f 1557 1562 1556
f 1563 1562 1557
f 1559 1564 1565
f 1558 1564 1559
f 1553 1566 1555
f 1350 1567 1563
f 1563 1567 1562
f 1564 1568 1565
f 1565 1568 1569
f 1570 1571 1561
f 1561 1571 1560
f 1349 1572 1350
f 1350 1572 1567
f 1573 1572 1349
f 1569 1574 1575
f 1568 1574 1569
f 1555 1576 1577
f 1566 1576 1555
f 1578 1579 1573
f 1573 1579 1572
f 1574 1580 1575
f 1575 1580 1581
f 1582 1583 1570
f 1570 1583 1571
f 1578 1584 1579
f 1581 1585 1586
f 1580 1585 1581
f 1577 1587 1588
f 1576 1587 1577
f 1578 1589 1584
f 1590 1589 1578
f 1586 1591 1592
f 1585 1591 1586
f 1582 1593 1583
f 1594 1593 1582
f 1595 1596 1590
f 1590 1596 1589
f 1591 1597 1592
f 1592 1597 1598
f 1599 1600 1601
f 1588 1600 1599
f 1587 1600 1588
f 1595 1602 1596
f 1603 1602 1595
f 1597 1604 1598
f 1598 1604 1605
f 1594 1606 1593
f 1607 1606 1594
f 1608 1609 1603
f 1603 1609 1602
f 1604 1610 1605
f 1605 1610 1611
f 1600 1612 1601
f 1608 1613 1609
f 1614 1613 1608
f 1611 1615 1616
f 1610 1615 1611
f 1607 1617 1606
f 1618 1617 1607
f 1619 1620 1614
f 1614 1620 1613
f 1616 1621 1622
f 1615 1621 1616
f 1612 1623 1601
f 1624 1623 1625
f 1601 1623 1624
f 1626 1627 1619
f 1619 1627 1620
f 1622 1628 1629
f 1621 1628 1622
f 1618 1630 1617
f 1631 1632 1626
f 1626 1632 1627
f 1628 1633 1629
f 631 1633 479
f 1028 1633 631
f 1629 1633 1028
f 1625 1634 1635
f 1623 1634 1625
f 1636 1637 1631
f 1631 1637 1632
f 1633 1638 479
f 1639 1640 1636
f 1636 1640 1637
f 1638 1641 479
f 1634 1642 1635
f 1639 1643 1640
f 1641 1644 479
f 1645 1646 1639
f 1639 1646 1643
f 1644 1647 479
f 1648 1649 1645
f 1635 1649 1648
f 1642 1649 1635
f 1647 1650 479
f 1650 1651 479
f 1649 1652 1645
f 1645 1652 1646
f 1651 1653 479
f 1652 1654 1646
f 1646 1654 1655
f 1655 1656 1657
f 1654 1656 1655
f 1658 1659 1660
f 1657 1659 1658
f 1656 1659 1657
f 1659 1661 1660
f 1660 1661 1662
f 1662 1663 1664
f 1661 1663 1662
f 1664 1665 1666
f 1663 1665 1664
f 1666 1667 1668
f 1665 1667 1666
f 1669 1670 1198
f 1671 1670 1672
f 1199 1670 1671
f 1198 1670 1199
f 1673 1674 1675
f 1676 1674 1673
f 1677 1674 1676
f 1678 1674 1677
f 1679 1674 1678
f 1680 1674 1679
f 1681 1674 1680
f 1682 1674 1681
f 1683 1674 1682
f 1684 1674 1683
f 1685 1674 1684
f 1686 1674 1685
f 1687 1674 1686
f 1688 1674 1687
f 1689 1674 1688
f 1690 1674 1689
f 1691 1674 1690
f 1692 1674 1691
f 1693 1674 1692
f 1668 1674 1693
f 1667 1674 1668
f 1694 1674 1695
f 1696 1674 1694
f 1697 1674 1696
f 1698 1674 1697
f 1699 1674 1698
f 1700 1674 1699
f 1701 1674 1700
f 1702 1674 1701
f 1703 1674 1702
f 1704 1674 1703
f 1705 1674 1704
f 1706 1674 1705
f 1707 1674 1706
f 1708 1674 1707
f 1709 1674 1708
f 1710 1674 1709
f 1711 1674 1710
f 1712 1674 1711
f 1713 1674 1712
f 1714 1674 1713
f 1715 1674 1714
f 1716 1674 1715
f 1717 1674 1716
f 1718 1674 1717
f 1695 1674 1667
f 1719 1674 1718
f 1720 1674 1719
f 1721 1674 1722
f 1723 1674 1721
f 1724 1674 1723
f 1725 1674 1724
f 1726 1674 1725
f 1727 1674 1726
f 1728 1674 1727
f 1729 1674 1728
f 1730 1674 1729
f 1675 1674 1730
f 1720 1731 1674
f 1618 1731 1630
f 1732 1731 1618
f 1733 1731 1732
f 1734 1731 1733
f 1735 1731 1734
f 1736 1731 1720
f 1737 1731 1736
f 1738 1731 1737
f 1739 1731 1738
f 1740 1731 1739
f 1741 1731 1740
f 1742 1731 1741
f 1743 1731 1742
f 1744 1731 1743
f 1745 1731 1744
f 1746 1731 1745
f 1747 1731 1746
f 1748 1731 1747
f 1749 1731 1748
f 1750 1731 1749
f 1751 1731 1750
f 1630 1731 1751
f 1731 1752 1753
f 1735 1752 1731
f 1672 1752 1735
f 1670 1752 1672
f 1674 479 1754
f 1674 1754 1722
f 1754 479 1755
f 1755 479 1756
f 1756 479 1757
f 1757 479 1653
f 1 5 237
f 237 5 1758
f 1758 5 793
f 634 650 653
f 634 653 1759
f 634 1759 1760
f 634 1760 1761
f 634 1761 1762
f 634 1762 1763
f 634 1763 1764
f 634 1764 1765
f 634 1765 1766
f 634 1766 1767
f 634 1767 1768
f 634 1768 1769
f 634 1769 632
f 1296 745 1294
f 1294 745 1770
f 1770 745 1771
f 1771 745 1772
f 1772 745 1773
f 1773 745 1774
f 1774 745 1775
f 1775 745 1776
f 1776 745 1777
f 1777 745 1778
f 1778 745 1779
f 1779 745 1780
f 1780 745 1781
f 1781 745 1782
f 1782 745 1783
f 1783 745 1784
f 1784 745 1282
f 1785 3 1786
f 1787 1786 3
f 1788 3 1785
f 1789 1787 3
f 1790 3 1788
f 1791 1789 3
f 1792 3 1790
f 1793 1791 3
f 1794 3 1792
f 1795 1793 3
f 1796 3 1794
f 1797 1795 3
f 1798 3 1796
f 1799 1797 3
f 1800 3 1798
f 1801 1799 3
f 1802 3 1800
f 1803 1801 3
f 1804 3 1802
f 1805 1803 3
f 1806 3 1804
f 1807 1805 3
f 1808 3 1806
f 1809 3 4
f 1809 1807 3
f 1810 3 1808
f 1811 1809 4
f 1812 3 1810
f 1813 1811 4
f 1814 3 1812
f 1815 1813 4
f 1816 3 1814
f 1817 1815 4
f 1818 3 1816
f 1819 1817 4
f 1820 3 1818
f 1821 1819 4
f 1822 3 1820
f 1823 1821 4
f 1824 3 1822
f 1825 1823 4
f 1826 3 1824
f 1827 1825 4
f 1828 3 1826
f 1829 1827 4
f 1830 3 1828
f 1831 1829 4
f 1832 3 1830
f 1833 1831 4
f 1834 3 1832
f 1835 1833 4
f 1836 3 1834
f 1837 1835 4
f 1838 3 1836
f 1839 3 1838
f 1840 3 1839
f 1841 3 1840
f 1842 3 1841
f 1843 3 1842
f 1844 3 1843
f 1845 3 1844
f 1846 3 1845
f 1847 3 1846
f 1848 3 1847
f 1849 4 1850
f 1851 1850 4
f 1852 4 1849
f 1853 1851 4
f 1854 4 1852
f 1855 1853 4
f 1856 4 1854
f 1857 1855 4
f 1858 4 1856
f 1859 1857 4
f 1860 4 1858
f 1861 1859 4
f 1862 4 1860
f 1863 1861 4
f 1864 4 1862
f 1865 1863 4
f 1866 4 1864
f 1867 1865 4
f 1868 4 1866
f 1869 1867 4
f 1870 4 1868
f 1871 1869 4
f 1872 4 1870
f 1873 1871 4
f 1874 4 1872
f 1875 1873 4
f 1876 4 1874
f 1876 1837 4
f 1877 1875 4
f 1878 1879 1837
f 1878 1837 1876
f 1880 1877 4
f 1881 1882 1879
f 1881 1879 1878
f 1883 1880 4
f 1884 1885 1882
f 1884 1882 1881
f 1886 1883 4
f 1887 1885 1884
f 1887 1888 1885
f 1889 1886 4
f 1890 1891 1888
f 1890 1888 1887
f 1892 1889 4
f 1893 1894 1891
f 1893 1891 1890
f 1895 1892 4
f 1896 1897 1894
f 1896 1894 1893
f 1898 1895 4
f 1899 1900 1897
f 1899 1897 1896
f 1901 1898 4
f 1902 1903 1900
f 1902 1900 1899
f 1904 1901 4
f 1905 1906 1903
f 1905 1903 1902
f 1907 1904 4
f 1908 1906 1905
f 1908 1909 1906
f 1910 1907 4
f 1911 1909 1908
f 1911 1912 1909
f 1913 1910 4
f 1914 1915 1912
f 1914 1912 1911
f 1916 1913 4
f 1917 1918 1915
f 1917 1919 1918
f 1917 1915 1914
f 1920 1916 4
f 1921 1919 1917
f 1921 1922 1919
f 1923 1920 4
f 1924 1922 1921
f 1924 1925 1922
f 1926 1923 4
f 1927 1928 1925
f 1927 1925 1924
f 1929 1926 4
f 1930 1931 1928
f 1930 1928 1927
f 1932 1929 4
f 1933 1931 1930
f 1933 1934 1931
f 1935 1934 1933
f 1935 1936 1934
f 1937 1938 1936
f 1937 1936 1935
f 1939 1940 1938
f 1939 1938 1937
f 1941 1942 1940
f 1941 1940 1939
f 1943 1942 1941
f 1943 1944 1942
f 1945 1946 1944
f 1945 1944 1943
f 1947 1948 1946
f 1947 1946 1945
f 1949 1950 1948
f 1949 1948 1947
f 1951 1952 1950
f 1951 1950 1949
f 1953 1954 1952
f 1953 1952 1951
f 1955 1956 1954
f 1955 1954 1953
f 1957 1958 1956
f 1957 1956 1955
f 1959 1960 1958
f 1959 1958 1957
f 1961 1962 1960
f 1961 1960 1959
f 1963 1964 1962
f 1963 1962 1961
f 1965 1966 1964
f 1965 1964 1963
f 1967 1968 1966
f 1967 1966 1965
f 1969 1968 1967
f 1969 1970 1968
f 1971 1970 1969
f 1972 3 1973
f 1974 1973 3
f 1975 3 1972
f 1976 1974 3
f 1977 3 1975
f 1978 1976 3
f 1979 3 1977
f 1980 1978 3
f 1981 3 1979
f 1982 3 1848
f 1982 1980 3
f 1982 1848 1983
f 1984 3 1981
f 1985 1982 1983
f 1986 3 1984
f 1987 1985 1983
f 1987 1983 1988
f 1989 3 1986
f 1990 1987 1988
f 1990 1991 1992
f 1990 1988 1991
f 1993 3 1989
f 1994 1990 1992
f 1995 3 1993
f 1996 1992 1997
f 1996 1994 1992
f 1998 3 1995
f 1999 1997 2000
f 1999 1996 1997
f 2001 3 1998
f 2002 2003 2004
f 2002 2000 2003
f 2002 1999 2000
f 2005 3 2001
f 2006 2002 2004
f 2007 3 2005
f 2008 2004 2009
f 2008 2006 2004
f 2010 3 2007
f 2011 2009 2012
f 2011 2008 2009
f 2013 3 2010
f 2014 2011 2012
f 2014 2012 2015
f 2016 2014 2015
f 2016 2017 2018
f 2016 2015 2017
f 2019 2016 2018
f 2020 2019 2018
f 2020 2018 2021
f 2022 2020 2021
f 2022 2021 2023
f 2024 2022 2023
f 2024 2023 2025
f 2026 2024 2025
f 2026 2027 2028
f 2026 2025 2027
f 2029 2026 2028
f 2030 2028 2031
f 2030 2029 2028
f 2032 2030 2031
f 2032 2031 2033
f 2034 2033 2035
f 2034 2032 2033
f 2036 2034 2035
f 2036 2037 2038
f 2036 2035 2037
f 2039 2038 2040
f 2039 2036 2038
f 2041 2039 2040
f 2042 1970 1971
f 2042 2040 1970
f 2042 2041 2040
f 2043 1971 2044
f 2043 2042 1971
f 2045 2044 2046
f 2045 2043 2044
f 2047 2046 2048
f 2047 2045 2046
f 2049 2048 2050
f 2049 2047 2048
f 2051 2050 2052
f 2051 2049 2050
f 2053 2051 2052
f 2053 2052 2054
f 2055 2053 2054
f 2055 2054 2056
f 8 2057 2058
f 8 2059 2057
f 8 2060 2059
f 8 2061 2060
f 8 2062 2061
f 8 2063 2062
f 8 1932 4
f 8 2064 1932
f 8 2065 2064
f 8 2066 2065
f 8 2067 2066
f 8 2068 2067
f 8 2069 2068
f 8 2070 2069
f 8 2071 2070
f 8 2072 2071
f 8 2073 2072
f 8 2074 2073
f 8 2075 2074
f 8 2076 2075
f 8 2077 2076
f 8 2058 2077
f 2078 2079 2080
f 2081 2082 2079
f 2081 2079 2078
f 2083 2084 2085
f 2083 2080 2084
f 2083 2078 2080
f 2086 2082 2081
f 2086 2087 2082
f 2088 2083 2085
f 2088 2085 2089
f 2090 2087 2086
f 2090 2091 2087
f 2092 2088 2089
f 2092 2089 2093
f 2094 2091 2090
f 2094 2095 2091
f 2096 2092 2093
f 2096 2093 2097
f 2098 2095 2094
f 2098 2099 2095
f 2100 2096 2097
f 2100 2097 2101
f 2102 2099 2098
f 2102 2103 2099
f 2104 2100 2101
f 2104 2101 2105
f 2106 2103 2102
f 2106 2107 2103
f 2108 2104 2105
f 2108 2105 2109
f 2110 2111 2112
f 2110 2107 2106
f 2110 2112 2107
f 2113 2108 2109
f 2113 2109 2114
f 2115 2116 2111
f 2115 2111 2110
f 2117 2113 2114
f 2117 2118 2119
f 2117 2114 2118
f 2120 2121 2116
f 2120 2116 2115
f 2122 2119 2123
f 2122 2117 2119
f 2124 2125 2121
f 2124 2121 2120
f 2126 2123 2127
f 2126 2122 2123
f 2128 2129 2125
f 2128 2125 2124
f 2130 2126 2127
f 2130 2127 2131
f 2132 2133 2129
f 2132 2129 2128
f 2134 2130 2131
f 2134 2131 2135
f 2136 2137 2133
f 2136 2133 2132
f 2138 2135 2139
f 2138 2134 2135
f 2140 2141 2137
f 2140 2137 2136
f 2142 2138 2139
f 2142 2139 2143
f 2144 2145 2141
f 2144 2146 2145
f 2144 2147 2146
f 2144 2148 2147
f 2144 2149 2148
f 2144 2150 2149
f 2144 2141 2140
f 2151 2142 2143
f 2151 2143 2152
f 2153 2151 2152
f 2153 2152 2154
f 2155 2156 2157
f 2155 2154 2156
f 2155 2153 2154
f 2158 2155 2157
f 2158 2157 2159
f 2160 2159 2161
f 2160 2158 2159
f 2162 2161 2163
f 2162 2160 2161
f 2164 2162 2163
f 2164 2163 2165
f 2166 2164 2165
f 2166 2165 2167
f 2168 2166 2167
f 2168 2167 2169
f 2170 2169 2171
f 2170 2168 2169
f 2172 2170 2171
f 2172 2171 2173
f 2174 2173 2175
f 2174 2172 2173
f 2176 2174 2175
f 2176 2175 2177
f 2178 2176 2177
f 2178 2177 2179
f 2180 2178 2179
f 2180 2179 2181
f 2182 2180 2181
f 2182 2181 2183
f 2184 2182 2183
f 2184 2183 2185
f 2186 2184 2185
f 2186 2185 2187
f 2188 8 2189
f 2190 2189 8
f 2191 8 2188
f 2192 2190 8
f 2193 8 2191
f 2194 2192 8
f 2195 8 2193
f 2196 2194 8
f 2197 8 2195
f 2198 2196 8
f 2199 8 2197
f 2200 2198 8
f 2201 8 2199
f 2202 2200 8
f 2203 8 2201
f 2204 2202 8
f 2205 8 2203
f 2206 2204 8
f 2207 8 2205
f 2208 2206 8
f 2209 8 2207
f 2210 2208 8
f 2211 8 2209
f 2212 2210 8
f 2213 8 2211
f 2214 2212 8
f 2215 8 2213
f 2216 2214 8
f 2217 8 2215
f 2218 2216 8
f 2219 8 2217
f 2220 2218 8
f 2221 8 2219
f 2221 2222 2063
f 2221 2063 8
f 2223 2220 8
f 2224 2222 2221
f 2224 2225 2222
f 2226 2223 8
f 2227 2228 2225
f 2227 2225 2224
f 2229 2226 8
f 2230 2231 2228
f 2230 2228 2227
f 2232 2229 8
f 2233 2231 2230
f 2233 2234 2231
f 2235 2232 8
f 2236 2237 2234
f 2236 2234 2233
f 2238 2235 8
f 2239 2237 2236
f 2239 2240 2237
f 2241 2238 8
f 2242 2240 2239
f 2242 2243 2240
f 2244 2241 8
f 2245 2246 2243
f 2245 2243 2242
f 2247 2244 8
f 2248 2246 2245
f 2248 2249 2246
f 2250 2247 8
f 2251 2249 2248
f 2251 2252 2249
f 2253 2252 2251
f 2254 2255 2256
f 2254 2257 2255
f 2254 2258 2257
f 2254 2259 2258
f 2254 2260 2259
f 2254 2261 2260
f 2254 2262 2261
f 2254 2263 2262
f 2254 2264 2263
f 2254 2265 2264
f 2254 2266 2265
f 2254 2267 2266
f 2254 2250 8
f 2254 2268 2267
f 2254 2269 2268
f 2254 2270 2269
f 2254 2271 2250
f 2254 2272 2271
f 2254 2273 2272
f 2254 2274 2273
f 2254 2275 2274
f 2254 2276 2275
f 2254 2277 2276
f 2254 2278 2277
f 2254 2256 2278
f 2279 2280 2281
f 2282 2283 2280
f 2282 2280 2279
f 2284 2281 2285
f 2284 2279 2281
f 2286 2287 2283
f 2286 2283 2282
f 2288 2285 2289
f 2288 2284 2285
f 2290 2291 2287
f 2290 2287 2286
f 2292 2289 2293
f 2292 2288 2289
f 2294 2291 2290
f 2294 2295 2291
f 2296 2293 2297
f 2296 2292 2293
f 2298 2299 2295
f 2298 2295 2294
f 2300 2297 2301
f 2300 2296 2297
f 2302 2299 2298
f 2302 2303 2299
f 2304 2301 2305
f 2304 2300 2301
f 2306 2307 2303
f 2306 2303 2302
f 2308 2305 2309
f 2308 2304 2305
f 2310 2311 2307
f 2310 2307 2306
f 2312 2308 2309
f 2312 2309 2313
f 2314 2315 2311
f 2314 2311 2310
f 2316 2312 2313
f 2316 2313 2317
f 2318 2319 2315
f 2318 2315 2314
f 2320 2316 2317
f 2320 2317 2321
f 2322 2323 2319
f 2322 2319 2318
f 2324 2320 2321
f 2324 2321 2325
f 2326 2327 2323
f 2326 2323 2322
f 2328 2324 2325
f 2328 2325 2329
f 2330 2331 2327
f 2330 2327 2326
f 2332 2328 2329
f 2332 2329 2333
f 2334 2331 2330
f 2334 2335 2331
f 2336 2332 2333
f 2336 2333 2337
f 2338 2335 2334
f 2338 2339 2335
f 2340 2336 2337
f 2340 2337 2341
f 2342 2343 2339
f 2342 2339 2338
f 2344 2340 2341
f 2344 2341 2345
f 2346 2347 2343
f 2346 2343 2342
f 2348 2344 2345
f 2348 2345 2270
f 2349 2350 2347
f 2349 2347 2346
f 2351 2270 2254
f 2351 2348 2270
f 2352 2353 2350
f 2352 2350 2349
f 2354 2351 2254
f 2355 2356 2353
f 2355 2353 2352
f 2357 2354 2254
f 2358 2359 2356
f 2358 2356 2355
f 2360 2357 2254
f 2361 2362 2359
f 2361 2359 2358
f 2363 2360 2254
f 2364 2365 2362
f 2364 2362 2361
f 2366 2363 2254
f 2367 2368 2365
f 2367 2365 2364
f 2369 2366 2254
f 2370 2371 2368
f 2370 2368 2367
f 2372 2369 2254
f 2373 2372 2254
f 2374 2373 2254
f 2375 2374 2254
f 2376 2375 2254
f 2377 2376 2254
f 2378 2377 2254
f 2379 2378 2254
f 2380 2379 2254
f 2381 2380 2254
f 2382 2381 2254
f 2383 2384 2150
f 2383 2385 2384
f 2383 2386 2385
f 2383 2387 2386
f 2383 2150 2144
f 2388 2382 2254
f 2389 2388 2254
f 2390 2389 2254
f 2391 2390 2254
f 2392 2391 2254
f 2393 2392 2254
f 2394 2393 2254
f 2395 2394 2254
f 2396 2395 2254
f 2397 2396 2254
f 2398 2397 2254
f 2399 2398 2254
f 2400 2399 2254
f 2401 2400 2254
f 2402 2401 2254
f 2403 2402 2254
f 2404 2403 2254
f 2405 2404 2254
f 2406 2405 2254
f 2407 2406 2254
f 2408 2409 2410
f 2411 2408 2410
f 2412 2411 2410
f 2413 2412 2410
f 2414 2413 2410
f 2415 2414 2410
f 2416 2415 2410
f 2417 2416 2410
f 2418 2417 2410
f 2419 2418 2410
f 2420 2419 2410
f 2421 2420 2410
f 2422 2421 2410
f 2423 2422 2410
f 2424 2423 2410
f 2425 2426 2427
f 2425 2428 2426
f 2425 2429 2428
f 2430 2424 2410
f 2430 2410 2431
f 2432 2425 2427
f 2433 2425 2432
f 2434 2425 2433
f 2435 2425 2434
f 2436 2425 2435
f 2437 2425 2436
f 2438 2425 2437
f 2439 2425 2438
f 2440 2425 2439
f 2441 2425 2440
f 2442 2425 2441
f 2443 2425 2442
f 2444 2425 2443
f 2445 2425 2444
f 2446 2425 2445
f 2447 2425 2446
f 2448 2425 2447
f 2449 2425 2448
f 2450 2425 2449
f 2451 2425 2450
f 2452 2425 2451
f 2453 2425 2452
f 2454 2425 2453
f 2454 2455 2425
f 2456 2455 2454
f 2457 2458 2459
f 2460 2458 2457
f 2460 2461 2458
f 2462 2457 2459
f 2462 2459 2463
f 2464 2461 2460
f 2464 2465 2466
f 2464 2466 2461
f 2467 2462 2463
f 2467 2463 2468
f 2469 2465 2464
f 2469 2470 2465
f 2471 2467 2468
f 2471 2468 2472
f 2473 2470 2469
f 2473 2474 2470
f 2475 2471 2472
f 2475 2472 2476
f 2477 2474 2473
f 2477 2478 2474
f 2479 2475 2476
f 2479 2476 2480
f 2481 2478 2477
f 2481 2482 2478
f 2483 2479 2480
f 2483 2480 2484
f 2485 2482 2481
f 2485 2486 2482
f 2487 2483 2484
f 2487 2484 2488
f 2489 2490 2486
f 2489 2486 2485
f 2491 2487 2488
f 2491 2488 2455
f 2491 2455 2456
f 2492 2490 2489
f 2492 2493 2490
f 2494 2491 2456
f 2494 2456 2495
f 2496 2493 2492
f 2496 2497 2493
f 2498 2494 2495
f 2498 2499 2500
f 2498 2495 2499
f 2501 2497 2496
f 2501 2502 2497
f 2503 2498 2500
f 2503 2500 2504
f 2505 2506 2502
f 2505 2502 2501
f 2507 2503 2504
f 2507 2504 2508
f 2509 2506 2505
f 2509 2510 2506
f 2511 2507 2508
f 2511 2508 2512
f 2513 2510 2509
f 2513 2514 2515
f 2513 2515 2510
f 2516 2511 2512
f 2516 2512 2517
f 2518 2519 2514
f 2518 2514 2513
f 2520 2516 2517
f 2520 2517 2521
f 2522 2519 2518
f 2522 2523 2519
f 2524 2520 2521
f 2525 2526 2523
f 2525 2523 2522
f 2527 2524 2521
f 2528 2526 2525
f 2528 2529 2526
f 2530 2527 2521
f 2531 2532 2529
f 2531 2529 2528
f 2533 2530 2521
f 2534 2535 2532
f 2534 2532 2531
f 2536 2533 2521
f 2537 2535 2534
f 2537 2538 2535
f 2539 2536 2521
f 2540 2538 2537
f 2540 2541 2538
f 2542 2539 2521
f 2543 2541 2540
f 2543 2544 2541
f 2545 2542 2521
f 2546 2547 2544
f 2546 2544 2543
f 2548 2545 2521
f 2549 2550 2547
f 2549 2547 2546
f 2551 2548 2521
f 2552 2551 2521
f 2553 2552 2521
f 2554 2553 2521
f 2555 2554 2521
f 2556 2555 2521
f 2557 2556 2521
f 2558 2557 2521
f 2559 2558 2521
f 2560 2559 2521
f 2561 2560 2521
f 2562 2561 2521
f 2563 2562 2521
f 2564 2563 2521
f 6 2565 2387
f 6 2566 2565
f 6 2567 2566
f 6 2568 2567
f 6 2569 2568
f 6 2383 2570
f 6 2570 2571
f 6 2571 2572
f 6 2572 2573
f 6 2573 2574
f 6 2574 2575
f 6 2575 2576
f 6 2576 2577
f 6 2577 2578
f 6 2578 2579
f 6 2579 2580
f 6 2580 2581
f 6 2581 2582
f 6 2582 2583
f 6 2583 2584
f 6 2584 2585
f 6 2585 2586
f 6 2586 2587
f 6 2587 2588
f 6 2387 2383
f 2589 2590 2591
f 2589 2591 2592
f 2593 2591 2371
f 2593 2592 2591
f 2593 2370 2594
f 2593 2371 2370
f 2595 2590 2589
f 2595 2596 2590
f 2597 2593 2594
f 2597 2594 2598
f 2599 2596 2595
f 2599 2600 2596
f 2601 2598 2602
f 2601 2597 2598
f 2603 2600 2599
f 2603 2253 2600
f 2603 2252 2253
f 2603 2604 2252
f 2605 2602 2606
f 2605 2601 2602
f 2607 2604 2603
f 2607 2608 2604
f 2609 2606 2610
f 2609 2605 2606
f 2611 2055 2056
f 2611 2056 2608
f 2611 2608 2607
f 2611 2612 2055
f 2613 2610 2614
f 2613 2609 2610
f 2615 2612 2611
f 2615 2616 2612
f 2617 2614 2618
f 2617 2613 2614
f 2619 2616 2615
f 2620 2617 2618
f 2620 2618 2621
f 2622 2186 2187
f 2622 2616 2619
f 2622 2623 2186
f 2622 2187 2616
f 2624 2621 2625
f 2624 2620 2621
f 2626 2627 2623
f 2626 2623 2622
f 2628 2625 2629
f 2628 2624 2625
f 2630 2627 2626
f 2630 2631 2627
f 2632 2629 2633
f 2632 2628 2629
f 2634 2635 2631
f 2634 2631 2630
f 2636 2633 2637
f 2636 2632 2633
f 2638 2639 2635
f 2638 2635 2634
f 2640 2636 2637
f 2640 2637 2641
f 2642 2639 2638
f 2642 2643 2639
f 2644 2640 2641
f 2644 2641 2645
f 2646 2643 2642
f 2646 2647 2643
f 2648 2644 2645
f 2648 2645 2649
f 2650 2647 2646
f 2650 2651 2647
f 2652 2648 2649
f 2652 2649 2653
f 2654 2651 2650
f 2654 2655 2651
f 2656 2653 2657
f 2656 2652 2653
f 2658 2655 2654
f 2659 2657 2660
f 2659 2656 2657
f 2661 2662 2655
f 2661 2655 2658
f 2663 2660 2664
f 2663 2659 2660
f 2665 2662 2661
f 2665 2666 2662
f 2667 2664 2668
f 2667 2663 2664
f 2669 2670 2666
f 2669 2666 2665
f 2671 2667 2668
f 2671 2668 2672
f 2673 2674 2675
f 2673 2675 2676
f 2677 2675 2678
f 2677 2676 2675
f 2679 2674 2673
f 2679 2680 2674
f 2681 2682 2683
f 2681 2678 2682
f 2681 2677 2678
f 2684 2670 2669
f 2684 2431 2670
f 2684 2430 2431
f 2685 2686 2680
f 2685 2680 2679
f 2687 2681 2683
f 2687 2683 2688
f 2689 2690 2686
f 2689 2686 2685
f 2691 2672 2692
f 2691 2671 2672
f 2693 2687 2688
f 2694 2690 2689
f 2694 2695 2690
f 2694 2696 2695
f 2697 2430 2684
f 2698 2693 2688
f 2698 2699 2700
f 2698 2688 2699
f 2701 2692 2702
f 2701 2691 2692
f 2703 2696 2694
f 2704 2698 2700
f 2705 2430 2697
f 2706 2549 2696
f 2706 2696 2703
f 2706 2550 2549
f 2707 2702 2708
f 2707 2701 2702
f 2709 2710 2711
f 2709 2700 2710
f 2709 2704 2700
f 2712 2430 2705
f 2713 2714 2550
f 2713 2550 2706
f 2715 2708 2716
f 2715 2707 2708
f 2717 2711 2718
f 2717 2709 2711
f 2719 2720 2714
f 2719 2714 2713
f 2721 2430 2712
f 2722 2717 2718
f 2723 2715 2716
f 2723 2716 2724
f 2725 2726 2720
f 2725 2720 2719
f 2727 2722 2718
f 2727 2728 2729
f 2727 2718 2728
f 2730 2723 2724
f 2730 2724 2731
f 2732 2733 2726
f 2732 2726 2725
f 2734 2730 2731
f 2734 2731 2735
f 2736 2727 2729
f 2737 2733 2732
f 2737 2738 2733
f 2739 2734 2735
f 2739 2735 2740
f 2741 2742 2743
f 2741 2729 2742
f 2741 2736 2729
f 2744 2738 2737
f 2744 2745 2738
f 2746 2740 2747
f 2746 2739 2740
f 2748 2741 2743
f 2749 2746 2747
f 2749 2747 2750
f 2751 6 2588
f 2751 2745 2744
f 2751 2588 2745
f 2752 2748 2743
f 2752 2743 2753
f 2754 2750 2755
f 2754 2749 2750
f 2756 6 2751
f 2757 2754 2755
f 2757 2755 2758
f 2759 2753 2760
f 2759 2752 2753
f 2761 2757 2758
f 2761 2758 2762
f 2763 6 2756
f 2764 2759 2760
f 2764 2760 2765
f 2766 2762 2767
f 2766 2761 2762
f 2768 6 2763
f 2769 2767 2770
f 2769 2766 2767
f 2771 2764 2765
f 2771 2765 2772
f 2773 2770 2774
f 2773 2769 2770
f 2775 6 2768
f 2776 2774 2777
f 2776 2773 2774
f 2778 2772 2779
f 2778 2771 2772
f 2780 2777 2781
f 2780 2776 2777
f 2782 6 2775
f 2783 2781 2784
f 2783 2780 2781
f 2785 2786 2787
f 2785 2779 2786
f 2785 2778 2779
f 2788 2784 2789
f 2788 2783 2784
f 2790 6 2782
f 2791 2789 2792
f 2791 2788 2789
f 2793 2785 2787
f 2794 2792 2795
f 2794 2791 2792
f 2796 6 2790
f 2797 2795 2798
f 2797 2794 2795
f 2799 2787 2800
f 2799 2793 2787
f 2801 2797 2798
f 2801 2798 2802
f 2803 6 2796
f 2804 2802 2407
f 2804 2801 2802
f 2805 2800 2806
f 2805 2799 2800
f 2807 6 2803
f 2808 2806 2809
f 2808 2805 2806
f 2810 2811 2812
f 2810 2809 2811
f 2810 2808 2809
f 2813 2810 2812
f 2814 2815 2816
f 2814 2812 2815
f 2814 2813 2812
f 2817 2816 2818
f 2817 2814 2816
f 2819 2817 2818
f 2820 2818 2821
f 2820 2819 2818
f 2822 2821 2823
f 2822 2820 2821
f 2824 2822 2823
f 2824 2825 2826
f 2824 2823 2825
f 2827 2824 2826
f 2828 2826 2829
f 2828 2827 2826
f 2830 2829 2831
f 2830 2828 2829
f 2832 2831 2833
f 2832 2830 2831
f 2834 2832 2833
f 2834 2833 2835
f 2836 2834 2835
f 2836 2835 2837
f 2838 2836 2837
f 2838 2839 2840
f 2838 2837 2839
f 2841 2838 2840
f 2842 2841 2840
f 2842 2843 2844
f 2842 2840 2843
f 2845 2842 2844
f 2845 2844 2846
f 2847 2845 2846
f 2848 2849 2850
f 2851 2849 2848
f 2851 2852 2849
f 2853 2848 2850
f 2853 2850 2854
f 2855 2852 2851
f 2855 2856 2852
f 2857 2853 2854
f 2858 2856 2855
f 2858 2807 2856
f 2859 2854 2860
f 2859 2857 2854
f 2861 6 2807
f 2861 2807 2858
f 2862 2860 2863
f 2862 2859 2860
f 2864 6 2861
f 2865 2862 2863
f 2865 2863 2866
f 2867 6 2864
f 2868 2866 2869
f 2868 2865 2866
f 2870 6 2867
f 2871 2869 2872
f 2871 2868 2869
f 2873 6 2870
f 2874 2872 2875
f 2874 2871 2872
f 2876 6 2873
f 2877 2874 2875
f 2877 2875 2878
f 2879 6 2876
f 2880 2877 2878
f 2881 6 2879
f 2882 2878 2883
f 2882 2880 2878
f 2884 6 2881
f 2885 2883 2886
f 2885 2882 2883
f 2887 6 2884
f 2888 2886 2889
f 2888 2885 2886
f 2890 6 2887
f 2891 2888 2889
f 2891 2889 2892
f 2893 6 2890
f 2894 2891 2892
f 2894 2892 2895
f 2896 6 2893
f 2897 2894 2895
f 2898 6 2896
f 2899 2897 2895
f 2899 2895 2900
f 2901 6 2898
f 2902 2899 2900
f 2902 2900 2903
f 2904 6 2901
f 2905 2902 2903
f 2905 2903 2906
f 2907 6 2904
f 2908 2906 2909
f 2908 2905 2906
f 2910 6 2907
f 2911 2909 2912
f 2911 2908 2909
f 2913 6 2910
f 2914 2911 2912
f 2914 2912 2915
f 2916 6 2913
f 2917 2914 2915
f 2918 6 2916
f 2919 2917 2915
f 2919 2915 2920
f 2921 6 2918
f 2922 2919 2920
f 2922 2920 2923
f 2924 6 2921
f 2925 2922 2923
f 2925 2923 2926
f 2927 6 2924
f 2928 2926 2929
f 2928 2925 2926
f 2930 6 2927
f 2931 2928 2929
f 2931 2929 2932
f 2933 6 2930
f 2934 2931 2932
f 2935 6 2933
f 2936 2932 2937
f 2936 2934 2932
f 2938 6 2935
f 2939 2937 2940
f 2939 2936 2937
f 2941 6 2938
f 2942 2939 2940
f 2942 2940 2943
f 2944 2943 2945
f 2944 2942 2943
f 2946 2945 2947
f 2946 2944 2945
f 2948 2947 2949
f 2948 2946 2947
f 2950 2949 2951
f 2950 2948 2949
f 2952 2950 2951
f 2953 2951 2954
f 2953 2952 2951
f 2955 2954 2956
f 2955 2953 2954
f 2957 2956 2958
f 2957 2955 2956
f 2959 2957 2958
f 2959 2958 2960
f 2961 2960 2962
f 2961 2959 2960
f 2963 2962 2964
f 2963 2961 2962
f 2965 2963 2964
f 2965 2964 2966
f 2967 2966 2968
f 2967 2965 2966
f 2969 2967 2968
f 2969 2968 2970
f 2971 2970 2972
f 2971 2969 2970
f 2973 2974 2975
f 2973 2976 2974
f 2973 2977 2976
f 2973 2978 2977
f 2973 2979 2978
f 2973 2980 2979
f 2973 2981 2980
f 2973 2982 2981
f 2973 2983 2982
f 2973 2984 2983
f 2973 2985 2984
f 2973 2986 2985
f 2973 2987 2986
f 2973 2988 2987
f 2973 2989 2988
f 2973 2990 2989
f 2973 2991 2990
f 2973 2992 2991
f 2973 2993 2992
f 2973 2994 2993
f 2973 2995 2994
f 2973 2996 2995
f 2973 2997 2996
f 2973 2998 2997
f 2973 2999 2998
f 2973 3000 2999
f 2973 3001 3000
f 2973 3002 3001
f 2973 3003 3002
f 2973 3004 3003
f 2973 2941 3004
f 2973 6 2941
f 3005 3006 3007
f 3005 3008 3006
f 3005 3009 3008
f 3005 3010 3009
f 3005 3011 3010
f 3005 3012 3011
f 3005 3013 3012
f 3005 3014 3013
f 3005 3015 3014
f 3005 3016 3015
f 3005 3017 3016
f 3005 3018 3017
f 3005 3019 3018
f 3005 3020 3019
f 3005 3021 3020
f 3005 3022 3021
f 3005 3023 3022
f 3005 3024 3023
f 3005 3025 3024
f 3005 2721 3025
f 3005 2430 2721
f 3026 3007 3027
f 3026 3005 3007
f 3028 3026 3027
f 3028 3027 3029
f 3030 3028 3029
f 3030 3029 3031
f 3032 3030 3031
f 3032 3031 3033
f 3034 3032 3033
f 3034 3033 3035
f 3036 3034 3035
f 3036 3035 3037
f 3038 3036 3037
f 3038 3037 3039
f 3040 3038 3039
f 3040 3039 3041
f 3042 3040 3041
f 3042 3043 3044
f 3042 3041 3043
f 3045 3042 3044
f 3045 3044 3046
f 3047 3045 3046
f 3047 3046 3048
f 3049 3048 3050
f 3049 3047 3048
f 3051 3049 3050
f 3051 3050 3052
f 3053 3052 3054
f 3053 3051 3052
f 3055 3053 3054
f 3055 3054 3056
f 3057 2521 3058
f 3059 2521 3057
f 3059 2564 2521
f 3060 3061 2564
f 3060 2564 3059
f 3062 3063 3061
f 3062 3061 3060
f 3064 3065 3063
f 3064 3063 3062
f 3066 3065 3064
f 3066 3067 3065
f 3068 3069 3067
f 3068 3067 3066
f 3070 3071 3072
f 3073 3074 3069
f 3073 3075 3074
f 3073 3069 3068
f 3076 3070 3072
f 3077 3075 3073
f 3078 3076 3072
f 3079 3080 3075
f 3079 3075 3077
f 3081 3078 3072
f 3082 3083 3080
f 3082 3080 3079
f 3082 3084 3083
f 3085 3081 3072
f 3086 3084 3082
f 3087 3085 3072
f 3088 3084 3086
f 3088 3089 3084
f 3090 3087 3072
f 3091 3092 3089
f 3091 3089 3088
f 3093 3090 3072
f 3094 3092 3091
f 3094 3095 3092
f 3094 2846 3095
f 3096 3093 3072
f 3097 2846 3094
f 3097 2847 2846
f 3098 3096 3072
f 3099 3098 3072
f 3100 3099 3072
f 3101 3100 3072
f 3102 3101 3072
f 3103 3102 3072
f 3104 3103 3072
f 3105 3104 3072
f 3106 3105 3072
f 3107 3106 3072
f 3108 3107 3072
f 3109 3108 3072
f 3110 3109 3072
f 3111 3110 3072
f 3112 3111 3072
f 3113 3112 3072
f 3114 3113 3072
f 3114 3072 3115
f 3116 3114 3115
f 3116 3117 3118
f 3116 3115 3117
f 3119 3118 3120
f 3119 3116 3118
f 3121 3120 3122
f 3121 3119 3120
f 3123 3122 3124
f 3123 3121 3122
f 3125 3124 3126
f 3125 3123 3124
f 3127 3128 3129
f 3127 3130 3128
f 3131 3129 3128
f 3131 3128 3132
f 3133 3134 3130
f 3133 3130 3127
f 3135 3131 3132
f 3135 3132 3136
f 3137 3134 3133
f 3137 3138 3134
f 3139 3136 3140
f 3139 3135 3136
f 3141 3138 3137
f 3141 3142 3138
f 3141 3143 3142
f 3144 3139 3140
f 3144 3140 3145
f 3146 3143 3141
f 3147 3144 3145
f 3147 3145 3148
f 3149 3150 3143
f 3149 3143 3146
f 3151 3147 3148
f 3151 3148 3152
f 3153 3150 3149
f 3153 3154 3150
f 3155 3151 3152
f 3155 3156 3157
f 3155 3152 3156
f 3158 3154 3153
f 3158 3159 3154
f 3158 3160 3159
f 3161 3155 3157
f 3162 3160 3158
f 3162 3163 3160
f 3164 3157 3165
f 3164 3161 3157
f 3166 3163 3162
f 3166 3097 3163
f 3167 3168 3169
f 3167 3165 3168
f 3167 3164 3165
f 3170 3097 3166
f 3170 2847 3097
f 3171 3167 3169
f 3172 3173 2847
f 3172 2847 3170
f 3174 3171 3169
f 3174 3175 3176
f 3174 3169 3175
f 3177 3178 3173
f 3177 3179 3178
f 3177 3173 3172
f 3180 3174 3176
f 3181 3179 3177
f 3182 3180 3176
f 3182 3183 3184
f 3182 3176 3183
f 3185 3179 3181
f 3185 3186 3179
f 3187 3182 3184
f 3188 3189 3190
f 3188 3190 3186
f 3188 3186 3185
f 3191 3187 3184
f 3191 3184 3192
f 3193 3194 3189
f 3193 3189 3188
f 3195 3191 3192
f 3195 3192 3196
f 3197 3194 3193
f 3198 3195 3196
f 3198 3196 3199
f 3200 3201 3194
f 3200 3194 3197
f 3202 3203 3204
f 3202 3199 3203
f 3202 3198 3199
f 3205 3206 3201
f 3205 3207 3206
f 3205 3201 3200
f 3208 3202 3204
f 3209 3207 3205
f 3210 3208 3204
f 3210 3204 3211
f 3212 3213 3207
f 3212 3214 3213
f 3212 3207 3209
f 3215 3216 3217
f 3215 3211 3216
f 3215 3210 3211
f 3218 3214 3212
f 3219 3217 3220
f 3219 3215 3217
f 3221 3222 3223
f 3224 3225 3222
f 3224 3222 3221
f 3226 3221 3223
f 3226 3223 3227
f 3228 3229 3225
f 3228 3225 3224
f 3230 3227 3231
f 3230 3226 3227
f 3232 3233 3229
f 3232 3229 3228
f 3234 3231 3235
f 3234 3230 3231
f 3236 3233 3232
f 3237 3234 3235
f 3237 3235 3238
f 3239 3240 3214
f 3239 3214 3218
f 3241 3233 3236
f 3241 3242 3233
f 3243 3237 3238
f 3243 3238 3244
f 3245 3246 3242
f 3245 3242 3241
f 3247 3243 3244
f 3247 3244 3248
f 3249 3246 3245
f 3249 3250 3246
f 3251 3248 3252
f 3251 3247 3248
f 3253 3219 3220
f 3254 3250 3249
f 3254 3255 3250
f 3256 3251 3252
f 3257 3255 3254
f 3257 3258 3255
f 3259 3252 3260
f 3259 3256 3252
f 3261 3258 3257
f 3261 3262 3258
f 3263 3264 3240
f 3263 3265 3264
f 3263 3240 3239
f 3266 3259 3260
f 3266 3260 3267
f 3268 3262 3261
f 3268 3269 3262
f 3270 3266 3267
f 3270 3267 3271
f 3272 3273 3274
f 3272 3220 3273
f 3272 3253 3220
f 3275 3269 3268
f 3275 3276 3269
f 3277 3270 3271
f 3277 3271 3278
f 3279 3276 3275
f 3279 3280 3276
f 3281 3278 3282
f 3281 3277 3278
f 3283 2972 3265
f 3283 3265 3263
f 3284 3280 3279
f 3285 3281 3282
f 3285 3282 3286
f 3287 3280 3284
f 3287 3288 3280
f 3289 3274 3290
f 3289 3272 3274
f 3291 3286 3292
f 3291 3285 3286
f 3293 3288 3287
f 3293 3294 3288
f 3295 2971 2972
f 3295 2972 3283
f 3296 3291 3292
f 3296 3292 3297
f 3298 3294 3293
f 3298 3299 3294
f 3300 3297 3301
f 3300 3296 3297
f 3302 3289 3290
f 3303 3299 3298
f 3303 3304 3299
f 3305 3300 3301
f 3305 3055 3056
f 3305 3301 3055
f 3306 3304 3303
f 3306 3307 3304
f 3308 3309 2971
f 3308 3310 3309
f 3308 2971 3295
f 3311 3056 3312
f 3311 3305 3056
f 3313 3307 3306
f 3313 3314 3307
f 3315 3302 3290
f 3315 3290 3316
f 3317 3311 3312
f 3317 3312 3318
f 3319 3320 3314
f 3319 3314 3313
f 3321 3310 3308
f 3321 3322 3310
f 3323 3317 3318
f 3323 3318 3324
f 3325 3320 3319
f 3325 3326 3320
f 3327 3323 3324
f 3327 3324 3328
f 3329 3315 3316
f 3329 3330 3331
f 3329 3316 3330
f 3332 3326 3325
f 3332 3333 3326
f 3334 3327 3328
f 3334 3328 3335
f 3336 3322 3321
f 3336 3337 3322
f 3338 3333 3332
f 3338 3339 3333
f 3340 3335 3341
f 3340 3334 3335
f 3342 3329 3331
f 3343 3126 3339
f 3343 3339 3338
f 3344 3340 3341
f 3344 3341 3345
f 3346 3347 3337
f 3346 3337 3336
f 3348 3125 3126
f 3348 3126 3343
f 3348 3349 3125
f 3350 3345 3351
f 3350 3344 3345
f 3352 3331 3353
f 3352 3342 3331
f 3354 3355 3349
f 3354 3349 3348
f 3356 3350 3351
f 3356 3351 3357
f 3358 3359 3347
f 3358 3347 3346
f 3360 3355 3354
f 3361 3357 3362
f 3361 3356 3357
f 3363 3353 3364
f 3363 3352 3353
f 3365 3355 3360
f 3365 3366 3355
f 3367 3362 3368
f 3367 3361 3362
f 3369 3359 3358
f 3369 3370 3359
f 3371 3372 3366
f 3371 3366 3365
f 3373 3367 3368
f 3373 3368 3374
f 3375 3376 3377
f 3375 3364 3376
f 3375 3363 3364
f 3378 3372 3371
f 3378 3379 3372
f 3380 3373 3374
f 3380 3374 3381
f 3382 3370 3369
f 3382 3383 3370
f 3384 3385 3379
f 3384 3379 3378
f 3386 3380 3381
f 3386 3381 3387
f 3388 3375 3377
f 3389 3385 3384
f 3389 3390 3385
f 3391 3387 3392
f 3391 3386 3387
f 3393 3383 3382
f 3393 3394 3383
f 3395 3396 3390
f 3395 3390 3389
f 3397 3392 3398
f 3397 3391 3392
f 3399 3388 3377
f 3399 3400 3401
f 3399 3377 3400
f 3402 3403 3396
f 3402 3396 3395
f 3404 3398 3405
f 3404 3397 3398
f 3406 3394 3393
f 3407 3408 3403
f 3407 3403 3402
f 3409 3404 3405
f 3409 2407 2254
f 3409 2804 2407
f 3409 3405 2804
f 3410 3401 3411
f 3410 3399 3401
f 3412 3413 3408
f 3412 3408 3407
f 3414 3409 2254
f 3415 3416 3413
f 3415 3413 3412
f 3417 3414 2254
f 3418 3410 3411
f 3419 3416 3415
f 3420 3417 2254
f 3421 3422 3416
f 3421 3416 3419
f 3423 3420 2254
f 3424 3425 3422
f 3424 3411 3425
f 3424 3418 3411
f 3426 3423 2254
f 3427 3426 2254
f 3428 3424 3422
f 3428 3422 3421
f 3429 3427 2254
f 3430 3428 3421
f 3430 3421 3431
f 3432 3431 3433
f 3432 3430 3431
f 3434 3435 3436
f 3434 3433 3435
f 3434 3432 3433
f 3437 3434 3436
f 3437 3436 3438
f 3439 3438 3440
f 3439 3437 3438
f 3441 3440 3442
f 3441 3439 3440
f 3443 3442 3444
f 3443 3441 3442
f 3445 3446 2973
f 3445 3447 3448
f 3445 2975 3447
f 3445 2973 2975
f 3449 3450 3451
f 3449 3452 3450
f 3449 3453 3452
f 3449 3454 3453
f 3449 3455 3454
f 3449 3456 3455
f 3449 3457 3456
f 3449 3458 3457
f 3449 3459 3458
f 3449 3460 3459
f 3449 3461 3460
f 3449 3462 3461
f 3449 3463 3462
f 3449 3464 3463
f 3449 3465 3464
f 3449 3466 3465
f 3449 3467 3466
f 3449 3468 3467
f 3449 3469 3468
f 3449 3444 3469
f 3449 3443 3444
f 3449 3470 3471
f 3449 3472 3470
f 3449 3473 3472
f 3449 3474 3473
f 3449 3475 3474
f 3449 3476 3475
f 3449 3477 3476
f 3449 3478 3477
f 3449 3479 3478
f 3449 3480 3479
f 3449 3481 3480
f 3449 3482 3481
f 3449 3483 3482
f 3449 3484 3483
f 3449 3485 3484
f 3449 3486 3485
f 3449 3487 3486
f 3449 3488 3487
f 3449 3489 3488
f 3449 3490 3489
f 3449 3491 3490
f 3449 3492 3491
f 3449 3493 3492
f 3449 3494 3493
f 3449 3471 3443
f 3449 3495 3494
f 3449 3496 3495
f 3449 3497 3498
f 3449 3499 3497
f 3449 3500 3499
f 3449 3501 3500
f 3449 3502 3501
f 3449 3503 3502
f 3449 3504 3503
f 3449 3505 3504
f 3449 3506 3505
f 3449 3451 3506
f 3507 3496 3449
f 3507 3394 3406
f 3507 3508 3394
f 3507 3509 3508
f 3507 3510 3509
f 3507 3511 3510
f 3507 3512 3496
f 3507 3513 3512
f 3507 3514 3513
f 3507 3515 3514
f 3507 3516 3515
f 3507 3517 3516
f 3507 3518 3517
f 3507 3519 3518
f 3507 3520 3519
f 3507 3521 3520
f 3507 3522 3521
f 3507 3523 3522
f 3507 3524 3523
f 3507 3525 3524
f 3507 3526 3525
f 3507 3527 3526
f 3507 3406 3527
f 3528 3507 3529
f 3528 3511 3507
f 3528 3448 3511
f 3528 3445 3448
f 2254 3449 3530
f 3530 3449 3498
f 2254 3530 3531
f 2254 3531 3532
f 2254 3532 3533
f 2254 3533 3429
f 6 3 2013
f 6 2013 3534
f 6 3534 2569
f 2425 2410 2429
f 2429 2410 3535
f 3535 2410 3536
f 3536 2410 3537
f 3537 2410 3538
f 3538 2410 3539
f 3539 2410 3540
f 3540 2410 3541
f 3541 2410 3542
f 3542 2410 3543
f 3543 2410 3544
f 3544 2410 3545
f 3545 2410 2409
f 2521 3072 3071
f 2521 3071 3546
f 2521 3546 3547
f 2521 3547 3548
f 2521 3548 3549
f 2521 3549 3550
f 2521 3550 3551
f 2521 3551 3552
f 2521 3552 3553
f 2521 3553 3554
f 2521 3554 3555
f 2521 3555 3556
f 2521 3556 3557
f 2521 3557 3558
f 2521 3558 3559
f 2521 3559 3560
f 2521 3560 3058
f 1198 5 2973
f 2973 5 6
f 7 479 8
f 8 479 2254
f 1669 2973 3446
f 1669 1198 2973
f 479 1674 2254
f 2254 1674 3449
f 1670 1669 3445
f 3445 1669 3446
f 1674 1731 3449
f 3449 1731 3507
f 1752 1670 3528
f 3528 1670 3445
f 1731 3529 3507
f 1731 1753 3529
f 1753 1752 3529
f 3529 1752 3528
f 161 160 1936
f 161 1936 1938
f 163 1938 1940
f 163 1940 1942
f 163 161 1938
f 165 163 1942
f 168 1942 1944
f 168 1944 1946
f 168 165 1942
f 169 168 1946
f 171 1946 1948
f 171 169 1946
f 173 1948 1950
f 173 1950 1952
f 173 171 1948
f 175 173 1952
f 177 1952 1954
f 177 1954 1956
f 177 175 1952
f 179 177 1956
f 181 179 1956
f 181 1956 1958
f 181 1958 1960
f 183 181 1960
f 185 183 1960
f 185 1960 1962
f 187 185 1962
f 187 1962 1964
f 187 1964 1966
f 189 1966 1968
f 189 187 1966
f 191 189 1968
f 194 1968 1970
f 194 191 1968
f 264 1970 2040
f 264 194 1970
f 262 2040 2038
f 262 264 2040
f 261 2038 2037
f 261 262 2038
f 259 2037 2035
f 259 261 2037
f 257 2035 2033
f 257 259 2035
f 255 2033 2031
f 255 257 2033
f 252 2031 2028
f 252 255 2031
f 251 2028 2027
f 251 252 2028
f 249 2027 2025
f 249 2025 2023
f 249 251 2027
f 247 249 2023
f 245 2023 2021
f 245 2021 2018
f 245 247 2023
f 242 245 2018
f 241 2018 2017
f 241 242 2018
f 239 2017 2015
f 239 2015 2012
f 239 241 2017
f 236 239 2012
f 233 2012 2009
f 233 236 2012
f 228 2009 2004
f 228 233 2009
f 226 2004 2003
f 226 228 2004
f 224 2003 2000
f 224 226 2003
f 221 2000 1997
f 221 224 2000
f 216 221 1997
f 216 1997 1992
f 216 1992 1991
f 215 216 1991
f 212 215 1991
f 212 1991 1988
f 207 212 1988
f 207 1988 1983
f 72 207 1983
f 72 1983 1848
f 71 72 1848
f 71 1848 1847
f 70 71 1847
f 70 1847 1846
f 69 70 1846
f 69 1846 1845
f 69 1845 1844
f 68 69 1844
f 67 68 1844
f 67 1844 1843
f 66 1843 1842
f 66 67 1843
f 65 1842 1841
f 65 66 1842
f 64 1841 1840
f 64 1840 1839
f 64 65 1841
f 63 64 1839
f 62 1839 1838
f 62 1838 1836
f 62 63 1839
f 60 62 1836
f 58 1836 1834
f 58 60 1836
f 56 1834 1832
f 56 58 1834
f 54 1832 1830
f 54 56 1832
f 52 1830 1828
f 52 1828 1826
f 52 54 1830
f 50 52 1826
f 48 1826 1824
f 48 50 1826
f 46 1824 1822
f 46 1822 1820
f 46 48 1824
f 44 1820 1818
f 44 46 1820
f 42 44 1818
f 42 1818 1816
f 40 42 1816
f 40 1816 1814
f 38 40 1814
f 36 38 1814
f 36 1814 1812
f 36 1812 1810
f 34 36 1810
f 34 1810 1808
f 32 34 1808
f 30 32 1808
f 30 1808 1806
f 28 30 1806
f 28 1806 1804
f 28 1804 1802
f 26 28 1802
f 24 26 1802
f 24 1802 1800
f 22 24 1800
f 22 1800 1798
f 20 22 1798
f 20 1798 1796
f 18 20 1796
f 18 1796 1794
f 16 18 1794
f 16 1794 1792
f 14 16 1792
f 14 1792 1790
f 12 14 1790
f 12 1790 1788
f 9 12 1788
f 9 1788 1785
f 10 9 1785
f 10 1785 1786
f 11 10 1786
f 11 1786 1787
f 13 11 1787
f 13 1787 1789
f 15 13 1789
f 15 1789 1791
f 17 1791 1793
f 17 15 1791
f 17 1793 1795
f 19 17 1795
f 21 1795 1797
f 21 19 1795
f 23 1797 1799
f 23 1799 1801
f 23 21 1797
f 25 23 1801
f 27 25 1801
f 27 1801 1803
f 29 27 1803
f 29 1803 1805
f 31 29 1805
f 31 1805 1807
f 31 1807 1809
f 33 31 1809
f 33 1809 1811
f 35 33 1811
f 37 35 1811
f 37 1811 1813
f 37 1813 1815
f 39 37 1815
f 41 39 1815
f 41 1815 1817
f 43 41 1817
f 43 1817 1819
f 45 43 1819
f 45 1819 1821
f 47 45 1821
f 47 1821 1823
f 49 47 1823
f 49 1823 1825
f 51 1825 1827
f 51 49 1825
f 53 1827 1829
f 53 51 1827
f 55 1829 1831
f 55 1831 1833
f 55 53 1829
f 57 1833 1835
f 57 55 1833
f 59 1835 1837
f 59 57 1835
f 61 59 1837
f 102 1837 1879
f 102 61 1837
f 105 1879 1882
f 105 102 1879
f 108 1882 1885
f 108 105 1882
f 112 1885 1888
f 112 108 1885
f 114 1888 1891
f 114 112 1888
f 117 1891 1894
f 117 1894 1897
f 117 114 1891
f 120 117 1897
f 123 120 1897
f 123 1897 1900
f 123 1900 1903
f 126 123 1903
f 129 126 1903
f 129 1903 1906
f 133 129 1906
f 133 1906 1909
f 133 1909 1912
f 136 133 1912
f 138 1912 1915
f 138 136 1912
f 141 1915 1918
f 141 1918 1919
f 141 138 1915
f 143 141 1919
f 146 1919 1922
f 146 143 1919
f 149 1922 1925
f 149 146 1922
f 151 1925 1928
f 151 149 1925
f 154 1928 1931
f 154 151 1928
f 158 1931 1934
f 158 154 1931
f 160 158 1934
f 160 1934 1936
f 281 282 2058
f 281 2058 2057
f 283 2057 2059
f 283 2059 2060
f 283 281 2057
f 284 283 2060
f 285 2060 2061
f 285 2061 2062
f 285 284 2060
f 286 285 2062
f 287 2062 2063
f 287 286 2062
f 446 2063 2222
f 446 2222 2225
f 446 287 2063
f 449 446 2225
f 451 2225 2228
f 451 2228 2231
f 451 449 2225
f 454 451 2231
f 458 454 2231
f 458 2231 2234
f 458 2234 2237
f 460 458 2237
f 464 460 2237
f 464 2237 2240
f 467 464 2240
f 467 2240 2243
f 467 2243 2246
f 469 2246 2249
f 469 467 2246
f 473 469 2249
f 476 2249 2252
f 476 473 2249
f 828 2252 2604
f 828 476 2252
f 832 2604 2608
f 832 828 2604
f 280 2608 2056
f 280 832 2608
f 278 2056 2054
f 278 280 2056
f 276 2054 2052
f 276 278 2054
f 274 2052 2050
f 274 276 2052
f 272 2050 2048
f 272 274 2050
f 270 2048 2046
f 270 272 2048
f 268 2046 2044
f 268 2044 1971
f 268 270 2046
f 195 268 1971
f 193 1971 1969
f 193 1969 1967
f 193 195 1971
f 192 193 1967
f 190 1967 1965
f 190 192 1967
f 188 1965 1963
f 188 1963 1961
f 188 190 1965
f 186 188 1961
f 184 1961 1959
f 184 186 1961
f 182 1959 1957
f 182 184 1959
f 180 1957 1955
f 180 182 1957
f 178 1955 1953
f 178 180 1955
f 176 1953 1951
f 176 178 1953
f 174 176 1951
f 174 1951 1949
f 174 1949 1947
f 172 174 1947
f 170 172 1947
f 170 1947 1945
f 167 170 1945
f 167 1945 1943
f 166 167 1943
f 166 1943 1941
f 164 166 1941
f 164 1941 1939
f 162 164 1939
f 162 1939 1937
f 159 162 1937
f 159 1937 1935
f 159 1935 1933
f 157 159 1933
f 155 157 1933
f 155 1933 1930
f 152 1930 1927
f 152 155 1930
f 148 1927 1924
f 148 152 1927
f 145 1924 1921
f 145 1921 1917
f 145 148 1924
f 142 145 1917
f 139 1917 1914
f 139 1914 1911
f 139 142 1917
f 135 139 1911
f 132 1911 1908
f 132 135 1911
f 130 1908 1905
f 130 132 1908
f 127 1905 1902
f 127 130 1905
f 124 1902 1899
f 124 1899 1896
f 124 127 1902
f 121 124 1896
f 118 1896 1893
f 118 121 1896
f 115 1893 1890
f 115 1890 1887
f 115 118 1893
f 111 1887 1884
f 111 115 1887
f 109 111 1884
f 109 1884 1881
f 106 109 1881
f 106 1881 1878
f 103 106 1878
f 100 103 1878
f 100 1878 1876
f 100 1876 1874
f 98 100 1874
f 98 1874 1872
f 96 98 1872
f 94 96 1872
f 94 1872 1870
f 92 94 1870
f 92 1870 1868
f 92 1868 1866
f 90 92 1866
f 88 90 1866
f 88 1866 1864
f 86 88 1864
f 86 1864 1862
f 84 86 1862
f 84 1862 1860
f 82 84 1860
f 82 1860 1858
f 80 82 1858
f 80 1858 1856
f 78 80 1856
f 78 1856 1854
f 76 78 1854
f 76 1854 1852
f 73 76 1852
f 73 1852 1849
f 74 73 1849
f 74 1849 1850
f 75 74 1850
f 75 1850 1851
f 77 75 1851
f 77 1851 1853
f 79 77 1853
f 79 1853 1855
f 81 1855 1857
f 81 79 1855
f 81 1857 1859
f 83 81 1859
f 85 1859 1861
f 85 83 1859
f 87 1861 1863
f 87 1863 1865
f 87 85 1861
f 89 87 1865
f 91 89 1865
f 91 1865 1867
f 93 91 1867
f 93 1867 1869
f 95 93 1869
f 95 1869 1871
f 95 1871 1873
f 97 95 1873
f 97 1873 1875
f 99 97 1875
f 101 99 1875
f 101 1875 1877
f 101 1877 1880
f 104 101 1880
f 107 104 1880
f 107 1880 1883
f 110 107 1883
f 110 1883 1886
f 113 110 1886
f 113 1886 1889
f 116 113 1889
f 116 1889 1892
f 119 116 1892
f 119 1892 1895
f 122 1895 1898
f 122 119 1895
f 125 1898 1901
f 125 122 1898
f 128 1901 1904
f 128 1904 1907
f 128 125 1901
f 131 1907 1910
f 131 128 1907
f 134 1910 1913
f 134 131 1910
f 137 134 1913
f 140 1913 1916
f 140 137 1913
f 144 1916 1920
f 144 140 1916
f 147 1920 1923
f 147 144 1920
f 150 1923 1926
f 150 147 1923
f 153 1926 1929
f 153 150 1926
f 156 1929 1932
f 156 1932 2064
f 156 153 1929
f 288 156 2064
f 289 288 2064
f 289 2064 2065
f 289 2065 2066
f 290 289 2066
f 291 290 2066
f 291 2066 2067
f 292 291 2067
f 292 2067 2068
f 292 2068 2069
f 293 292 2069
f 294 2069 2070
f 294 293 2069
f 295 2070 2071
f 295 2071 2072
f 295 294 2070
f 296 295 2072
f 297 2072 2073
f 297 296 2072
f 298 2073 2074
f 298 297 2073
f 299 2074 2075
f 299 298 2074
f 300 2075 2076
f 300 299 2075
f 301 2076 2077
f 301 300 2076
f 282 301 2077
f 282 2077 2058
f 395 397 2173
f 395 2173 2171
f 393 2171 2169
f 393 2169 2167
f 393 395 2171
f 391 393 2167
f 389 2167 2165
f 389 2165 2163
f 389 391 2167
f 387 389 2163
f 385 2163 2161
f 385 387 2163
f 383 2161 2159
f 383 2159 2157
f 383 385 2161
f 381 383 2157
f 379 2157 2156
f 379 2156 2154
f 379 381 2157
f 378 379 2154
f 376 378 2154
f 376 2154 2152
f 376 2152 2143
f 367 376 2143
f 363 367 2143
f 363 2143 2139
f 359 363 2139
f 359 2139 2135
f 359 2135 2131
f 355 2131 2127
f 355 359 2131
f 351 355 2127
f 347 2127 2123
f 347 351 2127
f 343 2123 2119
f 343 347 2123
f 342 2119 2118
f 342 343 2119
f 338 2118 2114
f 338 342 2118
f 333 2114 2109
f 333 338 2114
f 329 2109 2105
f 329 333 2109
f 325 2105 2101
f 325 329 2105
f 321 2101 2097
f 321 325 2101
f 317 2097 2093
f 317 321 2097
f 313 2093 2089
f 313 2089 2085
f 313 317 2093
f 309 313 2085
f 307 2085 2084
f 307 2084 2080
f 307 309 2085
f 304 307 2080
f 302 2080 2079
f 302 304 2080
f 305 2079 2082
f 305 2082 2087
f 305 302 2079
f 311 305 2087
f 315 2087 2091
f 315 311 2087
f 319 2091 2095
f 319 315 2091
f 323 2095 2099
f 323 319 2095
f 327 2099 2103
f 327 323 2099
f 331 2103 2107
f 331 327 2103
f 336 331 2107
f 336 2107 2112
f 336 2112 2111
f 334 336 2111
f 339 334 2111
f 339 2111 2116
f 344 339 2116
f 344 2116 2121
f 348 344 2121
f 348 2121 2125
f 352 348 2125
f 352 2125 2129
f 356 352 2129
f 356 2129 2133
f 360 356 2133
f 360 2133 2137
f 360 2137 2141
f 364 360 2141
f 368 364 2141
f 368 2141 2145
f 370 2145 2146
f 370 368 2145
f 371 2146 2147
f 371 370 2146
f 372 2147 2148
f 372 2148 2149
f 372 371 2147
f 373 372 2149
f 374 2149 2150
f 374 2150 2384
f 374 373 2149
f 607 374 2384
f 609 2384 2385
f 609 607 2384
f 610 2385 2386
f 610 609 2385
f 611 2386 2387
f 611 610 2386
f 789 2387 2565
f 789 2565 2566
f 789 611 2387
f 790 789 2566
f 791 2566 2567
f 791 790 2566
f 792 2567 2568
f 792 2568 2569
f 792 791 2567
f 793 2569 3534
f 793 792 2569
f 1758 793 3534
f 1758 3534 2013
f 237 1758 2013
f 237 2013 2010
f 234 237 2010
f 231 234 2010
f 231 2010 2007
f 231 2007 2005
f 229 231 2005
f 229 2005 2001
f 225 229 2001
f 222 225 2001
f 222 2001 1998
f 219 222 1998
f 219 1998 1995
f 219 1995 1993
f 217 219 1993
f 213 217 1993
f 213 1993 1989
f 210 213 1989
f 210 1989 1986
f 208 210 1986
f 208 1986 1984
f 205 208 1984
f 205 1984 1981
f 203 205 1981
f 203 1981 1979
f 201 203 1979
f 201 1979 1977
f 199 201 1977
f 199 1977 1975
f 196 199 1975
f 196 1975 1972
f 197 196 1972
f 197 1972 1973
f 198 197 1973
f 198 1973 1974
f 200 198 1974
f 200 1974 1976
f 202 200 1976
f 202 1976 1978
f 204 1978 1980
f 204 202 1978
f 204 1980 1982
f 206 204 1982
f 209 1982 1985
f 209 206 1982
f 211 1985 1987
f 211 1987 1990
f 211 209 1985
f 214 211 1990
f 218 214 1990
f 218 1990 1994
f 220 218 1994
f 220 1994 1996
f 223 220 1996
f 223 1996 1999
f 223 1999 2002
f 227 223 2002
f 227 2002 2006
f 230 227 2006
f 232 230 2006
f 232 2006 2008
f 232 2008 2011
f 235 232 2011
f 238 235 2011
f 238 2011 2014
f 240 238 2014
f 240 2014 2016
f 243 240 2016
f 243 2016 2019
f 244 243 2019
f 244 2019 2020
f 246 244 2020
f 246 2020 2022
f 248 2022 2024
f 248 246 2022
f 250 2024 2026
f 250 248 2024
f 253 2026 2029
f 253 2029 2030
f 253 250 2026
f 254 2030 2032
f 254 253 2030
f 256 2032 2034
f 256 254 2032
f 258 256 2034
f 260 2034 2036
f 260 258 2034
f 263 2036 2039
f 263 260 2036
f 265 2039 2041
f 265 263 2039
f 266 2041 2042
f 266 265 2041
f 267 2042 2043
f 267 266 2042
f 269 2043 2045
f 269 2045 2047
f 269 267 2043
f 271 269 2047
f 273 271 2047
f 273 2047 2049
f 273 2049 2051
f 275 273 2051
f 277 275 2051
f 277 2051 2053
f 279 277 2053
f 279 2053 2055
f 279 2055 2612
f 836 279 2612
f 840 2612 2616
f 840 836 2612
f 411 2616 2187
f 411 2187 2185
f 411 840 2616
f 409 411 2185
f 407 2185 2183
f 407 409 2185
f 405 2183 2181
f 405 407 2183
f 403 2181 2179
f 403 405 2181
f 401 2179 2177
f 401 403 2179
f 399 2177 2175
f 399 401 2177
f 397 399 2175
f 397 2175 2173
f 492 491 2267
f 492 2267 2268
f 493 2268 2269
f 493 2269 2270
f 493 492 2268
f 494 493 2270
f 569 2270 2345
f 569 2345 2341
f 569 494 2270
f 565 569 2341
f 561 2341 2337
f 561 565 2341
f 557 2337 2333
f 557 2333 2329
f 557 561 2337
f 553 557 2329
f 549 2329 2325
f 549 2325 2321
f 549 553 2329
f 545 549 2321
f 541 545 2321
f 541 2321 2317
f 541 2317 2313
f 537 541 2313
f 533 537 2313
f 533 2313 2309
f 529 533 2309
f 529 2309 2305
f 529 2305 2301
f 525 2301 2297
f 525 529 2301
f 521 525 2297
f 517 2297 2293
f 517 521 2297
f 513 2293 2289
f 513 517 2293
f 509 2289 2285
f 509 513 2289
f 505 2285 2281
f 505 509 2285
f 503 2281 2280
f 503 505 2281
f 506 2280 2283
f 506 503 2280
f 510 2283 2287
f 510 506 2283
f 514 2287 2291
f 514 510 2287
f 519 2291 2295
f 519 514 2291
f 522 2295 2299
f 522 2299 2303
f 522 519 2295
f 527 522 2303
f 530 2303 2307
f 530 2307 2311
f 530 527 2303
f 534 530 2311
f 538 2311 2315
f 538 534 2311
f 542 2315 2319
f 542 2319 2323
f 542 538 2315
f 546 542 2323
f 550 2323 2327
f 550 546 2323
f 554 2327 2331
f 554 550 2327
f 559 2331 2335
f 559 554 2331
f 563 2335 2339
f 563 559 2335
f 566 2339 2343
f 566 563 2339
f 570 566 2343
f 570 2343 2347
f 570 2347 2350
f 573 570 2350
f 576 573 2350
f 576 2350 2353
f 579 576 2353
f 579 2353 2356
f 582 579 2356
f 582 2356 2359
f 585 582 2359
f 585 2359 2362
f 588 585 2362
f 588 2362 2365
f 591 588 2365
f 591 2365 2368
f 591 2368 2371
f 594 591 2371
f 815 594 2371
f 815 2371 2591
f 813 2591 2590
f 813 815 2591
f 820 2590 2596
f 820 813 2590
f 824 2596 2600
f 824 2600 2253
f 824 820 2596
f 477 824 2253
f 475 2253 2251
f 475 2251 2248
f 475 477 2253
f 472 475 2248
f 470 2248 2245
f 470 472 2248
f 466 2245 2242
f 466 470 2245
f 463 2242 2239
f 463 466 2242
f 461 2239 2236
f 461 2236 2233
f 461 463 2239
f 457 461 2233
f 455 2233 2230
f 455 457 2233
f 452 2230 2227
f 452 2227 2224
f 452 455 2230
f 448 2224 2221
f 448 452 2224
f 445 448 2221
f 445 2221 2219
f 443 445 2219
f 443 2219 2217
f 441 443 2217
f 439 441 2217
f 439 2217 2215
f 439 2215 2213
f 437 439 2213
f 437 2213 2211
f 435 437 2211
f 433 435 2211
f 433 2211 2209
f 431 433 2209
f 431 2209 2207
f 431 2207 2205
f 429 431 2205
f 427 429 2205
f 427 2205 2203
f 425 427 2203
f 425 2203 2201
f 423 425 2201
f 423 2201 2199
f 421 423 2199
f 421 2199 2197
f 419 421 2197
f 419 2197 2195
f 417 419 2195
f 417 2195 2193
f 415 417 2193
f 415 2193 2191
f 412 415 2191
f 412 2191 2188
f 413 412 2188
f 413 2188 2189
f 414 413 2189
f 414 2189 2190
f 416 414 2190
f 416 2190 2192
f 418 416 2192
f 418 2192 2194
f 420 2194 2196
f 420 418 2194
f 420 2196 2198
f 422 420 2198
f 424 2198 2200
f 424 422 2198
f 426 2200 2202
f 426 2202 2204
f 426 424 2200
f 428 426 2204
f 430 428 2204
f 430 2204 2206
f 432 430 2206
f 432 2206 2208
f 434 432 2208
f 434 2208 2210
f 434 2210 2212
f 436 434 2212
f 436 2212 2214
f 438 436 2214
f 440 438 2214
f 440 2214 2216
f 440 2216 2218
f 442 440 2218
f 444 442 2218
f 444 2218 2220
f 447 444 2220
f 447 2220 2223
f 450 447 2223
f 450 2223 2226
f 453 450 2226
f 453 2226 2229
f 456 453 2229
f 456 2229 2232
f 459 2232 2235
f 459 456 2232
f 462 2235 2238
f 462 459 2235
f 465 2238 2241
f 465 2241 2244
f 465 462 2238
f 468 2244 2247
f 468 465 2244
f 471 2247 2250
f 471 468 2247
f 474 471 2250
f 495 2250 2271
f 495 474 2250
f 496 2271 2272
f 496 495 2271
f 497 2272 2273
f 497 496 2272
f 498 2273 2274
f 498 497 2273
f 499 2274 2275
f 499 498 2274
f 500 2275 2276
f 500 2276 2277
f 500 499 2275
f 501 500 2277
f 502 501 2277
f 502 2277 2278
f 502 2278 2256
f 480 502 2256
f 478 480 2256
f 478 2256 2255
f 481 478 2255
f 481 2255 2257
f 481 2257 2258
f 482 481 2258
f 483 2258 2259
f 483 482 2258
f 484 2259 2260
f 484 2260 2261
f 484 483 2259
f 485 484 2261
f 486 2261 2262
f 486 485 2261
f 487 2262 2263
f 487 486 2262
f 488 2263 2264
f 488 487 2263
f 489 2264 2265
f 489 488 2264
f 490 2265 2266
f 490 489 2265
f 491 490 2266
f 491 2266 2267
f 624 623 2399
f 624 2399 2400
f 625 2400 2401
f 625 2401 2402
f 625 624 2400
f 626 625 2402
f 627 2402 2403
f 627 2403 2404
f 627 626 2402
f 628 627 2404
f 629 2404 2405
f 629 628 2404
f 630 2405 2406
f 630 2406 2407
f 630 629 2405
f 631 630 2407
f 1026 2407 2802
f 1026 2802 2798
f 1026 631 2407
f 1022 1026 2798
f 1019 1022 2798
f 1019 2798 2795
f 1019 2795 2792
f 1016 1019 2792
f 1013 1016 2792
f 1013 2792 2789
f 1008 1013 2789
f 1008 2789 2784
f 1008 2784 2781
f 1005 2781 2777
f 1005 1008 2781
f 1001 1005 2777
f 998 2777 2774
f 998 1001 2777
f 994 2774 2770
f 994 998 2774
f 991 2770 2767
f 991 994 2770
f 986 2767 2762
f 986 991 2767
f 982 2762 2758
f 982 986 2762
f 979 2758 2755
f 979 982 2758
f 974 2755 2750
f 974 979 2755
f 971 2750 2747
f 971 974 2750
f 964 2747 2740
f 964 971 2747
f 959 2740 2735
f 959 2735 2731
f 959 964 2740
f 955 959 2731
f 948 2731 2724
f 948 2724 2716
f 948 955 2731
f 940 948 2716
f 932 2716 2708
f 932 940 2716
f 926 2708 2702
f 926 2702 2692
f 926 932 2708
f 916 926 2692
f 896 2692 2672
f 896 916 2692
f 892 2672 2668
f 892 896 2672
f 888 2668 2664
f 888 892 2668
f 884 2664 2660
f 884 888 2664
f 881 2660 2657
f 881 884 2660
f 877 881 2657
f 877 2657 2653
f 877 2653 2649
f 873 877 2649
f 869 873 2649
f 869 2649 2645
f 865 869 2645
f 865 2645 2641
f 861 865 2641
f 861 2641 2637
f 857 861 2637
f 857 2637 2633
f 853 857 2633
f 853 2633 2629
f 849 853 2629
f 849 2629 2625
f 849 2625 2621
f 845 849 2621
f 842 845 2621
f 842 2621 2618
f 838 2618 2614
f 838 842 2618
f 834 2614 2610
f 834 838 2614
f 830 2610 2606
f 830 2606 2602
f 830 834 2610
f 826 830 2602
f 822 2602 2598
f 822 2598 2594
f 822 826 2602
f 818 822 2594
f 595 2594 2370
f 595 818 2594
f 592 2370 2367
f 592 595 2370
f 589 2367 2364
f 589 592 2367
f 586 2364 2361
f 586 2361 2358
f 586 589 2364
f 583 586 2358
f 580 2358 2355
f 580 583 2358
f 577 2355 2352
f 577 2352 2349
f 577 580 2355
f 574 2349 2346
f 574 577 2349
f 571 574 2346
f 571 2346 2342
f 567 571 2342
f 567 2342 2338
f 562 567 2338
f 558 562 2338
f 558 2338 2334
f 558 2334 2330
f 555 558 2330
f 555 2330 2326
f 551 555 2326
f 547 551 2326
f 547 2326 2322
f 543 547 2322
f 543 2322 2318
f 543 2318 2314
f 539 543 2314
f 535 539 2314
f 535 2314 2310
f 531 535 2310
f 531 2310 2306
f 526 531 2306
f 526 2306 2302
f 523 526 2302
f 523 2302 2298
f 518 523 2298
f 518 2298 2294
f 515 518 2294
f 515 2294 2290
f 511 515 2290
f 511 2290 2286
f 507 511 2286
f 507 2286 2282
f 504 507 2282
f 504 2282 2279
f 508 504 2279
f 508 2279 2284
f 512 508 2284
f 512 2284 2288
f 516 512 2288
f 516 2288 2292
f 520 2292 2296
f 520 516 2292
f 520 2296 2300
f 524 520 2300
f 528 2300 2304
f 528 524 2300
f 532 2304 2308
f 532 2308 2312
f 532 528 2304
f 536 532 2312
f 540 536 2312
f 540 2312 2316
f 544 540 2316
f 544 2316 2320
f 548 544 2320
f 548 2320 2324
f 548 2324 2328
f 552 548 2328
f 552 2328 2332
f 556 552 2332
f 560 556 2332
f 560 2332 2336
f 560 2336 2340
f 564 560 2340
f 568 564 2340
f 568 2340 2344
f 572 568 2344
f 572 2344 2348
f 575 572 2348
f 575 2348 2351
f 578 575 2351
f 578 2351 2354
f 581 578 2354
f 581 2354 2357
f 584 2357 2360
f 584 581 2357
f 587 2360 2363
f 587 584 2360
f 590 2363 2366
f 590 2366 2369
f 590 587 2363
f 593 2369 2372
f 593 590 2369
f 596 2372 2373
f 596 593 2372
f 597 596 2373
f 598 2373 2374
f 598 597 2373
f 599 2374 2375
f 599 598 2374
f 600 2375 2376
f 600 599 2375
f 601 2376 2377
f 601 600 2376
f 602 2377 2378
f 602 601 2377
f 603 2378 2379
f 603 2379 2380
f 603 602 2378
f 604 603 2380
f 605 604 2380
f 605 2380 2381
f 605 2381 2382
f 606 605 2382
f 612 606 2382
f 612 2382 2388
f 613 612 2388
f 613 2388 2389
f 613 2389 2390
f 614 613 2390
f 615 2390 2391
f 615 614 2390
f 616 2391 2392
f 616 2392 2393
f 616 615 2391
f 617 616 2393
f 618 2393 2394
f 618 617 2393
f 619 2394 2395
f 619 618 2394
f 620 2395 2396
f 620 619 2395
f 621 2396 2397
f 621 620 2396
f 622 2397 2398
f 622 621 2397
f 623 622 2398
f 623 2398 2399
f 1622 1629 3405
f 1622 3405 3398
f 1616 3398 3392
f 1616 3392 3387
f 1616 1622 3398
f 1611 1616 3387
f 1605 3387 3381
f 1605 3381 3374
f 1605 1611 3387
f 1598 1605 3374
f 1592 3374 3368
f 1592 1598 3374
f 1586 3368 3362
f 1586 3362 3357
f 1586 1592 3368
f 1581 1586 3357
f 1575 3357 3351
f 1575 3351 3345
f 1575 1581 3357
f 1569 1575 3345
f 1565 1569 3345
f 1565 3345 3341
f 1565 3341 3335
f 1559 1565 3335
f 1552 1559 3335
f 1552 3335 3328
f 1548 1552 3328
f 1548 3328 3324
f 1548 3324 3318
f 1542 3318 3312
f 1542 1548 3318
f 1536 1542 3312
f 1280 3312 3056
f 1280 1536 3312
f 1278 3056 3054
f 1278 1280 3056
f 1276 3054 3052
f 1276 1278 3054
f 1274 3052 3050
f 1274 1276 3052
f 1272 3050 3048
f 1272 1274 3050
f 1270 3048 3046
f 1270 1272 3048
f 1268 3046 3044
f 1268 1270 3046
f 1267 3044 3043
f 1267 1268 3044
f 1265 3043 3041
f 1265 1267 3043
f 1263 3041 3039
f 1263 3039 3037
f 1263 1265 3041
f 1261 1263 3037
f 1259 3037 3035
f 1259 3035 3033
f 1259 1261 3037
f 1257 1259 3033
f 1255 3033 3031
f 1255 1257 3033
f 1253 3031 3029
f 1253 3029 3027
f 1253 1255 3031
f 1251 1253 3027
f 1231 3027 3007
f 1231 1251 3027
f 1229 3007 3006
f 1229 1231 3007
f 1232 3006 3008
f 1232 1229 3006
f 1233 3008 3009
f 1233 1232 3008
f 1234 3009 3010
f 1234 1233 3009
f 1235 1234 3010
f 1235 3010 3011
f 1235 3011 3012
f 1236 1235 3012
f 1237 1236 3012
f 1237 3012 3013
f 1238 1237 3013
f 1238 3013 3014
f 1239 1238 3014
f 1239 3014 3015
f 1240 1239 3015
f 1240 3015 3016
f 1241 1240 3016
f 1241 3016 3017
f 1242 1241 3017
f 1242 3017 3018
f 1242 3018 3019
f 1243 1242 3019
f 1244 1243 3019
f 1244 3019 3020
f 1245 3020 3021
f 1245 1244 3020
f 1246 3021 3022
f 1246 1245 3021
f 1247 3022 3023
f 1247 3023 3024
f 1247 1246 3022
f 1248 1247 3024
f 1249 3024 3025
f 1249 3025 2721
f 1249 1248 3024
f 945 1249 2721
f 936 2721 2712
f 936 945 2721
f 929 2712 2705
f 929 936 2712
f 921 2705 2697
f 921 929 2705
f 908 2697 2684
f 908 2684 2669
f 908 921 2697
f 894 908 2669
f 889 2669 2665
f 889 894 2669
f 886 2665 2661
f 886 2661 2658
f 886 889 2665
f 882 2658 2654
f 882 886 2658
f 878 882 2654
f 878 2654 2650
f 874 878 2650
f 874 2650 2646
f 870 874 2646
f 866 870 2646
f 866 2646 2642
f 866 2642 2638
f 863 866 2638
f 863 2638 2634
f 859 863 2634
f 854 859 2634
f 854 2634 2630
f 851 854 2630
f 851 2630 2626
f 851 2626 2622
f 846 851 2622
f 843 846 2622
f 843 2622 2619
f 839 843 2619
f 839 2619 2615
f 835 839 2615
f 835 2615 2611
f 831 835 2611
f 831 2611 2607
f 827 831 2607
f 827 2607 2603
f 823 827 2603
f 823 2603 2599
f 819 823 2599
f 819 2599 2595
f 814 819 2595
f 814 2595 2589
f 816 814 2589
f 816 2589 2592
f 817 816 2592
f 817 2592 2593
f 821 817 2593
f 821 2593 2597
f 825 821 2597
f 825 2597 2601
f 829 2601 2605
f 829 825 2601
f 829 2605 2609
f 833 829 2609
f 837 2609 2613
f 837 833 2609
f 841 2613 2617
f 841 2617 2620
f 841 837 2613
f 844 841 2620
f 848 844 2620
f 848 2620 2624
f 852 848 2624
f 852 2624 2628
f 856 852 2628
f 856 2628 2632
f 856 2632 2636
f 860 856 2636
f 860 2636 2640
f 864 860 2640
f 868 864 2640
f 868 2640 2644
f 868 2644 2648
f 872 868 2648
f 876 872 2648
f 876 2648 2652
f 880 876 2652
f 880 2652 2656
f 883 880 2656
f 883 2656 2659
f 887 883 2659
f 887 2659 2663
f 891 887 2663
f 891 2663 2667
f 895 2667 2671
f 895 891 2667
f 915 2671 2691
f 915 895 2671
f 925 2691 2701
f 925 2701 2707
f 925 915 2691
f 931 2707 2715
f 931 925 2707
f 939 2715 2723
f 939 931 2715
f 947 939 2723
f 954 2723 2730
f 954 947 2723
f 958 2730 2734
f 958 954 2730
f 963 2734 2739
f 963 958 2734
f 970 2739 2746
f 970 963 2739
f 973 2746 2749
f 973 970 2746
f 978 2749 2754
f 978 2754 2757
f 978 973 2749
f 981 978 2757
f 985 981 2757
f 985 2757 2761
f 985 2761 2766
f 990 985 2766
f 993 990 2766
f 993 2766 2769
f 997 993 2769
f 997 2769 2773
f 997 2773 2776
f 1000 997 2776
f 1004 2776 2780
f 1004 1000 2776
f 1007 2780 2783
f 1007 2783 2788
f 1007 1004 2780
f 1012 1007 2788
f 1015 2788 2791
f 1015 1012 2788
f 1018 2791 2794
f 1018 1015 2791
f 1021 2794 2797
f 1021 1018 2794
f 1025 2797 2801
f 1025 1021 2797
f 1028 2801 2804
f 1028 1025 2801
f 1629 1028 2804
f 1629 2804 3405
f 634 655 2410
f 2410 655 2431
f 2431 893 2670
f 2670 893 2666
f 655 893 2431
f 893 890 2666
f 2666 885 2662
f 2662 885 2655
f 890 885 2666
f 885 879 2655
f 2655 875 2651
f 879 875 2655
f 2651 871 2647
f 2647 871 2643
f 875 871 2651
f 871 867 2643
f 2643 862 2639
f 2639 862 2635
f 867 862 2643
f 862 858 2635
f 2635 855 2631
f 2631 855 2627
f 858 855 2635
f 855 850 2627
f 2627 847 2623
f 850 847 2627
f 2623 410 2186
f 2186 410 2184
f 847 410 2623
f 2184 408 2182
f 410 408 2184
f 408 406 2182
f 406 404 2182
f 2182 404 2180
f 2180 402 2178
f 404 402 2180
f 402 400 2178
f 2178 400 2176
f 400 398 2176
f 2176 398 2174
f 398 396 2174
f 2174 396 2172
f 396 394 2172
f 2172 394 2170
f 394 392 2170
f 2170 392 2168
f 2168 390 2166
f 392 390 2168
f 2166 388 2164
f 390 388 2166
f 2164 386 2162
f 2162 386 2160
f 388 386 2164
f 386 384 2160
f 2160 382 2158
f 2158 382 2155
f 384 382 2160
f 382 380 2155
f 2155 377 2153
f 380 377 2155
f 2153 375 2151
f 2151 375 2142
f 377 375 2153
f 375 366 2142
f 2142 362 2138
f 366 362 2142
f 2138 358 2134
f 362 358 2138
f 2134 354 2130
f 358 354 2134
f 2130 350 2126
f 354 350 2130
f 2126 346 2122
f 350 346 2126
f 2122 341 2117
f 2117 341 2113
f 346 341 2122
f 341 337 2113
f 2113 332 2108
f 337 332 2113
f 2108 328 2104
f 332 328 2108
f 2104 324 2100
f 328 324 2104
f 324 320 2100
f 2100 320 2096
f 320 316 2096
f 2096 316 2092
f 316 312 2092
f 2092 312 2088
f 2088 312 2083
f 312 308 2083
f 308 303 2083
f 2083 303 2078
f 303 306 2078
f 2078 306 2081
f 306 310 2081
f 2081 310 2086
f 310 314 2086
f 2086 314 2090
f 2090 314 2094
f 314 318 2094
f 318 322 2094
f 2094 322 2098
f 2098 322 2102
f 322 326 2102
f 326 330 2102
f 2102 330 2106
f 330 335 2106
f 2106 335 2110
f 335 340 2110
f 2110 340 2115
f 2115 345 2120
f 2120 345 2124
f 340 345 2115
f 345 349 2124
f 2124 353 2128
f 349 353 2124
f 2128 357 2132
f 2132 357 2136
f 353 357 2128
f 2136 361 2140
f 357 361 2136
f 361 365 2140
f 2140 369 2144
f 365 369 2140
f 650 634 2425
f 2425 634 2410
f 369 608 2144
f 2144 608 2383
f 608 794 2383
f 2383 794 2570
f 2570 795 2571
f 2571 795 2572
f 794 795 2570
f 795 796 2572
f 2572 797 2573
f 2573 797 2574
f 796 797 2572
f 797 798 2574
f 2574 799 2575
f 798 799 2574
f 2575 800 2576
f 2576 800 2577
f 799 800 2575
f 800 801 2577
f 2577 802 2578
f 2578 802 2579
f 801 802 2577
f 802 803 2579
f 2579 804 2580
f 2580 804 2581
f 803 804 2579
f 804 805 2581
f 2581 806 2582
f 805 806 2581
f 2582 807 2583
f 2583 807 2584
f 806 807 2582
f 2584 808 2585
f 807 808 2584
f 808 809 2585
f 809 810 2585
f 2585 810 2586
f 2586 811 2587
f 810 811 2586
f 811 812 2587
f 2587 812 2588
f 812 969 2588
f 2588 969 2745
f 969 962 2745
f 2745 962 2738
f 962 956 2738
f 2738 956 2733
f 956 949 2733
f 2733 949 2726
f 2726 943 2720
f 949 943 2726
f 2720 937 2714
f 943 937 2720
f 2714 773 2550
f 2550 773 2547
f 937 773 2714
f 773 770 2547
f 2547 768 2544
f 2544 768 2541
f 770 768 2547
f 768 765 2541
f 2541 762 2538
f 765 762 2541
f 2538 758 2535
f 2535 758 2532
f 762 758 2538
f 758 755 2532
f 2532 753 2529
f 755 753 2532
f 2529 749 2526
f 753 749 2529
f 2526 747 2523
f 749 747 2526
f 2523 742 2519
f 747 742 2523
f 2519 738 2514
f 742 738 2519
f 2514 739 2515
f 2515 739 2510
f 738 739 2514
f 739 734 2510
f 2510 729 2506
f 734 729 2510
f 2506 726 2502
f 729 726 2506
f 2502 721 2497
f 726 721 2502
f 721 717 2497
f 2497 717 2493
f 717 713 2493
f 2493 713 2490
f 713 710 2490
f 2490 710 2486
f 2486 710 2482
f 710 706 2482
f 706 702 2482
f 2482 702 2478
f 702 698 2478
f 2478 698 2474
f 698 694 2474
f 2474 694 2470
f 694 689 2470
f 2470 689 2465
f 2465 689 2466
f 689 690 2466
f 690 685 2466
f 2466 685 2461
f 2461 685 2458
f 685 681 2458
f 681 683 2458
f 2458 683 2459
f 683 687 2459
f 2459 687 2463
f 687 692 2463
f 2463 692 2468
f 2468 696 2472
f 2472 696 2476
f 692 696 2468
f 696 700 2476
f 2476 704 2480
f 700 704 2476
f 2480 708 2484
f 2484 708 2488
f 704 708 2480
f 2488 712 2455
f 708 712 2488
f 712 679 2455
f 2455 650 2425
f 679 650 2455
f 1308 1306 3083
f 1308 3083 3084
f 1313 3084 3089
f 1313 3089 3092
f 1313 1308 3084
f 1315 1313 3092
f 1319 3092 3095
f 1319 3095 2846
f 1319 1315 3092
f 1070 1319 2846
f 1068 2846 2844
f 1068 1070 2846
f 1067 2844 2843
f 1067 2843 2840
f 1067 1068 2844
f 1064 1067 2840
f 1063 2840 2839
f 1063 2839 2837
f 1063 1064 2840
f 1061 1063 2837
f 1059 1061 2837
f 1059 2837 2835
f 1059 2835 2833
f 1057 1059 2833
f 1055 1057 2833
f 1055 2833 2831
f 1053 1055 2831
f 1053 2831 2829
f 1053 2829 2826
f 1050 2826 2825
f 1050 1053 2826
f 1049 1050 2825
f 1047 2825 2823
f 1047 1049 2825
f 1045 2823 2821
f 1045 1047 2823
f 1042 2821 2818
f 1042 1045 2821
f 1040 2818 2816
f 1040 1042 2818
f 1038 2816 2815
f 1038 1040 2816
f 1036 2815 2812
f 1036 1038 2815
f 1034 2812 2811
f 1034 1036 2812
f 1033 2811 2809
f 1033 1034 2811
f 1030 2809 2806
f 1030 1033 2809
f 1024 2806 2800
f 1024 2800 2787
f 1024 1030 2806
f 1011 1024 2787
f 1009 2787 2786
f 1009 2786 2779
f 1009 1011 2787
f 1003 1009 2779
f 996 2779 2772
f 996 1003 2779
f 989 2772 2765
f 989 2765 2760
f 989 996 2772
f 984 989 2760
f 977 2760 2753
f 977 984 2760
f 967 2753 2743
f 967 977 2753
f 965 2743 2742
f 965 967 2743
f 953 2742 2729
f 953 965 2742
f 952 2729 2728
f 952 953 2729
f 942 952 2728
f 942 2728 2718
f 942 2718 2711
f 935 942 2711
f 933 935 2711
f 933 2711 2710
f 924 933 2710
f 924 2710 2700
f 923 924 2700
f 923 2700 2699
f 912 923 2699
f 912 2699 2688
f 907 912 2688
f 907 2688 2683
f 905 907 2683
f 905 2683 2682
f 905 2682 2678
f 902 905 2678
f 899 902 2678
f 899 2678 2675
f 897 2675 2674
f 897 899 2675
f 904 2674 2680
f 904 897 2674
f 909 2680 2686
f 909 2686 2690
f 909 904 2680
f 913 909 2690
f 919 2690 2695
f 919 2695 2696
f 919 913 2690
f 920 919 2696
f 774 2696 2549
f 774 920 2696
f 771 2549 2546
f 771 774 2549
f 767 2546 2543
f 767 771 2546
f 764 2543 2540
f 764 2540 2537
f 764 767 2543
f 761 764 2537
f 759 2537 2534
f 759 761 2537
f 756 2534 2531
f 756 2531 2528
f 756 759 2534
f 752 2528 2525
f 752 756 2528
f 750 752 2525
f 750 2525 2522
f 746 750 2522
f 746 2522 2518
f 743 746 2518
f 737 743 2518
f 737 2518 2513
f 737 2513 2509
f 733 737 2509
f 733 2509 2505
f 730 733 2505
f 725 730 2505
f 725 2505 2501
f 720 725 2501
f 720 2501 2496
f 720 2496 2492
f 716 720 2492
f 714 716 2492
f 714 2492 2489
f 709 714 2489
f 709 2489 2485
f 705 709 2485
f 705 2485 2481
f 701 705 2481
f 701 2481 2477
f 697 701 2477
f 697 2477 2473
f 693 697 2473
f 693 2473 2469
f 688 693 2469
f 688 2469 2464
f 684 688 2464
f 684 2464 2460
f 682 684 2460
f 682 2460 2457
f 686 682 2457
f 686 2457 2462
f 691 686 2462
f 691 2462 2467
f 695 691 2467
f 695 2467 2471
f 699 2471 2475
f 699 695 2471
f 699 2475 2479
f 703 699 2479
f 707 2479 2483
f 707 703 2479
f 711 2483 2487
f 711 2487 2491
f 711 707 2483
f 715 711 2491
f 718 715 2491
f 718 2491 2494
f 722 718 2494
f 722 2494 2498
f 727 722 2498
f 727 2498 2503
f 727 2503 2507
f 731 727 2507
f 731 2507 2511
f 735 731 2511
f 740 735 2511
f 740 2511 2516
f 740 2516 2520
f 744 740 2520
f 748 744 2520
f 748 2520 2524
f 751 748 2524
f 751 2524 2527
f 754 751 2527
f 754 2527 2530
f 757 754 2530
f 757 2530 2533
f 760 757 2533
f 760 2533 2536
f 763 2536 2539
f 763 760 2536
f 766 2539 2542
f 766 763 2539
f 769 2542 2545
f 769 2545 2548
f 769 766 2542
f 772 2548 2551
f 772 769 2548
f 775 2551 2552
f 775 772 2551
f 776 775 2552
f 777 2552 2553
f 777 776 2552
f 778 2553 2554
f 778 777 2553
f 779 2554 2555
f 779 778 2554
f 780 2555 2556
f 780 779 2555
f 781 2556 2557
f 781 780 2556
f 782 2557 2558
f 782 2558 2559
f 782 781 2557
f 783 782 2559
f 784 783 2559
f 784 2559 2560
f 784 2560 2561
f 785 784 2561
f 786 785 2561
f 786 2561 2562
f 787 786 2562
f 787 2562 2563
f 787 2563 2564
f 788 787 2564
f 1284 2564 3061
f 1284 788 2564
f 1286 3061 3063
f 1286 3063 3065
f 1286 1284 3061
f 1288 1286 3065
f 1291 3065 3067
f 1291 1288 3065
f 1292 3067 3069
f 1292 1291 3067
f 1297 3069 3074
f 1297 1292 3069
f 1299 3074 3075
f 1299 1297 3074
f 1303 3075 3080
f 1303 1299 3075
f 1306 1303 3080
f 1306 3080 3083
f 1412 1414 3190
f 1412 3190 3189
f 1417 3189 3194
f 1417 3194 3201
f 1417 1412 3189
f 1424 1417 3201
f 1429 3201 3206
f 1429 3206 3207
f 1429 1424 3201
f 1431 1429 3207
f 1436 3207 3213
f 1436 1431 3207
f 1438 3213 3214
f 1438 3214 3240
f 1438 1436 3213
f 1463 1438 3240
f 1487 3240 3264
f 1487 3264 3265
f 1487 1463 3240
f 1489 1487 3265
f 1196 1489 3265
f 1196 3265 2972
f 1196 2972 2970
f 1194 1196 2970
f 1192 1194 2970
f 1192 2970 2968
f 1190 1192 2968
f 1190 2968 2966
f 1190 2966 2964
f 1188 2964 2962
f 1188 1190 2964
f 1186 1188 2962
f 1184 2962 2960
f 1184 1186 2962
f 1182 2960 2958
f 1182 1184 2960
f 1180 2958 2956
f 1180 1182 2958
f 1178 2956 2954
f 1178 1180 2956
f 1175 2954 2951
f 1175 1178 2954
f 1173 2951 2949
f 1173 1175 2951
f 1171 2949 2947
f 1171 1173 2949
f 1169 2947 2945
f 1169 1171 2947
f 1167 2945 2943
f 1167 1169 2945
f 1164 2943 2940
f 1164 2940 2937
f 1164 1167 2943
f 1161 1164 2937
f 1156 2937 2932
f 1156 2932 2929
f 1156 1161 2937
f 1153 1156 2929
f 1150 2929 2926
f 1150 1153 2929
f 1147 2926 2923
f 1147 2923 2920
f 1147 1150 2926
f 1144 1147 2920
f 1139 2920 2915
f 1139 1144 2920
f 1136 2915 2912
f 1136 1139 2915
f 1133 2912 2909
f 1133 1136 2912
f 1130 2909 2906
f 1130 1133 2909
f 1127 2906 2903
f 1127 1130 2906
f 1124 1127 2903
f 1124 2903 2900
f 1124 2900 2895
f 1119 1124 2895
f 1116 1119 2895
f 1116 2895 2892
f 1113 1116 2892
f 1113 2892 2889
f 1110 1113 2889
f 1110 2889 2886
f 1107 1110 2886
f 1107 2886 2883
f 1102 1107 2883
f 1102 2883 2878
f 1099 1102 2878
f 1099 2878 2875
f 1099 2875 2872
f 1096 1099 2872
f 1093 1096 2872
f 1093 2872 2869
f 1090 2869 2866
f 1090 1093 2869
f 1087 2866 2863
f 1087 1090 2866
f 1084 2863 2860
f 1084 2860 2854
f 1084 1087 2863
f 1078 1084 2854
f 1074 2854 2850
f 1074 2850 2849
f 1074 1078 2854
f 1072 1074 2849
f 1076 2849 2852
f 1076 1072 2849
f 1080 2852 2856
f 1080 1076 2852
f 1031 2856 2807
f 1031 1080 2856
f 1027 2807 2803
f 1027 2803 2796
f 1027 1031 2807
f 1020 1027 2796
f 1014 2796 2790
f 1014 1020 2796
f 1006 2790 2782
f 1006 2782 2775
f 1006 1014 2790
f 999 2775 2768
f 999 1006 2775
f 992 999 2768
f 992 2768 2763
f 987 992 2763
f 987 2763 2756
f 980 987 2756
f 975 980 2756
f 975 2756 2751
f 975 2751 2744
f 968 975 2744
f 968 2744 2737
f 961 968 2737
f 957 961 2737
f 957 2737 2732
f 950 957 2732
f 950 2732 2725
f 950 2725 2719
f 944 950 2719
f 938 944 2719
f 938 2719 2713
f 930 938 2713
f 930 2713 2706
f 927 930 2706
f 927 2706 2703
f 918 927 2703
f 918 2703 2694
f 914 918 2694
f 914 2694 2689
f 910 914 2689
f 910 2689 2685
f 903 910 2685
f 903 2685 2679
f 898 903 2679
f 898 2679 2673
f 900 898 2673
f 900 2673 2676
f 901 900 2676
f 901 2676 2677
f 906 901 2677
f 906 2677 2681
f 911 906 2681
f 911 2681 2687
f 917 2687 2693
f 917 911 2687
f 917 2693 2698
f 922 917 2698
f 928 2698 2704
f 928 922 2698
f 934 2704 2709
f 934 2709 2717
f 934 928 2704
f 941 934 2717
f 946 941 2717
f 946 2717 2722
f 951 946 2722
f 951 2722 2727
f 960 951 2727
f 960 2727 2736
f 960 2736 2741
f 966 960 2741
f 966 2741 2748
f 972 966 2748
f 976 972 2748
f 976 2748 2752
f 976 2752 2759
f 983 976 2759
f 988 983 2759
f 988 2759 2764
f 995 988 2764
f 995 2764 2771
f 1002 995 2771
f 1002 2771 2778
f 1010 1002 2778
f 1010 2778 2785
f 1017 1010 2785
f 1017 2785 2793
f 1023 2793 2799
f 1023 1017 2793
f 1029 2799 2805
f 1029 1023 2799
f 1032 2805 2808
f 1032 2808 2810
f 1032 1029 2805
f 1035 2810 2813
f 1035 1032 2810
f 1037 2813 2814
f 1037 1035 2813
f 1039 1037 2814
f 1041 2814 2817
f 1041 1039 2814
f 1043 2817 2819
f 1043 1041 2817
f 1044 2819 2820
f 1044 1043 2819
f 1046 2820 2822
f 1046 1044 2820
f 1048 2822 2824
f 1048 1046 2822
f 1051 2824 2827
f 1051 2827 2828
f 1051 1048 2824
f 1052 1051 2828
f 1054 1052 2828
f 1054 2828 2830
f 1054 2830 2832
f 1056 1054 2832
f 1058 1056 2832
f 1058 2832 2834
f 1060 1058 2834
f 1060 2834 2836
f 1060 2836 2838
f 1062 1060 2838
f 1065 2838 2841
f 1065 1062 2838
f 1066 2841 2842
f 1066 2842 2845
f 1066 1065 2841
f 1069 1066 2845
f 1071 2845 2847
f 1071 1069 2845
f 1396 2847 3173
f 1396 1071 2847
f 1401 3173 3178
f 1401 1396 3173
f 1403 3178 3179
f 1403 1401 3178
f 1410 3179 3186
f 1410 1403 3179
f 1414 1410 3186
f 1414 3186 3190
f 1532 1195 2971
f 1532 2971 3309
f 1534 3309 3310
f 1534 3310 3322
f 1534 1532 3309
f 1546 1534 3322
f 1561 3322 3337
f 1561 3337 3347
f 1561 1546 3322
f 1570 1561 3347
f 1582 3347 3359
f 1582 1570 3347
f 1594 3359 3370
f 1594 3370 3383
f 1594 1582 3359
f 1607 1594 3383
f 1618 3383 3394
f 1618 3394 3508
f 1618 1607 3383
f 1732 1618 3508
f 1733 1732 3508
f 1733 3508 3509
f 1733 3509 3510
f 1734 1733 3510
f 1735 1734 3510
f 1735 3510 3511
f 1672 1735 3511
f 1672 3511 3448
f 1672 3448 3447
f 1671 3447 2975
f 1671 1672 3447
f 1199 1671 2975
f 1197 2975 2974
f 1197 1199 2975
f 1200 2974 2976
f 1200 1197 2974
f 1201 2976 2977
f 1201 1200 2976
f 1202 2977 2978
f 1202 1201 2977
f 1203 2978 2979
f 1203 1202 2978
f 1204 2979 2980
f 1204 1203 2979
f 1205 2980 2981
f 1205 1204 2980
f 1206 2981 2982
f 1206 1205 2981
f 1207 2982 2983
f 1207 1206 2982
f 1208 2983 2984
f 1208 2984 2985
f 1208 1207 2983
f 1209 1208 2985
f 1210 2985 2986
f 1210 2986 2987
f 1210 1209 2985
f 1211 1210 2987
f 1212 2987 2988
f 1212 1211 2987
f 1213 2988 2989
f 1213 2989 2990
f 1213 1212 2988
f 1214 1213 2990
f 1215 2990 2991
f 1215 1214 2990
f 1216 2991 2992
f 1216 1215 2991
f 1217 2992 2993
f 1217 1216 2992
f 1218 2993 2994
f 1218 1217 2993
f 1219 2994 2995
f 1219 1218 2994
f 1220 1219 2995
f 1220 2995 2996
f 1220 2996 2997
f 1221 1220 2997
f 1222 1221 2997
f 1222 2997 2998
f 1223 1222 2998
f 1223 2998 2999
f 1224 1223 2999
f 1224 2999 3000
f 1225 1224 3000
f 1225 3000 3001
f 1226 1225 3001
f 1226 3001 3002
f 1227 1226 3002
f 1227 3002 3003
f 1227 3003 3004
f 1228 1227 3004
f 1165 1228 3004
f 1165 3004 2941
f 1162 2941 2938
f 1162 1165 2941
f 1159 2938 2935
f 1159 1162 2938
f 1157 2935 2933
f 1157 2933 2930
f 1157 1159 2935
f 1154 1157 2930
f 1151 2930 2927
f 1151 2927 2924
f 1151 1154 2930
f 1148 1151 2924
f 1145 2924 2921
f 1145 1148 2924
f 1142 2921 2918
f 1142 1145 2921
f 1140 2918 2916
f 1140 1142 2918
f 1137 2916 2913
f 1137 2913 2910
f 1137 1140 2916
f 1134 1137 2910
f 1131 2910 2907
f 1131 1134 2910
f 1128 2907 2904
f 1128 2904 2901
f 1128 1131 2907
f 1125 2901 2898
f 1125 1128 2901
f 1122 1125 2898
f 1122 2898 2896
f 1120 1122 2896
f 1120 2896 2893
f 1117 1120 2893
f 1114 1117 2893
f 1114 2893 2890
f 1114 2890 2887
f 1111 1114 2887
f 1111 2887 2884
f 1108 1111 2884
f 1105 1108 2884
f 1105 2884 2881
f 1103 1105 2881
f 1103 2881 2879
f 1103 2879 2876
f 1100 1103 2876
f 1097 1100 2876
f 1097 2876 2873
f 1094 1097 2873
f 1094 2873 2870
f 1091 1094 2870
f 1091 2870 2867
f 1088 1091 2867
f 1088 2867 2864
f 1085 1088 2864
f 1085 2864 2861
f 1082 1085 2861
f 1082 2861 2858
f 1079 1082 2858
f 1079 2858 2855
f 1075 1079 2855
f 1075 2855 2851
f 1073 1075 2851
f 1073 2851 2848
f 1077 1073 2848
f 1077 2848 2853
f 1081 1077 2853
f 1081 2853 2857
f 1083 1081 2857
f 1083 2857 2859
f 1086 2859 2862
f 1086 1083 2859
f 1086 2862 2865
f 1089 1086 2865
f 1092 2865 2868
f 1092 1089 2865
f 1095 2868 2871
f 1095 2871 2874
f 1095 1092 2868
f 1098 1095 2874
f 1101 1098 2874
f 1101 2874 2877
f 1104 1101 2877
f 1104 2877 2880
f 1106 1104 2880
f 1106 2880 2882
f 1106 2882 2885
f 1109 1106 2885
f 1109 2885 2888
f 1112 1109 2888
f 1115 1112 2888
f 1115 2888 2891
f 1115 2891 2894
f 1118 1115 2894
f 1121 1118 2894
f 1121 2894 2897
f 1123 1121 2897
f 1123 2897 2899
f 1126 1123 2899
f 1126 2899 2902
f 1129 1126 2902
f 1129 2902 2905
f 1132 1129 2905
f 1132 2905 2908
f 1135 2908 2911
f 1135 1132 2908
f 1138 2911 2914
f 1138 1135 2911
f 1141 2914 2917
f 1141 2917 2919
f 1141 1138 2914
f 1143 2919 2922
f 1143 1141 2919
f 1146 2922 2925
f 1146 1143 2922
f 1149 1146 2925
f 1152 2925 2928
f 1152 1149 2925
f 1155 2928 2931
f 1155 1152 2928
f 1158 2931 2934
f 1158 1155 2931
f 1160 2934 2936
f 1160 1158 2934
f 1163 2936 2939
f 1163 1160 2936
f 1166 2939 2942
f 1166 2942 2944
f 1166 1163 2939
f 1168 1166 2944
f 1170 1168 2944
f 1170 2944 2946
f 1170 2946 2948
f 1172 1170 2948
f 1174 1172 2948
f 1174 2948 2950
f 1176 1174 2950
f 1176 2950 2952
f 1176 2952 2953
f 1177 1176 2953
f 1179 2953 2955
f 1179 1177 2953
f 1181 2955 2957
f 1181 2957 2959
f 1181 1179 2955
f 1183 1181 2959
f 1185 2959 2961
f 1185 1183 2959
f 1187 2961 2963
f 1187 1185 2961
f 1189 2963 2965
f 1189 1187 2963
f 1191 2965 2967
f 1191 1189 2965
f 1193 2967 2969
f 1193 1191 2967
f 1195 1193 2969
f 1195 2969 2971
f 1230 654 2430
f 1230 2430 3005
f 741 745 2521
f 741 2521 2517
f 736 2517 2512
f 736 2512 2508
f 736 741 2517
f 732 736 2508
f 728 2508 2504
f 728 2504 2500
f 728 732 2508
f 724 728 2500
f 723 2500 2499
f 723 724 2500
f 719 2499 2495
f 719 2495 2456
f 719 723 2499
f 680 719 2456
f 678 2456 2454
f 678 2454 2453
f 678 680 2456
f 677 678 2453
f 676 2453 2452
f 676 2452 2451
f 676 677 2453
f 675 676 2451
f 674 2451 2450
f 674 675 2451
f 673 2450 2449
f 673 2449 2448
f 673 674 2450
f 672 2448 2447
f 672 673 2448
f 671 672 2447
f 670 671 2447
f 670 2447 2446
f 669 2446 2445
f 669 670 2446
f 668 669 2445
f 668 2445 2444
f 667 668 2444
f 667 2444 2443
f 666 667 2443
f 666 2443 2442
f 665 666 2442
f 665 2442 2441
f 664 665 2441
f 664 2441 2440
f 663 2440 2439
f 663 664 2440
f 662 2439 2438
f 662 663 2439
f 661 2438 2437
f 661 2437 2436
f 661 662 2438
f 660 661 2436
f 659 2436 2435
f 659 2435 2434
f 659 660 2436
f 658 659 2434
f 657 2434 2433
f 657 658 2434
f 656 2433 2432
f 656 2432 2427
f 656 657 2433
f 651 656 2427
f 649 2427 2426
f 649 651 2427
f 652 2426 2428
f 652 649 2426
f 653 2428 2429
f 653 652 2428
f 1759 2429 3535
f 1759 653 2429
f 1760 3535 3536
f 1760 1759 3535
f 1761 3536 3537
f 1761 3537 3538
f 1761 1760 3536
f 1762 1761 3538
f 1763 3538 3539
f 1763 1762 3538
f 1764 3539 3540
f 1764 1763 3539
f 1765 3540 3541
f 1765 1764 3540
f 1766 1765 3541
f 1766 3541 3542
f 1767 1766 3542
f 1767 3542 3543
f 1768 1767 3543
f 1768 3543 3544
f 1768 3544 3545
f 1769 1768 3545
f 632 1769 3545
f 632 3545 2409
f 633 632 2409
f 633 2409 2408
f 635 633 2408
f 635 2408 2411
f 636 635 2411
f 636 2411 2412
f 636 2412 2413
f 637 636 2413
f 638 637 2413
f 638 2413 2414
f 638 2414 2415
f 639 638 2415
f 640 639 2415
f 640 2415 2416
f 641 640 2416
f 641 2416 2417
f 642 641 2417
f 642 2417 2418
f 643 2418 2419
f 643 2419 2420
f 643 642 2418
f 644 643 2420
f 645 2420 2421
f 645 644 2420
f 646 2421 2422
f 646 2422 2423
f 646 645 2421
f 647 2423 2424
f 647 646 2423
f 648 647 2424
f 654 2424 2430
f 654 648 2424
f 1250 1230 3005
f 1250 3005 3026
f 1252 3026 3028
f 1252 3028 3030
f 1252 1250 3026
f 1254 1252 3030
f 1256 3030 3032
f 1256 3032 3034
f 1256 1254 3030
f 1258 1256 3034
f 1260 3034 3036
f 1260 1258 3034
f 1262 3036 3038
f 1262 3038 3040
f 1262 1260 3036
f 1264 1262 3040
f 1266 3040 3042
f 1266 3042 3045
f 1266 1264 3040
f 1269 1266 3045
f 1271 3045 3047
f 1271 3047 3049
f 1271 1269 3045
f 1273 1271 3049
f 1275 3049 3051
f 1275 1273 3049
f 1277 3051 3053
f 1277 3053 3055
f 1277 1275 3051
f 1279 3055 3301
f 1279 1277 3055
f 1525 1279 3301
f 1521 1525 3301
f 1521 3301 3297
f 1516 3297 3292
f 1516 1521 3297
f 1510 1516 3292
f 1510 3292 3286
f 1506 1510 3286
f 1506 3286 3282
f 1502 1506 3282
f 1502 3282 3278
f 1495 1502 3278
f 1495 3278 3271
f 1491 1495 3271
f 1491 3271 3267
f 1484 3267 3260
f 1484 1491 3267
f 1476 3260 3252
f 1476 1484 3260
f 1472 3252 3248
f 1472 3248 3244
f 1472 1476 3252
f 1468 1472 3244
f 1462 3244 3238
f 1462 3238 3235
f 1462 1468 3244
f 1459 1462 3235
f 1455 3235 3231
f 1455 1459 3235
f 1451 3231 3227
f 1451 3227 3223
f 1451 1455 3231
f 1447 1451 3223
f 1445 3223 3222
f 1445 1447 3223
f 1448 3222 3225
f 1448 1445 3222
f 1452 3225 3229
f 1452 1448 3225
f 1456 3229 3233
f 1456 1452 3229
f 1466 3233 3242
f 1466 1456 3233
f 1469 3242 3246
f 1469 3246 3250
f 1469 1466 3242
f 1474 1469 3250
f 1479 3250 3255
f 1479 1474 3250
f 1482 3255 3258
f 1482 1479 3255
f 1486 3258 3262
f 1486 1482 3258
f 1493 1486 3262
f 1493 3262 3269
f 1500 1493 3269
f 1500 3269 3276
f 1504 1500 3276
f 1504 3276 3280
f 1504 3280 3288
f 1512 1504 3288
f 1518 1512 3288
f 1518 3288 3294
f 1523 1518 3294
f 1523 3294 3299
f 1528 1523 3299
f 1528 3299 3304
f 1531 1528 3304
f 1531 3304 3307
f 1531 3307 3314
f 1538 1531 3314
f 1543 1538 3314
f 1543 3314 3320
f 1543 3320 3326
f 1550 1543 3326
f 1557 1550 3326
f 1557 3326 3333
f 1563 1557 3333
f 1563 3333 3339
f 1350 1563 3339
f 1350 3339 3126
f 1348 3126 3124
f 1348 3124 3122
f 1348 1350 3126
f 1346 1348 3122
f 1344 3122 3120
f 1344 1346 3122
f 1342 3120 3118
f 1342 3118 3117
f 1342 1344 3120
f 1341 3117 3115
f 1341 1342 3117
f 1339 1341 3115
f 1296 3115 3072
f 1296 1339 3115
f 745 1296 3072
f 745 3072 2521
f 1722 1754 3530
f 1722 3530 3498
f 1721 3498 3497
f 1721 3497 3499
f 1721 1722 3498
f 1723 1721 3499
f 1724 3499 3500
f 1724 3500 3501
f 1724 1723 3499
f 1725 1724 3501
f 1726 3501 3502
f 1726 1725 3501
f 1727 3502 3503
f 1727 3503 3504
f 1727 1726 3502
f 1728 1727 3504
f 1729 3504 3505
f 1729 3505 3506
f 1729 1728 3504
f 1730 1729 3506
f 1675 1730 3506
f 1675 3506 3451
f 1675 3451 3450
f 1673 1675 3450
f 1676 1673 3450
f 1676 3450 3452
f 1677 1676 3452
f 1677 3452 3453
f 1677 3453 3454
f 1678 3454 3455
f 1678 1677 3454
f 1679 1678 3455
f 1680 3455 3456
f 1680 1679 3455
f 1681 3456 3457
f 1681 1680 3456
f 1682 3457 3458
f 1682 1681 3457
f 1683 3458 3459
f 1683 1682 3458
f 1684 3459 3460
f 1684 1683 3459
f 1685 3460 3461
f 1685 1684 3460
f 1686 3461 3462
f 1686 1685 3461
f 1687 3462 3463
f 1687 1686 3462
f 1688 3463 3464
f 1688 1687 3463
f 1689 3464 3465
f 1689 3465 3466
f 1689 1688 3464
f 1690 1689 3466
f 1691 3466 3467
f 1691 3467 3468
f 1691 1690 3466
f 1692 1691 3468
f 1693 3468 3469
f 1693 1692 3468
f 1668 3469 3444
f 1668 3444 3442
f 1668 1693 3469
f 1666 1668 3442
f 1664 3442 3440
f 1664 1666 3442
f 1662 3440 3438
f 1662 1664 3440
f 1660 3438 3436
f 1660 1662 3438
f 1658 3436 3435
f 1658 1660 3436
f 1657 3435 3433
f 1657 1658 3435
f 1655 1657 3433
f 1655 3433 3431
f 1655 3431 3421
f 1646 1655 3421
f 1643 1646 3421
f 1643 3421 3419
f 1640 1643 3419
f 1640 3419 3415
f 1637 1640 3415
f 1637 3415 3412
f 1632 1637 3412
f 1632 3412 3407
f 1627 1632 3407
f 1627 3407 3402
f 1620 1627 3402
f 1620 3402 3395
f 1620 3395 3389
f 1613 1620 3389
f 1609 1613 3389
f 1609 3389 3384
f 1602 3384 3378
f 1602 1609 3384
f 1596 3378 3371
f 1596 1602 3378
f 1589 3371 3365
f 1589 3365 3360
f 1589 1596 3371
f 1584 1589 3360
f 1579 3360 3354
f 1579 3354 3348
f 1579 1584 3360
f 1572 1579 3348
f 1567 3348 3343
f 1567 1572 3348
f 1562 3343 3338
f 1562 1567 3343
f 1556 3338 3332
f 1556 1562 3338
f 1549 3332 3325
f 1549 3325 3319
f 1549 1556 3332
f 1544 1549 3319
f 1537 3319 3313
f 1537 1544 3319
f 1530 3313 3306
f 1530 3306 3303
f 1530 1537 3313
f 1527 3303 3298
f 1527 1530 3303
f 1522 1527 3298
f 1522 3298 3293
f 1517 1522 3293
f 1517 3293 3287
f 1511 1517 3287
f 1508 1511 3287
f 1508 3287 3284
f 1508 3284 3279
f 1503 1508 3279
f 1503 3279 3275
f 1499 1503 3275
f 1492 1499 3275
f 1492 3275 3268
f 1485 1492 3268
f 1485 3268 3261
f 1485 3261 3257
f 1481 1485 3257
f 1478 1481 3257
f 1478 3257 3254
f 1473 1478 3254
f 1473 3254 3249
f 1470 1473 3249
f 1470 3249 3245
f 1465 1470 3245
f 1465 3245 3241
f 1460 1465 3241
f 1460 3241 3236
f 1457 1460 3236
f 1457 3236 3232
f 1453 1457 3232
f 1453 3232 3228
f 1449 1453 3228
f 1449 3228 3224
f 1446 1449 3224
f 1446 3224 3221
f 1450 1446 3221
f 1450 3221 3226
f 1454 1450 3226
f 1454 3226 3230
f 1458 1454 3230
f 1458 3230 3234
f 1461 3234 3237
f 1461 1458 3234
f 1461 3237 3243
f 1467 1461 3243
f 1471 3243 3247
f 1471 1467 3243
f 1475 3247 3251
f 1475 3251 3256
f 1475 1471 3247
f 1480 1475 3256
f 1483 1480 3256
f 1483 3256 3259
f 1490 1483 3259
f 1490 3259 3266
f 1494 1490 3266
f 1494 3266 3270
f 1494 3270 3277
f 1501 1494 3277
f 1501 3277 3281
f 1505 1501 3281
f 1509 1505 3281
f 1509 3281 3285
f 1509 3285 3291
f 1515 1509 3291
f 1520 1515 3291
f 1520 3291 3296
f 1524 1520 3296
f 1524 3296 3300
f 1529 1524 3300
f 1529 3300 3305
f 1535 1529 3305
f 1535 3305 3311
f 1541 1535 3311
f 1541 3311 3317
f 1547 3317 3323
f 1547 1541 3317
f 1551 3323 3327
f 1551 1547 3323
f 1558 3327 3334
f 1558 3334 3340
f 1558 1551 3327
f 1564 3340 3344
f 1564 1558 3340
f 1568 3344 3350
f 1568 1564 3344
f 1574 1568 3350
f 1580 3350 3356
f 1580 1574 3350
f 1585 3356 3361
f 1585 1580 3356
f 1591 3361 3367
f 1591 1585 3361
f 1597 3367 3373
f 1597 1591 3367
f 1604 3373 3380
f 1604 1597 3373
f 1610 3380 3386
f 1610 3386 3391
f 1610 1604 3380
f 1615 1610 3391
f 1621 1615 3391
f 1621 3391 3397
f 1621 3397 3404
f 1628 1621 3404
f 1633 1628 3404
f 1633 3404 3409
f 1638 1633 3409
f 1638 3409 3414
f 1638 3414 3417
f 1641 1638 3417
f 1644 3417 3420
f 1644 1641 3417
f 1647 3420 3423
f 1647 3423 3426
f 1647 1644 3420
f 1650 1647 3426
f 1651 3426 3427
f 1651 1650 3426
f 1653 3427 3429
f 1653 1651 3427
f 1757 3429 3533
f 1757 1653 3429
f 1756 3533 3532
f 1756 1757 3533
f 1755 3532 3531
f 1755 1756 3532
f 1754 1755 3531
f 1754 3531 3530
f 1608 1603 3379
f 1608 3379 3385
f 1614 3385 3390
f 1614 3390 3396
f 1614 1608 3385
f 1619 1614 3396
f 1626 3396 3403
f 1626 3403 3408
f 1626 1619 3396
f 1631 1626 3408
f 1636 3408 3413
f 1636 1631 3408
f 1639 3413 3416
f 1639 3416 3422
f 1639 1636 3413
f 1645 1639 3422
f 1648 3422 3425
f 1648 3425 3411
f 1648 1645 3422
f 1635 1648 3411
f 1625 1635 3411
f 1625 3411 3401
f 1625 3401 3400
f 1624 1625 3400
f 1601 1624 3400
f 1601 3400 3377
f 1599 1601 3377
f 1599 3377 3376
f 1599 3376 3364
f 1588 3364 3353
f 1588 1599 3364
f 1577 1588 3353
f 1555 3353 3331
f 1555 1577 3353
f 1554 3331 3330
f 1554 1555 3331
f 1540 3330 3316
f 1540 1554 3330
f 1514 3316 3290
f 1514 1540 3316
f 1498 3290 3274
f 1498 1514 3290
f 1496 3274 3273
f 1496 1498 3274
f 1444 3273 3220
f 1444 1496 3273
f 1441 3220 3217
f 1441 1444 3220
f 1439 3217 3216
f 1439 1441 3217
f 1435 3216 3211
f 1435 3211 3204
f 1435 1439 3216
f 1428 1435 3204
f 1426 3204 3203
f 1426 3203 3199
f 1426 1428 3204
f 1423 1426 3199
f 1420 3199 3196
f 1420 1423 3199
f 1416 3196 3192
f 1416 3192 3184
f 1416 1420 3196
f 1408 1416 3184
f 1407 3184 3183
f 1407 1408 3184
f 1400 3183 3176
f 1400 1407 3183
f 1399 3176 3175
f 1399 1400 3176
f 1393 3175 3169
f 1393 1399 3175
f 1391 3169 3168
f 1391 1393 3169
f 1389 1391 3168
f 1389 3168 3165
f 1389 3165 3157
f 1381 1389 3157
f 1380 1381 3157
f 1380 3157 3156
f 1376 1380 3156
f 1376 3156 3152
f 1372 1376 3152
f 1372 3152 3148
f 1369 1372 3148
f 1369 3148 3145
f 1364 1369 3145
f 1364 3145 3140
f 1360 1364 3140
f 1360 3140 3136
f 1360 3136 3132
f 1356 1360 3132
f 1351 1356 3132
f 1351 3132 3128
f 1354 3128 3130
f 1354 1351 3128
f 1357 3130 3134
f 1357 1354 3130
f 1362 3134 3138
f 1362 3138 3142
f 1362 1357 3134
f 1366 1362 3142
f 1367 3142 3143
f 1367 3143 3150
f 1367 1366 3142
f 1373 1367 3150
f 1378 3150 3154
f 1378 1373 3150
f 1383 3154 3159
f 1383 1378 3154
f 1384 3159 3160
f 1384 1383 3159
f 1387 3160 3163
f 1387 3163 3097
f 1387 1384 3160
f 1321 1387 3097
f 1318 3097 3094
f 1318 1321 3097
f 1316 3094 3091
f 1316 3091 3088
f 1316 1318 3094
f 1312 3088 3086
f 1312 1316 3088
f 1310 1312 3086
f 1310 3086 3082
f 1307 1310 3082
f 1307 3082 3079
f 1304 1307 3079
f 1301 1304 3079
f 1301 3079 3077
f 1301 3077 3073
f 1298 1301 3073
f 1298 3073 3068
f 1293 1298 3068
f 1290 1293 3068
f 1290 3068 3066
f 1289 1290 3066
f 1289 3066 3064
f 1289 3064 3062
f 1287 1289 3062
f 1285 1287 3062
f 1285 3062 3060
f 1283 1285 3060
f 1283 3060 3059
f 1281 1283 3059
f 1281 3059 3057
f 1282 1281 3057
f 1282 3057 3058
f 1784 1282 3058
f 1784 3058 3560
f 1783 1784 3560
f 1783 3560 3559
f 1782 1783 3559
f 1782 3559 3558
f 1781 1782 3558
f 1781 3558 3557
f 1780 1781 3557
f 1780 3557 3556
f 1779 1780 3556
f 1779 3556 3555
f 1778 1779 3555
f 1778 3555 3554
f 1777 1778 3554
f 1777 3554 3553
f 1776 3553 3552
f 1776 1777 3553
f 1776 3552 3551
f 1775 1776 3551
f 1774 3551 3550
f 1774 1775 3551
f 1773 3550 3549
f 1773 3549 3548
f 1773 1774 3550
f 1772 1773 3548
f 1771 1772 3548
f 1771 3548 3547
f 1770 1771 3547
f 1770 3547 3546
f 1294 1770 3546
f 1294 3546 3071
f 1294 3071 3070
f 1295 1294 3070
f 1295 3070 3076
f 1300 1295 3076
f 1302 1300 3076
f 1302 3076 3078
f 1302 3078 3081
f 1305 1302 3081
f 1309 1305 3081
f 1309 3081 3085
f 1311 1309 3085
f 1311 3085 3087
f 1314 1311 3087
f 1314 3087 3090
f 1317 1314 3090
f 1317 3090 3093
f 1320 1317 3093
f 1320 3093 3096
f 1322 3096 3098
f 1322 1320 3096
f 1323 3098 3099
f 1323 1322 3098
f 1324 3099 3100
f 1324 3100 3101
f 1324 1323 3099
f 1325 3101 3102
f 1325 1324 3101
f 1326 3102 3103
f 1326 1325 3102
f 1327 1326 3103
f 1328 3103 3104
f 1328 1327 3103
f 1329 3104 3105
f 1329 1328 3104
f 1330 3105 3106
f 1330 1329 3105
f 1331 3106 3107
f 1331 1330 3106
f 1332 3107 3108
f 1332 1331 3107
f 1333 3108 3109
f 1333 3109 3110
f 1333 1332 3108
f 1334 1333 3110
f 1335 1334 3110
f 1335 3110 3111
f 1335 3111 3112
f 1336 1335 3112
f 1337 1336 3112
f 1337 3112 3113
f 1338 1337 3113
f 1338 3113 3114
f 1338 3114 3116
f 1340 1338 3116
f 1343 3116 3119
f 1343 1340 3116
f 1345 3119 3121
f 1345 3121 3123
f 1345 1343 3119
f 1347 1345 3123
f 1349 3123 3125
f 1349 1347 3123
f 1573 3125 3349
f 1573 1349 3125
f 1578 3349 3355
f 1578 1573 3349
f 1590 3355 3366
f 1590 1578 3355
f 1595 3366 3372
f 1595 1590 3366
f 1603 1595 3372
f 1603 3372 3379
f 1694 1695 3471
f 1694 3471 3470
f 1696 3470 3472
f 1696 3472 3473
f 1696 1694 3470
f 1697 1696 3473
f 1698 3473 3474
f 1698 3474 3475
f 1698 1697 3473
f 1699 1698 3475
f 1700 3475 3476
f 1700 1699 3475
f 1701 3476 3477
f 1701 3477 3478
f 1701 1700 3476
f 1702 1701 3478
f 1703 3478 3479
f 1703 3479 3480
f 1703 1702 3478
f 1704 1703 3480
f 1705 1704 3480
f 1705 3480 3481
f 1705 3481 3482
f 1706 1705 3482
f 1707 1706 3482
f 1707 3482 3483
f 1708 1707 3483
f 1708 3483 3484
f 1708 3484 3485
f 1709 3485 3486
f 1709 1708 3485
f 1710 1709 3486
f 1711 3486 3487
f 1711 1710 3486
f 1712 3487 3488
f 1712 1711 3487
f 1713 3488 3489
f 1713 1712 3488
f 1714 3489 3490
f 1714 1713 3489
f 1715 3490 3491
f 1715 1714 3490
f 1716 3491 3492
f 1716 1715 3491
f 1717 3492 3493
f 1717 1716 3492
f 1718 3493 3494
f 1718 1717 3493
f 1719 3494 3495
f 1719 1718 3494
f 1720 3495 3496
f 1720 3496 3512
f 1720 1719 3495
f 1736 1720 3512
f 1737 3512 3513
f 1737 3513 3514
f 1737 1736 3512
f 1738 1737 3514
f 1739 3514 3515
f 1739 1738 3514
f 1740 3515 3516
f 1740 3516 3517
f 1740 1739 3515
f 1741 1740 3517
f 1742 3517 3518
f 1742 1741 3517
f 1743 3518 3519
f 1743 1742 3518
f 1744 3519 3520
f 1744 1743 3519
f 1745 3520 3521
f 1745 1744 3520
f 1746 3521 3522
f 1746 1745 3521
f 1747 1746 3522
f 1747 3522 3523
f 1747 3523 3524
f 1748 1747 3524
f 1749 1748 3524
f 1749 3524 3525
f 1750 1749 3525
f 1750 3525 3526
f 1751 1750 3526
f 1751 3526 3527
f 1630 1751 3527
f 1630 3527 3406
f 1617 1630 3406
f 1617 3406 3393
f 1606 1617 3393
f 1606 3393 3382
f 1606 3382 3369
f 1593 1606 3369
f 1583 1593 3369
f 1583 3369 3358
f 1571 3358 3346
f 1571 1583 3358
f 1560 3346 3336
f 1560 1571 3346
f 1545 3336 3321
f 1545 3321 3308
f 1545 1560 3336
f 1533 1545 3308
f 1519 3308 3295
f 1519 3295 3283
f 1519 1533 3308
f 1507 1519 3283
f 1488 3283 3263
f 1488 1507 3283
f 1464 3263 3239
f 1464 1488 3263
f 1442 3239 3218
f 1442 1464 3239
f 1437 3218 3212
f 1437 3212 3209
f 1437 1442 3218
f 1433 1437 3209
f 1430 3209 3205
f 1430 1433 3209
f 1425 3205 3200
f 1425 3200 3197
f 1425 1430 3205
f 1421 3197 3193
f 1421 1425 3197
f 1418 1421 3193
f 1418 3193 3188
f 1413 1418 3188
f 1413 3188 3185
f 1409 1413 3185
f 1405 1409 3185
f 1405 3185 3181
f 1405 3181 3177
f 1402 1405 3177
f 1402 3177 3172
f 1397 1402 3172
f 1394 1397 3172
f 1394 3172 3170
f 1390 1394 3170
f 1390 3170 3166
f 1390 3166 3162
f 1386 1390 3162
f 1382 1386 3162
f 1382 3162 3158
f 1377 1382 3158
f 1377 3158 3153
f 1374 1377 3153
f 1374 3153 3149
f 1370 1374 3149
f 1370 3149 3146
f 1365 1370 3146
f 1365 3146 3141
f 1361 1365 3141
f 1361 3141 3137
f 1358 1361 3137
f 1358 3137 3133
f 1352 1358 3133
f 1352 3133 3127
f 1353 1352 3127
f 1353 3127 3129
f 1355 1353 3129
f 1355 3129 3131
f 1359 1355 3131
f 1359 3131 3135
f 1363 1359 3135
f 1363 3135 3139
f 1368 3139 3144
f 1368 1363 3139
f 1368 3144 3147
f 1371 1368 3147
f 1375 3147 3151
f 1375 1371 3147
f 1379 3151 3155
f 1379 3155 3161
f 1379 1375 3151
f 1385 1379 3161
f 1388 1385 3161
f 1388 3161 3164
f 1392 1388 3164
f 1392 3164 3167
f 1395 1392 3167
f 1395 3167 3171
f 1395 3171 3174
f 1398 1395 3174
f 1398 3174 3180
f 1404 1398 3180
f 1406 1404 3180
f 1406 3180 3182
f 1406 3182 3187
f 1411 1406 3187
f 1415 1411 3187
f 1415 3187 3191
f 1419 1415 3191
f 1419 3191 3195
f 1422 1419 3195
f 1422 3195 3198
f 1427 1422 3198
f 1427 3198 3202
f 1432 1427 3202
f 1432 3202 3208
f 1434 3208 3210
f 1434 1432 3208
f 1440 3210 3215
f 1440 1434 3210
f 1443 3215 3219
f 1443 3219 3253
f 1443 1440 3215
f 1477 3253 3272
f 1477 1443 3253
f 1497 3272 3289
f 1497 1477 3272
f 1513 1497 3289
f 1526 3289 3302
f 1526 1513 3289
f 1539 3302 3315
f 1539 1526 3302
f 1553 3315 3329
f 1553 1539 3315
f 1566 3329 3342
f 1566 1553 3329
f 1576 3342 3352
f 1576 1566 3342
f 1587 3352 3363
f 1587 3363 3375
f 1587 1576 3352
f 1600 1587 3375
f 1612 1600 3375
f 1612 3375 3388
f 1612 3388 3399
f 1623 1612 3399
f 1634 1623 3399
f 1634 3399 3410
f 1642 1634 3410
f 1642 3410 3418
f 1642 3418 3424
f 1649 1642 3424
f 1652 3424 3428
f 1652 1649 3424
f 1654 3428 3430
f 1654 3430 3432
f 1654 1652 3428
f 1656 1654 3432
f 1659 3432 3434
f 1659 1656 3432
f 1661 3434 3437
f 1661 1659 3434
f 1663 3437 3439
f 1663 1661 3437
f 1665 3439 3441
f 1665 1663 3439
f 1667 3441 3443
f 1667 1665 3441
f 1695 1667 3443
f 1695 3443 3471
